Playlist ID,Playlist Owner ID,Artist ID,Track ID,Playlist,Artist,Track
37i9dQZF1EQpesGsmIyqcW,spotify,2AfmfGFbe0A0WsTYm0SDTx,4uOBL4DDWWVx4RhYKlPbPC,K-Pop Mix,(G)I-DLE,Queencard
37i9dQZF1EQpesGsmIyqcW,spotify,4GJ6xDCF5jaUqD6avOuQT6,739WUU1tPFLO4x4HJq561K,K-Pop Mix,FIFTY FIFTY,Cupid - Twin Ver.
37i9dQZF1EQpesGsmIyqcW,spotify,2dIgFjalVxs4ThymZ67YCE,79f5CcWzdkkDVD4XAIQgKr,K-Pop Mix,Stray Kids,LALALALA
37i9dQZF1EQpesGsmIyqcW,spotify,6MoXcK2GyGg7FIyxPU5yW6,0jFHMDRXxKaREor3hBEEST,K-Pop Mix,SUNMI,Gashina
37i9dQZF1EQpesGsmIyqcW,spotify,1z4g3DjTBBZKhvAroFlhOM,3CYH422oy1cZNoo0GTG1TK,K-Pop Mix,Red Velvet,Psycho
37i9dQZF1EQpesGsmIyqcW,spotify,6HvZYsbFfjnjFrWF950C9d,5sdQOyqq2IDhvmx2lHOpwd,K-Pop Mix,NewJeans,Super Shy
37i9dQZF1EQpesGsmIyqcW,spotify,2hRQKC0gqlZGPrmUKbcchR,1rp986nzkyAX1wFpxzbwlC,K-Pop Mix,SHINee,Replay
37i9dQZF1EQpesGsmIyqcW,spotify,0qlWcS66ohOIi0M8JZwPft,46WaBBaEHzgbN88Ew0nh50,K-Pop Mix,GFRIEND,MAGO
37i9dQZF1EQpesGsmIyqcW,spotify,3ZZzT0naD25RhY2uZvIKkJ,6mIjJONoUMvGPT9Kzrab3L,K-Pop Mix,EVERGLOW,LA DI DA
37i9dQZF1EQpesGsmIyqcW,spotify,6RKnXXyprPjhBdCvL802Ku,0BhMw9r3eOLMLXRFBLCt6O,K-Pop Mix,I.O.I,Very Very Very
37i9dQZF1EQpesGsmIyqcW,spotify,2AfmfGFbe0A0WsTYm0SDTx,6NnCWIWV740gP7DQ8kqdIE,K-Pop Mix,(G)I-DLE,Nxde
37i9dQZF1EQpesGsmIyqcW,spotify,5BHFSMEjfLVx1JwRWjAOsE,5WrEilrRI5cIW0DxMvQYPZ,K-Pop Mix,SuperM,Jopping
37i9dQZF1EQpesGsmIyqcW,spotify,73B9bjqS2Z5KLXNGqXf64m,52CBUrIdyf8tbZaUY9iawE,K-Pop Mix,Weeekly,After School
37i9dQZF1EQpesGsmIyqcW,spotify,0Sadg1vgvaPqGTOjxu0N6c,2WkPfNd237yc0l5KewCDpp,K-Pop Mix,Girls' Generation,I GOT A BOY
37i9dQZF1EQpesGsmIyqcW,spotify,3cjEqqelV9zb4BYE3qDQ4O,2ujA6F1cpk3m8lsPE5aKua,K-Pop Mix,EXO,The Eve
37i9dQZF1EQpesGsmIyqcW,spotify,2019zR22qK2RBvCqtudBaI,5joNJn9LUvYcamWwa2iYCL,K-Pop Mix,OH MY GIRL,Nonstop
37i9dQZF1EQpesGsmIyqcW,spotify,41MozSoPIsD1dJM0CLPjZF,4Ws314Ylb27BVsvlZOy30C,K-Pop Mix,BLACKPINK,Lovesick Girls
37i9dQZF1EQpesGsmIyqcW,spotify,7t5H3uQv0Zw6cQUnSTF5BB,6SQUopvuZyrWYjYayxxSXl,K-Pop Mix,Brave Girls,Rollin'
37i9dQZF1EQpesGsmIyqcW,spotify,3Nrfpe0tUJi4K4DXYWgMUX,6m1TWFMeon7ai9XLOzdbiR,K-Pop Mix,BTS,FAKE LOVE
37i9dQZF1EQpesGsmIyqcW,spotify,6HvZYsbFfjnjFrWF950C9d,02wk5BttM0QL38ERjLPQJB,K-Pop Mix,NewJeans,Cool With You
37i9dQZF1EQpesGsmIyqcW,spotify,13rF01aOogvnkuQXOlgTW8,2KXEE2MsPZLmT38XiyAOpH,K-Pop Mix,TAEMIN,Criminal
37i9dQZF1EQpesGsmIyqcW,spotify,3cjEqqelV9zb4BYE3qDQ4O,7GbUWl6qLW1gdngbEV2WDJ,K-Pop Mix,EXO,Monster
37i9dQZF1EQpesGsmIyqcW,spotify,6RHTUrRF63xao58xh9FXYJ,2gYj9lubBorOPIVWsTXugG,K-Pop Mix,IVE,After LIKE
37i9dQZF1EQpesGsmIyqcW,spotify,30b9WulBM8sFuBo17nNq9c,4EwNWRBWdZ6bgvxRHlZ8OO,K-Pop Mix,G-DRAGON,CROOKED
37i9dQZF1EQpesGsmIyqcW,spotify,5r1tUTxVSgvBHnoDuDODPH,7G6WuVZuTbF6JcnA9wOvsD,K-Pop Mix,IZ*ONE,Secret Story of the Swan
37i9dQZF1EQpesGsmIyqcW,spotify,2JhAlkmukNvarUpGhTFXUQ,2U6RSyXFnDVNYoD9iUgi09,K-Pop Mix,KARD,Bomb Bomb
37i9dQZF1EQpesGsmIyqcW,spotify,6HvZYsbFfjnjFrWF950C9d,65FftemJ1DbbZ45DUfHJXE,K-Pop Mix,NewJeans,OMG
37i9dQZF1EQpesGsmIyqcW,spotify,5t5FqBwTcgKTaWmfEbwQY9,69WpV0U7OMNFGyq8I63dcC,K-Pop Mix,ENHYPEN,Given-Taken
37i9dQZF1EQpesGsmIyqcW,spotify,0ghlgldX5Dd6720Q3qFyQB,0rhI6gvOeCKA502RdJAbfs,K-Pop Mix,TOMORROW X TOGETHER,Sugar Rush Ride
37i9dQZF1EQpesGsmIyqcW,spotify,13rF01aOogvnkuQXOlgTW8,1cgBWgoL6520lR2QZDzdGN,K-Pop Mix,TAEMIN,MOVE
37i9dQZF1EQpesGsmIyqcW,spotify,2hRQKC0gqlZGPrmUKbcchR,7xAACq6jlGqXw4bNCTYcm6,K-Pop Mix,SHINee,Lucifer
37i9dQZF1EQpesGsmIyqcW,spotify,7nqOGRxlXj7N2JYbgNEjYH,6I2tqFhk8tq69iursYxuxd,K-Pop Mix,SEVENTEEN,HOT
37i9dQZF1EQpesGsmIyqcW,spotify,54gWVQFHf8IIqbjxAoOarN,2Gq8bwrWXzc1gW9g2EnHTh,K-Pop Mix,AOA,Excuse Me
37i9dQZF1EQpesGsmIyqcW,spotify,6HvZYsbFfjnjFrWF950C9d,0a4MMyCrzT0En247IhqZbD,K-Pop Mix,NewJeans,Hype Boy
37i9dQZF1EQpesGsmIyqcW,spotify,5t5FqBwTcgKTaWmfEbwQY9,2YmfV4lAjrAQvuggKCUX6m,K-Pop Mix,ENHYPEN,Sweet Venom
37i9dQZF1EQpesGsmIyqcW,spotify,6nfDaffa50mKtEOwR8g4df,16dL6zhP5MLxEwX8sbqCOa,K-Pop Mix,GOT7,Just Right
37i9dQZF1EQpesGsmIyqcW,spotify,1xs6WFotNQSXweo0GXrS0O,7n2HVHWqFsyAOs5HqmE1Dl,K-Pop Mix,EXID,I Love You
37i9dQZF1EQpesGsmIyqcW,spotify,2PSJ6YriU7JsFucxACpU7Y,4IOxk5ep5ONrdlL0ZIy64v,K-Pop Mix,CHUNG HA,Snapping
37i9dQZF1EQpesGsmIyqcW,spotify,6MoXcK2GyGg7FIyxPU5yW6,5gA9Xn8oPts2aewPgxVkPD,K-Pop Mix,SUNMI,Heroine
37i9dQZF1EQpesGsmIyqcW,spotify,6bwp9ObI8FWvMPCIWVBmhl,0P8lbWigAHXPKxUG60xh79,K-Pop Mix,Red Velvet - IRENE & SEULGI,Naughty
37i9dQZF1EQpesGsmIyqcW,spotify,5t5FqBwTcgKTaWmfEbwQY9,1wcr8DjnN59Awev8nnKpQ4,K-Pop Mix,ENHYPEN,Drunk-Dazed
37i9dQZF1EQpesGsmIyqcW,spotify,3cjEqqelV9zb4BYE3qDQ4O,1kFevEv3s7Gf6o5xSDR5DL,K-Pop Mix,EXO,LOVE ME RIGHT
37i9dQZF1EQpesGsmIyqcW,spotify,3Nrfpe0tUJi4K4DXYWgMUX,5FVbvttjEvQ8r2BgUcJgNg,K-Pop Mix,BTS,Life Goes On
37i9dQZF1EQpesGsmIyqcW,spotify,250b0Wlc5Vk0CoUsaCY84M,2wVDWtLKXunswWecARNILj,K-Pop Mix,JENNIE,SOLO
37i9dQZF1EQpesGsmIyqcW,spotify,1z4g3DjTBBZKhvAroFlhOM,5vCuawHQ8Poch1odz9JDpB,K-Pop Mix,Red Velvet,Ice Cream Cake
37i9dQZF1EQpesGsmIyqcW,spotify,1qBsABYUrxg9afpMtyoFKz,2e3cJdJ8xWwydl8JIYlCqB,K-Pop Mix,WayV,Love Talk - English Version
37i9dQZF1EQpesGsmIyqcW,spotify,6gzXCdfYfFe5XKhPKkYqxV,2VVqxQhALecXvaArlZSVXr,K-Pop Mix,SUPER JUNIOR,Lo Siento
37i9dQZF1EQpesGsmIyqcW,spotify,2019zR22qK2RBvCqtudBaI,3NfgdU9mbIVhcJF3XvC0c9,K-Pop Mix,OH MY GIRL,Dolphin
37i9dQZF1EQpesGsmIyqcW,spotify,3Nrfpe0tUJi4K4DXYWgMUX,3uRLwBjI2TahxslcMTvpFs,K-Pop Mix,BTS,DNA
37i9dQZF1EQpesGsmIyqcW,spotify,6wPBIyIIMxoqgux29bGF8I,1EvB6tE5CHluLZaWm3r0bT,K-Pop Mix,EXO-K,MAMA
37i9dQZF1DX9tPFwDMOaN1,spotify,68KmkJeZGfwe1OUaivBa2L,2KoeSRTm9cRulYnkaEyUaP,K-Pop ON! (온),ATEEZ,Crazy Form
37i9dQZF1DX9tPFwDMOaN1,spotify,3qNVuliS40BLgXGxhdBdqu,2gyCwrOcC6JBoaJ8JGJ7T8,K-Pop ON! (온),TAEYEON,To. X
37i9dQZF1DX9tPFwDMOaN1,spotify,5YaeXxzvqGNBCguELlKo6G,1KkC3Nzxv3OZorm5m1843p,K-Pop ON! (온),DINO,Wait
37i9dQZF1DX9tPFwDMOaN1,spotify,5t5FqBwTcgKTaWmfEbwQY9,2YmfV4lAjrAQvuggKCUX6m,K-Pop ON! (온),ENHYPEN,Sweet Venom
37i9dQZF1DX9tPFwDMOaN1,spotify,1SIocsqdEefUTE6XKGUiVS,3VBj0lzjmhTzVFPEDOjNCG,K-Pop ON! (온),BABYMONSTER,BATTER UP
37i9dQZF1DX9tPFwDMOaN1,spotify,4SpbR6yFEvexJuaBpgAU5p,74X2u8JMVooG2QbjRxXwR8,K-Pop ON! (온),LE SSERAFIM,Perfect Night
37i9dQZF1DX9tPFwDMOaN1,spotify,0CmvFWTX9zmMNCUi6fHtAx,3UQw1V8gM5YihFDcnjNkWN,K-Pop ON! (온),THE BOYZ,WATCH IT
37i9dQZF1DX9tPFwDMOaN1,spotify,6YVMFz59CuY7ngCxTxjpxE,5XWlyfo0kZ8LF7VSyfS4Ew,K-Pop ON! (온),aespa,Drama
37i9dQZF1DX9tPFwDMOaN1,spotify,1slszTGbkp1uNnI6G5uD0X,00Ba2PRFeih7voe93Bf5mk,K-Pop ON! (온),BANG YEDAM,Only One
37i9dQZF1DX9tPFwDMOaN1,spotify,2o8gT0fQmFxGNbowbdgeZe,5izX3yhDZHqQFi8p2m6RHi,K-Pop ON! (온),DPR IAN,Don't Go Insane
37i9dQZF1DX9tPFwDMOaN1,spotify,2dIgFjalVxs4ThymZ67YCE,1OG1NoKpZZLrMqMYCk9m84,K-Pop ON! (온),Stray Kids,LALALALA
37i9dQZF1DX9tPFwDMOaN1,spotify,6HaGTQPmzraVmaVxvz6EUc,0VPFT123HKoQ2J6ipeDcI1,K-Pop ON! (온),Jung Kook,Standing Next to You (Usher Remix)
37i9dQZF1DX9tPFwDMOaN1,spotify,6Xg22wJOAcnvPUfk5WvODH,4loUHO28CuvSbEiZXId1BD,K-Pop ON! (온),JEON SOYEON,NOBODY
37i9dQZF1DX9tPFwDMOaN1,spotify,1z4g3DjTBBZKhvAroFlhOM,68gQG2HpRMxIRom4pCugMq,K-Pop ON! (온),Red Velvet,Chill Kill
37i9dQZF1DX9tPFwDMOaN1,spotify,13rF01aOogvnkuQXOlgTW8,4jMwQaDiDICry8Ia1gFnAn,K-Pop ON! (온),TAEMIN,Guilty
37i9dQZF1DX9tPFwDMOaN1,spotify,6HaGTQPmzraVmaVxvz6EUc,2mHw0KoEyDw8Yaw3yPoke6,K-Pop ON! (온),Jung Kook,3D (Justin Timberlake Remix)
37i9dQZF1DX9tPFwDMOaN1,spotify,4TEK9tIkcoxib4GxT3O4ky,7AGq5qaaF9awHDaKuCvVjj,K-Pop ON! (온),KISS OF LIFE,Bad News
37i9dQZF1DX9tPFwDMOaN1,spotify,7Lq3yAtwi0Z7zpxEwbQQNZ,618OKP1lBkNJL8uZdNSvQE,K-Pop ON! (온),VIVIZ,MANIAC
37i9dQZF1DX9tPFwDMOaN1,spotify,6RHTUrRF63xao58xh9FXYJ,7uyeEbG6hyApgXuEypGcsZ,K-Pop ON! (온),IVE,Baddie
37i9dQZF1DX9tPFwDMOaN1,spotify,6aLdhHUqgdKE86xbtNmY8g,7hYGWflgiI2aa25jOgL6eg,K-Pop ON! (온),Crush,Hmm-cheat
37i9dQZF1DX9tPFwDMOaN1,spotify,7cjg7EkeZy3OI5o9Qthc6n,2qiWQf7ka0C4XoA7JAZ1q5,K-Pop ON! (온),ZEROBASEONE,CRUSH
37i9dQZF1DX9tPFwDMOaN1,spotify,7nqOGRxlXj7N2JYbgNEjYH,4MTNimMDRyFZv37Thcktwa,K-Pop ON! (온),SEVENTEEN,God of Music
37i9dQZF1DX9tPFwDMOaN1,spotify,2AfmfGFbe0A0WsTYm0SDTx,3F2BLyGt6zYLrHYpbdTw5L,K-Pop ON! (온),(G)I-DLE,I Want That
37i9dQZF1DX9tPFwDMOaN1,spotify,6OwKE9Ez6ALxpTaKcT5ayv,1qosh64U6CR5ki1g1Rf2dZ,K-Pop ON! (온),AKMU,Love Lee
37i9dQZF1DX9tPFwDMOaN1,spotify,2jOm3cYujQx6o1dxuiuqaX,2cEwQnP4284g37N6D7ETND,K-Pop ON! (온),RIIZE,Talk Saxy
37i9dQZF1DX9tPFwDMOaN1,spotify,5t5FqBwTcgKTaWmfEbwQY9,7mpdNiaQvygj2rHoxkzMfa,K-Pop ON! (온),ENHYPEN,Bite Me
37i9dQZF1DX9tPFwDMOaN1,spotify,250b0Wlc5Vk0CoUsaCY84M,6gcuJpHu0Ey30D5WR76y98,K-Pop ON! (온),JENNIE,You & Me
37i9dQZF1DX9tPFwDMOaN1,spotify,2AfmfGFbe0A0WsTYm0SDTx,4uOBL4DDWWVx4RhYKlPbPC,K-Pop ON! (온),(G)I-DLE,Queencard
37i9dQZF1DX9tPFwDMOaN1,spotify,7nqOGRxlXj7N2JYbgNEjYH,3AOf6YEpxQ894FmrwI9k96,K-Pop ON! (온),SEVENTEEN,Super
37i9dQZF1DX9tPFwDMOaN1,spotify,2KC9Qb60EaY0kW4eH68vr3,3syxwxJqX5jpgjNYmvzdW6,K-Pop ON! (온),ITZY,CAKE
37i9dQZF1DX9tPFwDMOaN1,spotify,6RHTUrRF63xao58xh9FXYJ,70t7Q6AYG6ZgTYmJWcnkUM,K-Pop ON! (온),IVE,I AM
37i9dQZF1DX9tPFwDMOaN1,spotify,0ghlgldX5Dd6720Q3qFyQB,0ZPjVmof45INEERgYfadtv,K-Pop ON! (온),TOMORROW X TOGETHER,Chasing That Feeling
37i9dQZF1DX9tPFwDMOaN1,spotify,5snNHNlYT2UrtZo5HCJkiw,4yorFTfi9Tay8tG0NNK7vB,K-Pop ON! (온),Epik High,Screen Time (Feat. Hoshi of SEVENTEEN)
37i9dQZF1DX9tPFwDMOaN1,spotify,4SpbR6yFEvexJuaBpgAU5p,51vRumtqbkNW9wrKfESwfu,K-Pop ON! (온),LE SSERAFIM,UNFORGIVEN (feat. Nile Rodgers)
37i9dQZF1DX9tPFwDMOaN1,spotify,4SpbR6yFEvexJuaBpgAU5p,4fsQ0K37TOXa3hEQfjEic1,K-Pop ON! (온),LE SSERAFIM,ANTIFRAGILE
37i9dQZF1DX9tPFwDMOaN1,spotify,7zYj9S9SdIunYCfSm7vzAR,7jzOZuWgZ5gaMet9V5Ix1d,K-Pop ON! (온),JEON SOMI,Fast Forward
37i9dQZF1DX9tPFwDMOaN1,spotify,6HvZYsbFfjnjFrWF950C9d,65FftemJ1DbbZ45DUfHJXE,K-Pop ON! (온),NewJeans,OMG
37i9dQZF1DX9tPFwDMOaN1,spotify,4nvFFLtv7ZqoTr83387uK4,1qRfAvzRIJQodWKBNFAb6C,K-Pop ON! (온),Dynamicduo,"Smoke (Prod. Dynamicduo, Padi)"
37i9dQZF1DX9tPFwDMOaN1,spotify,7bmYpVgQub656uNTu6qGNQ,0pHylQR53epYtRcVIhUSCh,K-Pop ON! (온),HWASA,I Love My Body
37i9dQZF1DX9tPFwDMOaN1,spotify,6YVMFz59CuY7ngCxTxjpxE,1ULdASrNy5rurl1TZfFaMP,K-Pop ON! (온),aespa,Spicy
37i9dQZF1DX9tPFwDMOaN1,spotify,7f4ignuCJhLXfZ9giKT7rH,5EtiQveQFQy0R05hLVDyKv,K-Pop ON! (온),NCT 127,Fact Check
37i9dQZF1DX9tPFwDMOaN1,spotify,6HvZYsbFfjnjFrWF950C9d,5sdQOyqq2IDhvmx2lHOpwd,K-Pop ON! (온),NewJeans,Super Shy
37i9dQZF1DX9tPFwDMOaN1,spotify,6RHTUrRF63xao58xh9FXYJ,3G7MgLuWLzUJQflWOCDZit,K-Pop ON! (온),IVE,Off The Record
37i9dQZF1DX9tPFwDMOaN1,spotify,2dIgFjalVxs4ThymZ67YCE,3gTQwwDNJ42CCLo3Sf4JDd,K-Pop ON! (온),Stray Kids,S-Class
37i9dQZF1DX9tPFwDMOaN1,spotify,6YVMFz59CuY7ngCxTxjpxE,6zZWoHlF2zNSLUNLvx4GUl,K-Pop ON! (온),aespa,Better Things
37i9dQZF1DX9tPFwDMOaN1,spotify,2jOm3cYujQx6o1dxuiuqaX,4H65EdACzwqV8sTt3dDyA0,K-Pop ON! (온),RIIZE,Get A Guitar
37i9dQZF1DX9tPFwDMOaN1,spotify,2AfmfGFbe0A0WsTYm0SDTx,6SePnvTZkIXZznc8Ftc6vM,K-Pop ON! (온),(G)I-DLE,I DO
37i9dQZF1DX9tPFwDMOaN1,spotify,47mIJdHORyRerp4os813jD,210JJAa9nJOgNa0YNrsT5g,K-Pop ON! (온),League of Legends,GODS
37i9dQZF1DX9tPFwDMOaN1,spotify,0ghlgldX5Dd6720Q3qFyQB,6uTPA1xlcsk6dbchB2dhzl,K-Pop ON! (온),TOMORROW X TOGETHER,Back for More (with Anitta)
37i9dQZF1DX9tPFwDMOaN1,spotify,7bmYpVgQub656uNTu6qGNQ,253P6uwLnelVQ6MdwXMIJk,K-Pop ON! (온),HWASA,Chili
2EoheVFjqIxgJMb8VnDRtZ,11156981936,6HaGTQPmzraVmaVxvz6EUc,7x9aauaA9cu6tyfpHnqDLo,BEST KPOP 2023 - TOP HITS,Jung Kook,Seven (feat. Latto) (Explicit Ver.)
2EoheVFjqIxgJMb8VnDRtZ,11156981936,6HvZYsbFfjnjFrWF950C9d,5sdQOyqq2IDhvmx2lHOpwd,BEST KPOP 2023 - TOP HITS,NewJeans,Super Shy
2EoheVFjqIxgJMb8VnDRtZ,11156981936,4SpbR6yFEvexJuaBpgAU5p,74X2u8JMVooG2QbjRxXwR8,BEST KPOP 2023 - TOP HITS,LE SSERAFIM,Perfect Night
2EoheVFjqIxgJMb8VnDRtZ,11156981936,250b0Wlc5Vk0CoUsaCY84M,6gcuJpHu0Ey30D5WR76y98,BEST KPOP 2023 - TOP HITS,JENNIE,You & Me
2EoheVFjqIxgJMb8VnDRtZ,11156981936,68KmkJeZGfwe1OUaivBa2L,2KoeSRTm9cRulYnkaEyUaP,BEST KPOP 2023 - TOP HITS,ATEEZ,Crazy Form
2EoheVFjqIxgJMb8VnDRtZ,11156981936,1SIocsqdEefUTE6XKGUiVS,3VBj0lzjmhTzVFPEDOjNCG,BEST KPOP 2023 - TOP HITS,BABYMONSTER,BATTER UP
2EoheVFjqIxgJMb8VnDRtZ,11156981936,5t5FqBwTcgKTaWmfEbwQY9,2YmfV4lAjrAQvuggKCUX6m,BEST KPOP 2023 - TOP HITS,ENHYPEN,Sweet Venom
2EoheVFjqIxgJMb8VnDRtZ,11156981936,1z4g3DjTBBZKhvAroFlhOM,68gQG2HpRMxIRom4pCugMq,BEST KPOP 2023 - TOP HITS,Red Velvet,Chill Kill
2EoheVFjqIxgJMb8VnDRtZ,11156981936,6YVMFz59CuY7ngCxTxjpxE,5XWlyfo0kZ8LF7VSyfS4Ew,BEST KPOP 2023 - TOP HITS,aespa,Drama
2EoheVFjqIxgJMb8VnDRtZ,11156981936,2dIgFjalVxs4ThymZ67YCE,1OG1NoKpZZLrMqMYCk9m84,BEST KPOP 2023 - TOP HITS,Stray Kids,LALALALA
2EoheVFjqIxgJMb8VnDRtZ,11156981936,4tmWAc4dENNTV6b4lgcpdg,706BhWPGVY5g0sNlhmtzAB,BEST KPOP 2023 - TOP HITS,ALIRZA,Miles
2EoheVFjqIxgJMb8VnDRtZ,11156981936,6L2Aqx4Tk8Mlm0tjUQQTx3,6HeWFC8KvABMSkNNaQeDnI,BEST KPOP 2023 - TOP HITS,Husse,HELLO KITTY
2EoheVFjqIxgJMb8VnDRtZ,11156981936,6Xg22wJOAcnvPUfk5WvODH,4loUHO28CuvSbEiZXId1BD,BEST KPOP 2023 - TOP HITS,JEON SOYEON,NOBODY
2EoheVFjqIxgJMb8VnDRtZ,11156981936,6RHTUrRF63xao58xh9FXYJ,7uyeEbG6hyApgXuEypGcsZ,BEST KPOP 2023 - TOP HITS,IVE,Baddie
2EoheVFjqIxgJMb8VnDRtZ,11156981936,7uGeDBa1LJ7T1X4fpl8mwk,28GNhpM0YCDZcsvK5N0kSh,BEST KPOP 2023 - TOP HITS,Bad Computer,Electric
2EoheVFjqIxgJMb8VnDRtZ,11156981936,7Lq3yAtwi0Z7zpxEwbQQNZ,618OKP1lBkNJL8uZdNSvQE,BEST KPOP 2023 - TOP HITS,VIVIZ,MANIAC
2EoheVFjqIxgJMb8VnDRtZ,11156981936,1RrRhvizF5SjIY8rIf2bMn,28TslP40KzfnyHakTeuB3x,BEST KPOP 2023 - TOP HITS,Madhertz,Beg for Love
2EoheVFjqIxgJMb8VnDRtZ,11156981936,0ghlgldX5Dd6720Q3qFyQB,0ZPjVmof45INEERgYfadtv,BEST KPOP 2023 - TOP HITS,TOMORROW X TOGETHER,Chasing That Feeling
2EoheVFjqIxgJMb8VnDRtZ,11156981936,7nqOGRxlXj7N2JYbgNEjYH,4MTNimMDRyFZv37Thcktwa,BEST KPOP 2023 - TOP HITS,SEVENTEEN,God of Music
2EoheVFjqIxgJMb8VnDRtZ,11156981936,13rF01aOogvnkuQXOlgTW8,4jMwQaDiDICry8Ia1gFnAn,BEST KPOP 2023 - TOP HITS,TAEMIN,Guilty
2EoheVFjqIxgJMb8VnDRtZ,11156981936,4tmWAc4dENNTV6b4lgcpdg,3w6r5I4X6qvjgLt20Zniqx,BEST KPOP 2023 - TOP HITS,ALIRZA,The Greatest
2EoheVFjqIxgJMb8VnDRtZ,11156981936,47mIJdHORyRerp4os813jD,210JJAa9nJOgNa0YNrsT5g,BEST KPOP 2023 - TOP HITS,League of Legends,GODS
2EoheVFjqIxgJMb8VnDRtZ,11156981936,3RWZfQory9Hv1kADBi6bHJ,0gaTK0yJfyFJdJyBAhmgS1,BEST KPOP 2023 - TOP HITS,DVMON,Typical Love
2EoheVFjqIxgJMb8VnDRtZ,11156981936,6OwKE9Ez6ALxpTaKcT5ayv,1qosh64U6CR5ki1g1Rf2dZ,BEST KPOP 2023 - TOP HITS,AKMU,Love Lee
2EoheVFjqIxgJMb8VnDRtZ,11156981936,6HaGTQPmzraVmaVxvz6EUc,6ehWdR7cGDXnT7aKEASJxE,BEST KPOP 2023 - TOP HITS,Jung Kook,3D (feat. Jack Harlow)
2EoheVFjqIxgJMb8VnDRtZ,11156981936,4tmWAc4dENNTV6b4lgcpdg,7Ev5PAnsmzIzmJuahorXss,BEST KPOP 2023 - TOP HITS,ALIRZA,To Your Heart
2EoheVFjqIxgJMb8VnDRtZ,11156981936,6L2Aqx4Tk8Mlm0tjUQQTx3,0uC41lCVELGqrIdnCWhbwW,BEST KPOP 2023 - TOP HITS,Husse,tens of them
2EoheVFjqIxgJMb8VnDRtZ,11156981936,2AfmfGFbe0A0WsTYm0SDTx,34pKV56b6d7Nz1l6av1nZ1,BEST KPOP 2023 - TOP HITS,(G)I-DLE,I Want That
2EoheVFjqIxgJMb8VnDRtZ,11156981936,3vNisYibo8wFyD4wxIbSbn,6vuJZ9UTDKywRFo0Fe4Dqp,BEST KPOP 2023 - TOP HITS,will hyde,misfit.
2EoheVFjqIxgJMb8VnDRtZ,11156981936,7f4ignuCJhLXfZ9giKT7rH,5EtiQveQFQy0R05hLVDyKv,BEST KPOP 2023 - TOP HITS,NCT 127,Fact Check
2EoheVFjqIxgJMb8VnDRtZ,11156981936,7zYj9S9SdIunYCfSm7vzAR,7jzOZuWgZ5gaMet9V5Ix1d,BEST KPOP 2023 - TOP HITS,JEON SOMI,Fast Forward
2EoheVFjqIxgJMb8VnDRtZ,11156981936,4tmWAc4dENNTV6b4lgcpdg,2iCS5JhgJcigh9bhhGpEV5,BEST KPOP 2023 - TOP HITS,ALIRZA,Where the Bottles?!
2EoheVFjqIxgJMb8VnDRtZ,11156981936,7bmYpVgQub656uNTu6qGNQ,0pHylQR53epYtRcVIhUSCh,BEST KPOP 2023 - TOP HITS,HWASA,I Love My Body
2EoheVFjqIxgJMb8VnDRtZ,11156981936,6YVMFz59CuY7ngCxTxjpxE,6zZWoHlF2zNSLUNLvx4GUl,BEST KPOP 2023 - TOP HITS,aespa,Better Things
2EoheVFjqIxgJMb8VnDRtZ,11156981936,7F1iAHRYxR3MY7yAEuFqgL,4Cyf87ul1le0xTWRFBoYd7,BEST KPOP 2023 - TOP HITS,JIHYO,Killin’ Me Good
2EoheVFjqIxgJMb8VnDRtZ,11156981936,2KC9Qb60EaY0kW4eH68vr3,3syxwxJqX5jpgjNYmvzdW6,BEST KPOP 2023 - TOP HITS,ITZY,CAKE
2EoheVFjqIxgJMb8VnDRtZ,11156981936,0LOK81e9H5lr61HlGGHqwA,6Pjzy9avwlVr4UAbxkQQmh,BEST KPOP 2023 - TOP HITS,XG,NEW DANCE
2EoheVFjqIxgJMb8VnDRtZ,11156981936,1RrRhvizF5SjIY8rIf2bMn,2S0cNmJWUijQYqwE62Taoe,BEST KPOP 2023 - TOP HITS,Madhertz,Ride or Die
2EoheVFjqIxgJMb8VnDRtZ,11156981936,01XYiBYaoMJcNhPokrg0l0,4P5ozkI1bxiGxA5rZ27jlO,BEST KPOP 2023 - TOP HITS,STAYC,Bubble
2EoheVFjqIxgJMb8VnDRtZ,11156981936,5YfHsKbly0kK2dYnSkEWKx,1oE638wZOBCGk5rpH5TFUb,BEST KPOP 2023 - TOP HITS,Vince B,Lost Boy
2EoheVFjqIxgJMb8VnDRtZ,11156981936,6HaGTQPmzraVmaVxvz6EUc,2KslE17cAJNHTsI2MI0jb2,BEST KPOP 2023 - TOP HITS,Jung Kook,Standing Next to You
2EoheVFjqIxgJMb8VnDRtZ,11156981936,0ghlgldX5Dd6720Q3qFyQB,6uTPA1xlcsk6dbchB2dhzl,BEST KPOP 2023 - TOP HITS,TOMORROW X TOGETHER,Back for More (with Anitta)
2EoheVFjqIxgJMb8VnDRtZ,11156981936,6HvZYsbFfjnjFrWF950C9d,56v8WEnGzLByGsDAXDiv4d,BEST KPOP 2023 - TOP HITS,NewJeans,ETA
2EoheVFjqIxgJMb8VnDRtZ,11156981936,6RHTUrRF63xao58xh9FXYJ,3G7MgLuWLzUJQflWOCDZit,BEST KPOP 2023 - TOP HITS,IVE,Off The Record
2EoheVFjqIxgJMb8VnDRtZ,11156981936,3JsHnjpbhX4SnySpvpa9DK,5h1BN75CEh8wdSwE1xrbSe,BEST KPOP 2023 - TOP HITS,V,Slow Dancing
2EoheVFjqIxgJMb8VnDRtZ,11156981936,3ZZzT0naD25RhY2uZvIKkJ,32Ao6xLLir3dPOhQGvqgSB,BEST KPOP 2023 - TOP HITS,EVERGLOW,SLAY
2EoheVFjqIxgJMb8VnDRtZ,11156981936,4hnHLgMSOiqERWBL4jINP1,5TNMJ6Csb2NgSohuz76XJT,BEST KPOP 2023 - TOP HITS,BOYNEXTDOOR,But Sometimes
2EoheVFjqIxgJMb8VnDRtZ,11156981936,6RHTUrRF63xao58xh9FXYJ,6ezYHltHYhuJckdCsYsRJI,BEST KPOP 2023 - TOP HITS,IVE,Either Way
2EoheVFjqIxgJMb8VnDRtZ,11156981936,2jOm3cYujQx6o1dxuiuqaX,4H65EdACzwqV8sTt3dDyA0,BEST KPOP 2023 - TOP HITS,RIIZE,Get A Guitar
2EoheVFjqIxgJMb8VnDRtZ,11156981936,1RrRhvizF5SjIY8rIf2bMn,0hbXN37QAzgpsyzXKDwPy2,BEST KPOP 2023 - TOP HITS,Madhertz,One of a Kind
2EoheVFjqIxgJMb8VnDRtZ,11156981936,0qr7Rhj0yU7BPySYecNUlm,43k24mAEnmPjVUDyOK27Ca,BEST KPOP 2023 - TOP HITS,KWON EUNBI,The Flash
2EoheVFjqIxgJMb8VnDRtZ,11156981936,4TEK9tIkcoxib4GxT3O4ky,76qqDJijAjFph7sjUxNVG8,BEST KPOP 2023 - TOP HITS,KISS OF LIFE,Shhh
2EoheVFjqIxgJMb8VnDRtZ,11156981936,3paGCCtX1Xr4Gx53mSeZuQ,3fR9cyHIKckUDwuy3m5tKn,BEST KPOP 2023 - TOP HITS,NCT U,Baggy Jeans
2EoheVFjqIxgJMb8VnDRtZ,11156981936,4SpbR6yFEvexJuaBpgAU5p,4QhnNyKDsAkXPwHkSnuc89,BEST KPOP 2023 - TOP HITS,LE SSERAFIM,"Eve, Psyche & The Bluebeard’s wife"
2EoheVFjqIxgJMb8VnDRtZ,11156981936,3KonOYiLsU53m4yT7gNotP,0IkWksfw3Qxob96bjFKhyF,BEST KPOP 2023 - TOP HITS,TREASURE,BONA BONA
2EoheVFjqIxgJMb8VnDRtZ,11156981936,0ghlgldX5Dd6720Q3qFyQB,7kaFsQygyiCqRboWCXztxZ,BEST KPOP 2023 - TOP HITS,TOMORROW X TOGETHER,Do It Like That
2EoheVFjqIxgJMb8VnDRtZ,11156981936,28ot3wh4oNmoFOdVajibBl,0HdcJkzhhhzID0nXEpIVgH,BEST KPOP 2023 - TOP HITS,NMIXX,Party O'Clock
2EoheVFjqIxgJMb8VnDRtZ,11156981936,4GJ6xDCF5jaUqD6avOuQT6,4dKa5ZzlGqUy3Wo0yaXKNI,BEST KPOP 2023 - TOP HITS,FIFTY FIFTY,Cupid
2EoheVFjqIxgJMb8VnDRtZ,11156981936,2AfmfGFbe0A0WsTYm0SDTx,4uOBL4DDWWVx4RhYKlPbPC,BEST KPOP 2023 - TOP HITS,(G)I-DLE,Queencard
2EoheVFjqIxgJMb8VnDRtZ,11156981936,3JsHnjpbhX4SnySpvpa9DK,2N0SPREDYqILVEFSsWF5N5,BEST KPOP 2023 - TOP HITS,V,Love Me Again
2EoheVFjqIxgJMb8VnDRtZ,11156981936,0LOK81e9H5lr61HlGGHqwA,3horUXBBgEyTEAxfeT9c0P,BEST KPOP 2023 - TOP HITS,XG,TGIF
2EoheVFjqIxgJMb8VnDRtZ,11156981936,5Z71xE9prhpHrqL5thVMyK,2ivVS2ageitCQqnmmMaWoH,BEST KPOP 2023 - TOP HITS,tripleS,Girls’ Capitalism
2EoheVFjqIxgJMb8VnDRtZ,11156981936,6HvZYsbFfjnjFrWF950C9d,02wk5BttM0QL38ERjLPQJB,BEST KPOP 2023 - TOP HITS,NewJeans,Cool With You
2EoheVFjqIxgJMb8VnDRtZ,11156981936,2AfmfGFbe0A0WsTYm0SDTx,6SePnvTZkIXZznc8Ftc6vM,BEST KPOP 2023 - TOP HITS,(G)I-DLE,I DO
2EoheVFjqIxgJMb8VnDRtZ,11156981936,3cjEqqelV9zb4BYE3qDQ4O,42h7yc9Rda1IOMYLACVgld,BEST KPOP 2023 - TOP HITS,EXO,Cream Soda
2EoheVFjqIxgJMb8VnDRtZ,11156981936,1oSPZhvZMIrWW5I41kPkkY,3Ua0m0YmEjrMi9XErKcNiR,BEST KPOP 2023 - TOP HITS,Jimin,Like Crazy
2EoheVFjqIxgJMb8VnDRtZ,11156981936,7cjg7EkeZy3OI5o9Qthc6n,3F4lHPNHlvr3RpO4tpVOIs,BEST KPOP 2023 - TOP HITS,ZEROBASEONE,In Bloom
2EoheVFjqIxgJMb8VnDRtZ,11156981936,0LOK81e9H5lr61HlGGHqwA,5OqMZ8In8CkCa0SbknnDPl,BEST KPOP 2023 - TOP HITS,XG,GRL GVNG
2EoheVFjqIxgJMb8VnDRtZ,11156981936,68KmkJeZGfwe1OUaivBa2L,5KyOUICJIvO0z71MBdPGiX,BEST KPOP 2023 - TOP HITS,ATEEZ,BOUNCY (K-HOT CHILLI PEPPERS)
2EoheVFjqIxgJMb8VnDRtZ,11156981936,28ot3wh4oNmoFOdVajibBl,1fP8o0lIaSIE5jEeblT8df,BEST KPOP 2023 - TOP HITS,NMIXX,Roller Coaster
2EoheVFjqIxgJMb8VnDRtZ,11156981936,1gBUSTR3TyDdTVFIaQnc02,43Pmqpiw4zFY77pT5QdxQ8,BEST KPOP 2023 - TOP HITS,NCT DREAM,ISTJ
2EoheVFjqIxgJMb8VnDRtZ,11156981936,2dIgFjalVxs4ThymZ67YCE,3gTQwwDNJ42CCLo3Sf4JDd,BEST KPOP 2023 - TOP HITS,Stray Kids,S-Class
2EoheVFjqIxgJMb8VnDRtZ,11156981936,6RHTUrRF63xao58xh9FXYJ,70t7Q6AYG6ZgTYmJWcnkUM,BEST KPOP 2023 - TOP HITS,IVE,I AM
2EoheVFjqIxgJMb8VnDRtZ,11156981936,3Nrfpe0tUJi4K4DXYWgMUX,5IAESfJjmOYu7cHyX557kz,BEST KPOP 2023 - TOP HITS,BTS,Take Two
2EoheVFjqIxgJMb8VnDRtZ,11156981936,4SpbR6yFEvexJuaBpgAU5p,51vRumtqbkNW9wrKfESwfu,BEST KPOP 2023 - TOP HITS,LE SSERAFIM,UNFORGIVEN (feat. Nile Rodgers)
2EoheVFjqIxgJMb8VnDRtZ,11156981936,49muoiIu4uea4PO8vueUNN,5ms7rcVKjBFUtoVh8hE0Y9,BEST KPOP 2023 - TOP HITS,YENA,Hate Rodrigo (Feat. YUQI)
2EoheVFjqIxgJMb8VnDRtZ,11156981936,1gBUSTR3TyDdTVFIaQnc02,5OehhztxLfJeCxUMbFfPy6,BEST KPOP 2023 - TOP HITS,NCT DREAM,Broken Melodies
2EoheVFjqIxgJMb8VnDRtZ,11156981936,7yXtdZLKdtwH5FrxduK7ti,2HGAKzcfEtMfbM2ssgiKez,BEST KPOP 2023 - TOP HITS,BBGIRLS,ONE MORE TIME
2EoheVFjqIxgJMb8VnDRtZ,11156981936,3LFFf4EpKn2krneZ9vozyz,0LMqywHzZAAwSPWCfyfz9t,BEST KPOP 2023 - TOP HITS,JO YURI,TAXI
2EoheVFjqIxgJMb8VnDRtZ,11156981936,6HvZYsbFfjnjFrWF950C9d,6rdkCkjk6D12xRpdMXy0I2,BEST KPOP 2023 - TOP HITS,NewJeans,New Jeans
2EoheVFjqIxgJMb8VnDRtZ,11156981936,6UZ0ba50XreR4TM8u322gs,69CrOS7vEHIrhC2ILyEi0s,BEST KPOP 2023 - TOP HITS,JISOO,FLOWER
2EoheVFjqIxgJMb8VnDRtZ,11156981936,3KonOYiLsU53m4yT7gNotP,7EtNbIeSYjE4PeitHqEHhs,BEST KPOP 2023 - TOP HITS,TREASURE,MOVE (T5)
2EoheVFjqIxgJMb8VnDRtZ,11156981936,3cjEqqelV9zb4BYE3qDQ4O,44EXniDpWap2veS1gH1svO,BEST KPOP 2023 - TOP HITS,EXO,Hear Me Out
2EoheVFjqIxgJMb8VnDRtZ,11156981936,49muoiIu4uea4PO8vueUNN,7JduLib0OD7LheLRseXQWE,BEST KPOP 2023 - TOP HITS,YENA,WICKED LOVE
2EoheVFjqIxgJMb8VnDRtZ,11156981936,2hRQKC0gqlZGPrmUKbcchR,2VV1RIhTgeJ4PEMYz6TqDB,BEST KPOP 2023 - TOP HITS,SHINee,HARD
2EoheVFjqIxgJMb8VnDRtZ,11156981936,5t5FqBwTcgKTaWmfEbwQY9,7mpdNiaQvygj2rHoxkzMfa,BEST KPOP 2023 - TOP HITS,ENHYPEN,Bite Me
2EoheVFjqIxgJMb8VnDRtZ,11156981936,5vGoWnZO65NBgiZYBmi3iW,3x9zIsVAQUNvU3J2tR58Di,BEST KPOP 2023 - TOP HITS,KANGDANIEL,SOS
2EoheVFjqIxgJMb8VnDRtZ,11156981936,6HvZYsbFfjnjFrWF950C9d,65FftemJ1DbbZ45DUfHJXE,BEST KPOP 2023 - TOP HITS,NewJeans,OMG
2EoheVFjqIxgJMb8VnDRtZ,11156981936,6YVMFz59CuY7ngCxTxjpxE,1ULdASrNy5rurl1TZfFaMP,BEST KPOP 2023 - TOP HITS,aespa,Spicy
2EoheVFjqIxgJMb8VnDRtZ,11156981936,3cjEqqelV9zb4BYE3qDQ4O,5e6hUjvQG2inD4Svco0PvP,BEST KPOP 2023 - TOP HITS,EXO,Let Me In
2EoheVFjqIxgJMb8VnDRtZ,11156981936,7nqOGRxlXj7N2JYbgNEjYH,3AOf6YEpxQ894FmrwI9k96,BEST KPOP 2023 - TOP HITS,SEVENTEEN,Super
2EoheVFjqIxgJMb8VnDRtZ,11156981936,24nUVBIlCGi4twz4nYxJum,4lIAPwAU6R8PAy2WhykC4i,BEST KPOP 2023 - TOP HITS,fromis_9,#menow
2EoheVFjqIxgJMb8VnDRtZ,11156981936,2nkZR6LwPxaAVtaVitNIPT,6KiEF5zqzHiFjzdm8gChz7,BEST KPOP 2023 - TOP HITS,LEE CHAE YEON,KNOCK
2EoheVFjqIxgJMb8VnDRtZ,11156981936,5V1qsQHdXNm4ZEZHWvFnqQ,3Jnwl9zlbFNEqKQjydxLxe,BEST KPOP 2023 - TOP HITS,Dreamcatcher,BONVOYAGE
2EoheVFjqIxgJMb8VnDRtZ,11156981936,0W0w607z3JEA1vXLz9FVGw,0jd4aa9XgV5eom0ez0WBrD,BEST KPOP 2023 - TOP HITS,NCT DOJAEJUNG,Perfume
2EoheVFjqIxgJMb8VnDRtZ,11156981936,5RmQ8k4l3HZ8JoPb4mNsML,4EaQ0ouIydfeAgQUz284EF,BEST KPOP 2023 - TOP HITS,Agust D,People Pt.2 (feat. IU)
2EoheVFjqIxgJMb8VnDRtZ,11156981936,6RHTUrRF63xao58xh9FXYJ,4hbU7BVioG3WnoRNEy5YUf,BEST KPOP 2023 - TOP HITS,IVE,Kitsch
2EoheVFjqIxgJMb8VnDRtZ,11156981936,6udveWUgX4vu75FF0DTrXV,5HrIcZOo1DysX53qDRlRnt,BEST KPOP 2023 - TOP HITS,TAEYANG,Shoong! (feat. LISA of BLACKPINK)
2EoheVFjqIxgJMb8VnDRtZ,11156981936,6YVMFz59CuY7ngCxTxjpxE,1o844wI52S3TjXGBwvGcc7,BEST KPOP 2023 - TOP HITS,aespa,Hold On Tight
2EoheVFjqIxgJMb8VnDRtZ,11156981936,1oSPZhvZMIrWW5I41kPkkY,59hBR0BCtJsfIbV9VzCVAp,BEST KPOP 2023 - TOP HITS,Jimin,Set Me Free Pt.2
37i9dQZF1DX1LU4UHKqdtg,spotify,68KmkJeZGfwe1OUaivBa2L,5wZu9Hw69jORB2OxeX3qC6,K-Pop Fresh,ATEEZ,ARRIBA
37i9dQZF1DX1LU4UHKqdtg,spotify,5V1qsQHdXNm4ZEZHWvFnqQ,2PSqR2dQWllqSPHeUdCp1S,K-Pop Fresh,Dreamcatcher,OOTD
37i9dQZF1DX1LU4UHKqdtg,spotify,5t5FqBwTcgKTaWmfEbwQY9,2YmfV4lAjrAQvuggKCUX6m,K-Pop Fresh,ENHYPEN,Sweet Venom
37i9dQZF1DX1LU4UHKqdtg,spotify,3qNVuliS40BLgXGxhdBdqu,2gyCwrOcC6JBoaJ8JGJ7T8,K-Pop Fresh,TAEYEON,To. X
37i9dQZF1DX1LU4UHKqdtg,spotify,6Xg22wJOAcnvPUfk5WvODH,4loUHO28CuvSbEiZXId1BD,K-Pop Fresh,JEON SOYEON,NOBODY
37i9dQZF1DX1LU4UHKqdtg,spotify,4lY2DXvRv9RPeFcUtn6PUh,29WxJqIfDRMo9isV07kbJP,K-Pop Fresh,HEARTSTEEL,PARANOIA
37i9dQZF1DX1LU4UHKqdtg,spotify,6YVMFz59CuY7ngCxTxjpxE,5XWlyfo0kZ8LF7VSyfS4Ew,K-Pop Fresh,aespa,Drama
37i9dQZF1DX1LU4UHKqdtg,spotify,64k5e9kV9MdukXjFrR5R37,6QJEWaTiiBSYPHr6FrZ8vu,K-Pop Fresh,Jessi,Gum
37i9dQZF1DX1LU4UHKqdtg,spotify,5YaeXxzvqGNBCguELlKo6G,1KkC3Nzxv3OZorm5m1843p,K-Pop Fresh,DINO,Wait
37i9dQZF1DX1LU4UHKqdtg,spotify,4SpbR6yFEvexJuaBpgAU5p,40CJrEAyXS8qe0BBFbYbJO,K-Pop Fresh,LE SSERAFIM,Perfect Night (Holiday Remix)
37i9dQZF1DX1LU4UHKqdtg,spotify,6HaGTQPmzraVmaVxvz6EUc,2mHw0KoEyDw8Yaw3yPoke6,K-Pop Fresh,Jung Kook,3D (Justin Timberlake Remix)
37i9dQZF1DX1LU4UHKqdtg,spotify,2KC9Qb60EaY0kW4eH68vr3,2qWIeuIxVJglnWWsDpyhfU,K-Pop Fresh,ITZY,RINGO
37i9dQZF1DX1LU4UHKqdtg,spotify,2dIgFjalVxs4ThymZ67YCE,1OG1NoKpZZLrMqMYCk9m84,K-Pop Fresh,Stray Kids,LALALALA
37i9dQZF1DX1LU4UHKqdtg,spotify,4SpbR6yFEvexJuaBpgAU5p,3o0Nlc7DVVC39pfv4nTi9Y,K-Pop Fresh,LE SSERAFIM,ドレスコード (Prod. imase)
37i9dQZF1DX1LU4UHKqdtg,spotify,13rF01aOogvnkuQXOlgTW8,4jMwQaDiDICry8Ia1gFnAn,K-Pop Fresh,TAEMIN,Guilty
37i9dQZF1DX1LU4UHKqdtg,spotify,5vGoWnZO65NBgiZYBmi3iW,4zN0rgpBOcpXnp6EJkYmnM,K-Pop Fresh,KANGDANIEL,RE8EL
37i9dQZF1DX1LU4UHKqdtg,spotify,7n2Ycct7Beij7Dj7meI4X0,6rJjT5kPYhtXkUsot7tkjI,K-Pop Fresh,TWICE,Alcohol-Free (English ver.)
37i9dQZF1DX1LU4UHKqdtg,spotify,0LOK81e9H5lr61HlGGHqwA,7sDkXyDikXhpRz715MdiEp,K-Pop Fresh,XG,PUPPET SHOW
37i9dQZF1DX1LU4UHKqdtg,spotify,4SpbR6yFEvexJuaBpgAU5p,74X2u8JMVooG2QbjRxXwR8,K-Pop Fresh,LE SSERAFIM,Perfect Night
37i9dQZF1DX1LU4UHKqdtg,spotify,2KC9Qb60EaY0kW4eH68vr3,0aZ8DSEdBJbBfrNtnqgJy3,K-Pop Fresh,ITZY,STYLE
37i9dQZF1DX1LU4UHKqdtg,spotify,3IHvi45S5SITyNES9VzSjI,4fGkb1BWnzrppNuGUeUSaZ,K-Pop Fresh,n.SSign,NEW STAR
37i9dQZF1DX1LU4UHKqdtg,spotify,7nqOGRxlXj7N2JYbgNEjYH,4MTNimMDRyFZv37Thcktwa,K-Pop Fresh,SEVENTEEN,God of Music
37i9dQZF1DX1LU4UHKqdtg,spotify,2AfmfGFbe0A0WsTYm0SDTx,3F2BLyGt6zYLrHYpbdTw5L,K-Pop Fresh,(G)I-DLE,I Want That
37i9dQZF1DX1LU4UHKqdtg,spotify,2dIgFjalVxs4ThymZ67YCE,0fkL0fOhEzRK8WFe2ixt2d,K-Pop Fresh,Stray Kids,Social Path
37i9dQZF1DX1LU4UHKqdtg,spotify,01XYiBYaoMJcNhPokrg0l0,5Wi1nGdQoyMxwFwKYxiaeN,K-Pop Fresh,STAYC,LIT
37i9dQZF1DX1LU4UHKqdtg,spotify,3z8diLlUCkN1j9N9ZdnfBJ,4TBpE4HSPeB6OTqbqqwSon,K-Pop Fresh,NiziU,HEARTRIS
37i9dQZF1DX1LU4UHKqdtg,spotify,1z4g3DjTBBZKhvAroFlhOM,68gQG2HpRMxIRom4pCugMq,K-Pop Fresh,Red Velvet,Chill Kill
37i9dQZF1DX1LU4UHKqdtg,spotify,6HaGTQPmzraVmaVxvz6EUc,6ehWdR7cGDXnT7aKEASJxE,K-Pop Fresh,Jung Kook,3D (feat. Jack Harlow)
37i9dQZF1DX1LU4UHKqdtg,spotify,4TEK9tIkcoxib4GxT3O4ky,7AGq5qaaF9awHDaKuCvVjj,K-Pop Fresh,KISS OF LIFE,Bad News
37i9dQZF1DX1LU4UHKqdtg,spotify,4m69UKabjuuaoayREZud9h,1yJ0p6Mfdyom089rqjZD7X,K-Pop Fresh,JUN. K,Command C+Me
37i9dQZF1DX1LU4UHKqdtg,spotify,3k6TH9knHgthYJiEVDUC2s,1zh1cJT5qzuhb0F2S6X9ba,K-Pop Fresh,VCHA,Ready for the World
37i9dQZF1DX1LU4UHKqdtg,spotify,7Lq3yAtwi0Z7zpxEwbQQNZ,618OKP1lBkNJL8uZdNSvQE,K-Pop Fresh,VIVIZ,MANIAC
37i9dQZF1DX1LU4UHKqdtg,spotify,6HaGTQPmzraVmaVxvz6EUc,2KslE17cAJNHTsI2MI0jb2,K-Pop Fresh,Jung Kook,Standing Next to You
37i9dQZF1DX1LU4UHKqdtg,spotify,0ghlgldX5Dd6720Q3qFyQB,0ZPjVmof45INEERgYfadtv,K-Pop Fresh,TOMORROW X TOGETHER,Chasing That Feeling
37i9dQZF1DX1LU4UHKqdtg,spotify,1gBUSTR3TyDdTVFIaQnc02,2LqesWzQTXoMv01fZTz0rh,K-Pop Fresh,NCT DREAM,Broken Melodies - JVKE Remix
37i9dQZF1DX1LU4UHKqdtg,spotify,0CmvFWTX9zmMNCUi6fHtAx,3UQw1V8gM5YihFDcnjNkWN,K-Pop Fresh,THE BOYZ,WATCH IT
37i9dQZF1DX1LU4UHKqdtg,spotify,250b0Wlc5Vk0CoUsaCY84M,0Vz146N2GxkVJw4kSGXrNi,K-Pop Fresh,JENNIE,You & Me (Coachella ver.)
37i9dQZF1DX1LU4UHKqdtg,spotify,1slszTGbkp1uNnI6G5uD0X,00Ba2PRFeih7voe93Bf5mk,K-Pop Fresh,BANG YEDAM,Only One
37i9dQZF1DX1LU4UHKqdtg,spotify,5R7AMwDeroq6Ls0COQYpS4,7GvWR4mvfvzvWtVXBcU23t,K-Pop Fresh,Kep1er,Sugar
37i9dQZF1DX1LU4UHKqdtg,spotify,47mIJdHORyRerp4os813jD,210JJAa9nJOgNa0YNrsT5g,K-Pop Fresh,League of Legends,GODS
37i9dQZF1DX1LU4UHKqdtg,spotify,7n2Ycct7Beij7Dj7meI4X0,4JRjQE4sXKgOFURvvetuXi,K-Pop Fresh,TWICE,MOONLIGHT SUNRISE (Jonas Blue Remix)
37i9dQZF1DX1LU4UHKqdtg,spotify,7cjg7EkeZy3OI5o9Qthc6n,6Sj39jSqhxjJ8K66Mw8hrU,K-Pop Fresh,ZEROBASEONE,MELTING POINT
37i9dQZF1DX1LU4UHKqdtg,spotify,1TTx0YcbKUtJIZY1HEnh9B,63iWifTpRd4odAeDsw8du5,K-Pop Fresh,J.Y. Park,Changed Man
37i9dQZF1DX1LU4UHKqdtg,spotify,2jOm3cYujQx6o1dxuiuqaX,2cEwQnP4284g37N6D7ETND,K-Pop Fresh,RIIZE,Talk Saxy
37i9dQZF1DX1LU4UHKqdtg,spotify,6MoXcK2GyGg7FIyxPU5yW6,3SifPlW12FRs8OQP2VkXSi,K-Pop Fresh,SUNMI,STRANGER
37i9dQZF1DX1LU4UHKqdtg,spotify,6RHTUrRF63xao58xh9FXYJ,3G7MgLuWLzUJQflWOCDZit,K-Pop Fresh,IVE,Off The Record
37i9dQZF1DX1LU4UHKqdtg,spotify,1qBsABYUrxg9afpMtyoFKz,3aybnlPK0zZK2YRmlRm0Ph,K-Pop Fresh,WayV,On My Youth - English Version
37i9dQZF1DX1LU4UHKqdtg,spotify,0IwZVmMMGE7nNXS7vN9SIo,1w6b63TmaXFk1jhPOY0FkY,K-Pop Fresh,MISAMO,Do not touch
37i9dQZF1DX1LU4UHKqdtg,spotify,6RHTUrRF63xao58xh9FXYJ,6ezYHltHYhuJckdCsYsRJI,K-Pop Fresh,IVE,Either Way
37i9dQZF1DX1LU4UHKqdtg,spotify,6YVMFz59CuY7ngCxTxjpxE,3DZwsHxTYjCcMUTcSkATPl,K-Pop Fresh,aespa,ZOOM ZOOM
37i9dQZF1DX1LU4UHKqdtg,spotify,7zYj9S9SdIunYCfSm7vzAR,7jzOZuWgZ5gaMet9V5Ix1d,K-Pop Fresh,JEON SOMI,Fast Forward
37i9dQZF1DX1LU4UHKqdtg,spotify,7bmYpVgQub656uNTu6qGNQ,0pHylQR53epYtRcVIhUSCh,K-Pop Fresh,HWASA,I Love My Body
37i9dQZF1DX1LU4UHKqdtg,spotify,5R7AMwDeroq6Ls0COQYpS4,5btc1Il6aABmVNUOjooNK8,K-Pop Fresh,Kep1er,Grand Prix
37i9dQZF1DX1LU4UHKqdtg,spotify,28ot3wh4oNmoFOdVajibBl,6P3CtlzTKLxcNYGOS3es8m,K-Pop Fresh,NMIXX,Love Me Like This
37i9dQZF1DX1LU4UHKqdtg,spotify,3paGCCtX1Xr4Gx53mSeZuQ,0Tp6ugHFtCiZZWSRJx9Koq,K-Pop Fresh,NCT U,Baggy Jeans
37i9dQZF1DX1LU4UHKqdtg,spotify,5t5FqBwTcgKTaWmfEbwQY9,0Eglu3fErlG196PtTwCUPM,K-Pop Fresh,ENHYPEN,CRIMINAL LOVE
37i9dQZF1DX1LU4UHKqdtg,spotify,7F1iAHRYxR3MY7yAEuFqgL,4Cyf87ul1le0xTWRFBoYd7,K-Pop Fresh,JIHYO,Killin’ Me Good
37i9dQZF1DX1LU4UHKqdtg,spotify,7f4ignuCJhLXfZ9giKT7rH,5EtiQveQFQy0R05hLVDyKv,K-Pop Fresh,NCT 127,Fact Check
37i9dQZF1DX1LU4UHKqdtg,spotify,1gBUSTR3TyDdTVFIaQnc02,63Czf03uph6EyJDL1z3x3z,K-Pop Fresh,NCT DREAM,Broken Melodies
37i9dQZF1DX1LU4UHKqdtg,spotify,7n2Ycct7Beij7Dj7meI4X0,0h3dJV8JA5oxPzSF4tkz2t,K-Pop Fresh,TWICE,Hare Hare
37i9dQZF1DX1LU4UHKqdtg,spotify,6HaGTQPmzraVmaVxvz6EUc,7x9aauaA9cu6tyfpHnqDLo,K-Pop Fresh,Jung Kook,Seven (feat. Latto) (Explicit Ver.)
37i9dQZF1DX1LU4UHKqdtg,spotify,2jOm3cYujQx6o1dxuiuqaX,11s5p72subU7SHJPzyR2Lq,K-Pop Fresh,RIIZE,Memories
37i9dQZF1DX1LU4UHKqdtg,spotify,5X8oV02v7yAe4gsI4Rxl5D,0mWIAujQDmtG5m7Mu0NTmK,K-Pop Fresh,JINI,C'mon (feat. Aminé)
37i9dQZF1DX1LU4UHKqdtg,spotify,28ot3wh4oNmoFOdVajibBl,0HdcJkzhhhzID0nXEpIVgH,K-Pop Fresh,NMIXX,Party O'Clock
37i9dQZF1DX1LU4UHKqdtg,spotify,6udveWUgX4vu75FF0DTrXV,5HrIcZOo1DysX53qDRlRnt,K-Pop Fresh,TAEYANG,Shoong! (feat. LISA of BLACKPINK)
37i9dQZF1DX1LU4UHKqdtg,spotify,01XYiBYaoMJcNhPokrg0l0,4P5ozkI1bxiGxA5rZ27jlO,K-Pop Fresh,STAYC,Bubble
37i9dQZF1DX1LU4UHKqdtg,spotify,0ghlgldX5Dd6720Q3qFyQB,6uTPA1xlcsk6dbchB2dhzl,K-Pop Fresh,TOMORROW X TOGETHER,Back for More (with Anitta)
37i9dQZF1DX1LU4UHKqdtg,spotify,1uAT5bTSp6dWbNmixIUP5t,7eBpUuPnDTfbeP1P4P93CS,K-Pop Fresh,BSS,Fighting (Feat. Lee Young Ji)
37i9dQZF1DX1LU4UHKqdtg,spotify,6SYJFHPxXkr4SZJR8aLEml,6MSRu5wksC0Esn63XOgmI3,K-Pop Fresh,EVNNE,TROUBLE
37i9dQZF1DX1LU4UHKqdtg,spotify,6HvZYsbFfjnjFrWF950C9d,5sdQOyqq2IDhvmx2lHOpwd,K-Pop Fresh,NewJeans,Super Shy
37i9dQZF1DX1LU4UHKqdtg,spotify,2tIP7SsRs7vjIcLrU85W8J,0rKWJnmo6Q0ovoPOLoLm0t,K-Pop Fresh,The Kid LAROI,TOO MUCH
37i9dQZF1DX1LU4UHKqdtg,spotify,0LOK81e9H5lr61HlGGHqwA,3IelG5zYpWWCZIH4cqWlPV,K-Pop Fresh,XG,SHOOTING STAR
37i9dQZF1DX1LU4UHKqdtg,spotify,0LOK81e9H5lr61HlGGHqwA,6Pjzy9avwlVr4UAbxkQQmh,K-Pop Fresh,XG,NEW DANCE
37i9dQZF1DX1LU4UHKqdtg,spotify,73B9bjqS2Z5KLXNGqXf64m,4lOlKcHOovGeQtCGWnEzKy,K-Pop Fresh,Weeekly,VROOM VROOM
37i9dQZF1DX1LU4UHKqdtg,spotify,6udveWUgX4vu75FF0DTrXV,4NIe9Is7bN5JWyTeCW2ahK,K-Pop Fresh,TAEYANG,VIBE (feat. Jimin of BTS)
37i9dQZF1DX1LU4UHKqdtg,spotify,68KmkJeZGfwe1OUaivBa2L,5KyOUICJIvO0z71MBdPGiX,K-Pop Fresh,ATEEZ,BOUNCY (K-HOT CHILLI PEPPERS)
37i9dQZF1DX1LU4UHKqdtg,spotify,3JsHnjpbhX4SnySpvpa9DK,2N0SPREDYqILVEFSsWF5N5,K-Pop Fresh,V,Love Me Again
37i9dQZF1DX1LU4UHKqdtg,spotify,5Z71xE9prhpHrqL5thVMyK,3FWXkGqJx0giJzQNqkcK74,K-Pop Fresh,tripleS,Invincible
37i9dQZF1DX1LU4UHKqdtg,spotify,3JsHnjpbhX4SnySpvpa9DK,5h1BN75CEh8wdSwE1xrbSe,K-Pop Fresh,V,Slow Dancing
37i9dQZF1DX1LU4UHKqdtg,spotify,7jFUYMpMUBDL4JQtMZ5ilc,0scTh8IQayvHhgTAC7gEsb,K-Pop Fresh,Sung Si Kyung,こんなに君を
37i9dQZF1DX4FcAKI5Nhzq,spotify,5YaeXxzvqGNBCguELlKo6G,1KkC3Nzxv3OZorm5m1843p,K-Pop Rising,DINO,Wait
37i9dQZF1DX4FcAKI5Nhzq,spotify,5NUVwRESNqYBUTRbiATjy7,7n1yuwnzs5jTEitJ7eecS8,K-Pop Rising,BE'O,미쳐버리겠다 (MAD)
37i9dQZF1DX4FcAKI5Nhzq,spotify,3JjvsPeGMbDJqsphe2z8xU,7e2t41hCiR0sV4Lgv555v3,K-Pop Rising,P1Harmony,Fall In Love Again
37i9dQZF1DX4FcAKI5Nhzq,spotify,6HvZYsbFfjnjFrWF950C9d,11YovYUVkZdLyOFncbecWL,K-Pop Rising,NewJeans,Our Night is more beautiful than your Day
37i9dQZF1DX4FcAKI5Nhzq,spotify,6YVMFz59CuY7ngCxTxjpxE,0ijCESscFXtRc0dtDgu1Uv,K-Pop Rising,aespa,Jingle Bell Rock
37i9dQZF1DX4FcAKI5Nhzq,spotify,1SIocsqdEefUTE6XKGUiVS,3VBj0lzjmhTzVFPEDOjNCG,K-Pop Rising,BABYMONSTER,BATTER UP
37i9dQZF1DX4FcAKI5Nhzq,spotify,0OqnFLmTWiVGm3Ifk6mahQ,6lZrMteR4f7nHrNW4ot3H1,K-Pop Rising,xooos,Crush!
37i9dQZF1DX4FcAKI5Nhzq,spotify,2o8gT0fQmFxGNbowbdgeZe,5izX3yhDZHqQFi8p2m6RHi,K-Pop Rising,DPR IAN,Don't Go Insane
37i9dQZF1DX4FcAKI5Nhzq,spotify,13rF01aOogvnkuQXOlgTW8,6tb0S6rSzgrf5sgeUPL8sr,K-Pop Rising,TAEMIN,Draw
37i9dQZF1DX4FcAKI5Nhzq,spotify,1slszTGbkp1uNnI6G5uD0X,00Ba2PRFeih7voe93Bf5mk,K-Pop Rising,BANG YEDAM,Only One
37i9dQZF1DX4FcAKI5Nhzq,spotify,67IWlRdLy3UcfY3q968euj,76JrGQqPhi5WnVjuvNGMtK,K-Pop Rising,GEMINI,Sleep
37i9dQZF1DX4FcAKI5Nhzq,spotify,3eCd0TZrBPm2n9cDG6yWfF,7yZD4AVfQtAZD4cG8eRnPk,K-Pop Rising,DEAN,DIE 4 YOU
37i9dQZF1DX4FcAKI5Nhzq,spotify,6aLdhHUqgdKE86xbtNmY8g,7hYGWflgiI2aa25jOgL6eg,K-Pop Rising,Crush,Hmm-cheat
37i9dQZF1DX4FcAKI5Nhzq,spotify,3uHb6dRazmcaT15bMexUtt,6md6ZAdNYB356gXFFW7GXV,K-Pop Rising,Park Bom,I (Feat. DAWN)
37i9dQZF1DX4FcAKI5Nhzq,spotify,6YVMFz59CuY7ngCxTxjpxE,1o844wI52S3TjXGBwvGcc7,K-Pop Rising,aespa,Hold On Tight
37i9dQZF1DX4FcAKI5Nhzq,spotify,4TEK9tIkcoxib4GxT3O4ky,7AGq5qaaF9awHDaKuCvVjj,K-Pop Rising,KISS OF LIFE,Bad News
37i9dQZF1DX4FcAKI5Nhzq,spotify,4hnHLgMSOiqERWBL4jINP1,3ckM6eeEiOc0iON56lKfDv,K-Pop Rising,BOYNEXTDOOR,Fadeaway
37i9dQZF1DX4FcAKI5Nhzq,spotify,5BkB3rXc0qIdUtuEnhbK0A,6tIIC3K58Sk6Et8KYmynez,K-Pop Rising,VIXX,Amnesia
37i9dQZF1DX4FcAKI5Nhzq,spotify,2GQxKDojobwBjZMPf7aoh0,2zoLJs2jC0uiy59KJAWL2h,K-Pop Rising,Billlie,BYOB (bring your own best friend)
37i9dQZF1DX4FcAKI5Nhzq,spotify,7Lq3yAtwi0Z7zpxEwbQQNZ,618OKP1lBkNJL8uZdNSvQE,K-Pop Rising,VIVIZ,MANIAC
37i9dQZF1DX4FcAKI5Nhzq,spotify,7cjg7EkeZy3OI5o9Qthc6n,2qiWQf7ka0C4XoA7JAZ1q5,K-Pop Rising,ZEROBASEONE,CRUSH
37i9dQZF1DX4FcAKI5Nhzq,spotify,4nvFFLtv7ZqoTr83387uK4,0sedpruW5fiIKDyDNKa6rp,K-Pop Rising,Dynamicduo,"Smoke (Prod. Dynamicduo, Padi) - Remix"
37i9dQZF1DX4FcAKI5Nhzq,spotify,2FJYWlqgtoiBtXpOy9GGIF,5aEdNj5hYLKwSiO9vKK552,K-Pop Rising,OMEGA X,JUNK FOOD
37i9dQZF1DX4FcAKI5Nhzq,spotify,1lFLniFTaPjYCtQZvDXpqu,6nxaMLoDXkG0NlwV46Jnvb,K-Pop Rising,KIMSEJEONG,Top or Cliff
37i9dQZF1DX4FcAKI5Nhzq,spotify,2jOm3cYujQx6o1dxuiuqaX,2cEwQnP4284g37N6D7ETND,K-Pop Rising,RIIZE,Talk Saxy
37i9dQZF1DX4FcAKI5Nhzq,spotify,5UKoKVlU7EDN4UgDuVRAbX,4uLvMzr4BxERpvkeEAgxhS,K-Pop Rising,Baek A Yeon,LIME (I'm So)
37i9dQZF1DX4FcAKI5Nhzq,spotify,64k5e9kV9MdukXjFrR5R37,6QJEWaTiiBSYPHr6FrZ8vu,K-Pop Rising,Jessi,Gum
37i9dQZF1DX4FcAKI5Nhzq,spotify,5qUAtC3NwSLYme4JqjlGfQ,7wqqCArjMYTtXRhw0uYLmc,K-Pop Rising,Youngjae,Do It
37i9dQZF1DX4FcAKI5Nhzq,spotify,4nvFFLtv7ZqoTr83387uK4,1qRfAvzRIJQodWKBNFAb6C,K-Pop Rising,Dynamicduo,"Smoke (Prod. Dynamicduo, Padi)"
37i9dQZF1DX4FcAKI5Nhzq,spotify,7bmYpVgQub656uNTu6qGNQ,253P6uwLnelVQ6MdwXMIJk,K-Pop Rising,HWASA,Chili
37i9dQZF1DX4FcAKI5Nhzq,spotify,0UntV1Bw2hk3fbRrm9eMP6,2nWVowkuFVY6hCRBylnaZh,K-Pop Rising,B.I,Loved
37i9dQZF1DX4FcAKI5Nhzq,spotify,2jOm3cYujQx6o1dxuiuqaX,4H65EdACzwqV8sTt3dDyA0,K-Pop Rising,RIIZE,Get A Guitar
37i9dQZF1DX4FcAKI5Nhzq,spotify,3z8diLlUCkN1j9N9ZdnfBJ,4TBpE4HSPeB6OTqbqqwSon,K-Pop Rising,NiziU,HEARTRIS
37i9dQZF1DX4FcAKI5Nhzq,spotify,6MoXcK2GyGg7FIyxPU5yW6,3SifPlW12FRs8OQP2VkXSi,K-Pop Rising,SUNMI,STRANGER
37i9dQZF1DX4FcAKI5Nhzq,spotify,2jOm3cYujQx6o1dxuiuqaX,11s5p72subU7SHJPzyR2Lq,K-Pop Rising,RIIZE,Memories
37i9dQZF1DX4FcAKI5Nhzq,spotify,3ZZzT0naD25RhY2uZvIKkJ,32Ao6xLLir3dPOhQGvqgSB,K-Pop Rising,EVERGLOW,SLAY
37i9dQZF1DX4FcAKI5Nhzq,spotify,6RHTUrRF63xao58xh9FXYJ,6ezYHltHYhuJckdCsYsRJI,K-Pop Rising,IVE,Either Way
37i9dQZF1DX4FcAKI5Nhzq,spotify,2JhAlkmukNvarUpGhTFXUQ,1OhotmnsJBmsHaKwACYMgJ,K-Pop Rising,KARD,ICKY
37i9dQZF1DX4FcAKI5Nhzq,spotify,68KmkJeZGfwe1OUaivBa2L,5cTnKClHyczcUhFT8MKBZe,K-Pop Rising,ATEEZ,HALAZIA
37i9dQZF1DX4FcAKI5Nhzq,spotify,6SYJFHPxXkr4SZJR8aLEml,6MSRu5wksC0Esn63XOgmI3,K-Pop Rising,EVNNE,TROUBLE
37i9dQZF1DX4FcAKI5Nhzq,spotify,4TEK9tIkcoxib4GxT3O4ky,0NoeYUnwpb9R26mpylHcR9,K-Pop Rising,KISS OF LIFE,Sugarcoat (NATTY Solo)
37i9dQZF1DX4FcAKI5Nhzq,spotify,0IznZPMUyaPGdqfP4oqBja,4IiSP6seUj7QwhgDgXdS11,K-Pop Rising,Coogie,Right Now (Feat. Crush)
37i9dQZF1DX4FcAKI5Nhzq,spotify,6aLdhHUqgdKE86xbtNmY8g,3uzUBVCNTdVnmJMumFA4Ce,K-Pop Rising,Crush,Click Like (Prod. Crush) (Feat. Paul Blanco)
37i9dQZF1DX4FcAKI5Nhzq,spotify,6RHTUrRF63xao58xh9FXYJ,1Xnha5ko8j7yY8O3ATe0Vs,K-Pop Rising,IVE,I WANT
37i9dQZF1DX4FcAKI5Nhzq,spotify,0lgENJQUkqkDbpsTYEayOr,3ISOK4T54v6O1g1AB8FiEK,K-Pop Rising,JUNNY,INVITATION (Feat. Gaeko)
37i9dQZF1DX4FcAKI5Nhzq,spotify,5na1LmEmK2VzNLje9snJYW,4eZpe6SMJQIqAU9VJI84oD,K-Pop Rising,The Rose,Back To Me
37i9dQZF1DX4FcAKI5Nhzq,spotify,3JjvsPeGMbDJqsphe2z8xU,4vTXBC7QOjEbi8DcJvCNE2,K-Pop Rising,P1Harmony,JUMP
37i9dQZF1DX4FcAKI5Nhzq,spotify,3CVYSpM7nfHFG5qCTW7Ht9,3KXqLK4qPxr6qlrfzVVmNY,K-Pop Rising,ONEUS,Baila Conmigo
37i9dQZF1DX4FcAKI5Nhzq,spotify,5na1LmEmK2VzNLje9snJYW,6Ca2C9ycBna1WXfL5cB6Gn,K-Pop Rising,The Rose,You're Beautiful
37i9dQZF1DX4FcAKI5Nhzq,spotify,2KC9Qb60EaY0kW4eH68vr3,2T0cn0hvGrG8vqqB8sK4zX,K-Pop Rising,ITZY,SUPERPOWERS
37i9dQZF1DWYbyYXnUYgqZ,spotify,4SpbR6yFEvexJuaBpgAU5p,74X2u8JMVooG2QbjRxXwR8,K-Pop Gaming,LE SSERAFIM,Perfect Night
37i9dQZF1DWYbyYXnUYgqZ,spotify,2dIgFjalVxs4ThymZ67YCE,1OG1NoKpZZLrMqMYCk9m84,K-Pop Gaming,Stray Kids,LALALALA
37i9dQZF1DWYbyYXnUYgqZ,spotify,6HaGTQPmzraVmaVxvz6EUc,2KslE17cAJNHTsI2MI0jb2,K-Pop Gaming,Jung Kook,Standing Next to You
37i9dQZF1DWYbyYXnUYgqZ,spotify,6YVMFz59CuY7ngCxTxjpxE,5XWlyfo0kZ8LF7VSyfS4Ew,K-Pop Gaming,aespa,Drama
37i9dQZF1DWYbyYXnUYgqZ,spotify,1z4g3DjTBBZKhvAroFlhOM,68gQG2HpRMxIRom4pCugMq,K-Pop Gaming,Red Velvet,Chill Kill
37i9dQZF1DWYbyYXnUYgqZ,spotify,250b0Wlc5Vk0CoUsaCY84M,6gcuJpHu0Ey30D5WR76y98,K-Pop Gaming,JENNIE,You & Me
37i9dQZF1DWYbyYXnUYgqZ,spotify,6Xg22wJOAcnvPUfk5WvODH,4loUHO28CuvSbEiZXId1BD,K-Pop Gaming,JEON SOYEON,NOBODY
37i9dQZF1DWYbyYXnUYgqZ,spotify,6HvZYsbFfjnjFrWF950C9d,5sdQOyqq2IDhvmx2lHOpwd,K-Pop Gaming,NewJeans,Super Shy
37i9dQZF1DWYbyYXnUYgqZ,spotify,6HaGTQPmzraVmaVxvz6EUc,6ehWdR7cGDXnT7aKEASJxE,K-Pop Gaming,Jung Kook,3D (feat. Jack Harlow)
37i9dQZF1DWYbyYXnUYgqZ,spotify,4gkSpcyfxtm5OFoZCYWTeD,0NlGSYMfgwTLbMzViHYPO6,K-Pop Gaming,Zior Park,BYE BYE BYE (feat. Sion)
37i9dQZF1DWYbyYXnUYgqZ,spotify,2tIP7SsRs7vjIcLrU85W8J,0rKWJnmo6Q0ovoPOLoLm0t,K-Pop Gaming,The Kid LAROI,TOO MUCH
37i9dQZF1DWYbyYXnUYgqZ,spotify,5vV3bFXnN6D6N3Nj4xRvaV,0h7QMc9ZRzA9QJrbEHytn2,K-Pop Gaming,JIN,The Astronaut
37i9dQZF1DWYbyYXnUYgqZ,spotify,41MozSoPIsD1dJM0CLPjZF,4SFknyjLcyTLJFPKD2m96o,K-Pop Gaming,BLACKPINK,How You Like That
37i9dQZF1DWYbyYXnUYgqZ,spotify,2AfmfGFbe0A0WsTYm0SDTx,4uOBL4DDWWVx4RhYKlPbPC,K-Pop Gaming,(G)I-DLE,Queencard
37i9dQZF1DWYbyYXnUYgqZ,spotify,6HvZYsbFfjnjFrWF950C9d,65FftemJ1DbbZ45DUfHJXE,K-Pop Gaming,NewJeans,OMG
37i9dQZF1DWYbyYXnUYgqZ,spotify,6RHTUrRF63xao58xh9FXYJ,7uyeEbG6hyApgXuEypGcsZ,K-Pop Gaming,IVE,Baddie
37i9dQZF1DWYbyYXnUYgqZ,spotify,2dIgFjalVxs4ThymZ67YCE,3gTQwwDNJ42CCLo3Sf4JDd,K-Pop Gaming,Stray Kids,S-Class
37i9dQZF1DWYbyYXnUYgqZ,spotify,6HaGTQPmzraVmaVxvz6EUc,7x9aauaA9cu6tyfpHnqDLo,K-Pop Gaming,Jung Kook,Seven (feat. Latto) (Explicit Ver.)
37i9dQZF1DWYbyYXnUYgqZ,spotify,3Nrfpe0tUJi4K4DXYWgMUX,5QDLhrAOJJdNAmCTJ8xMyW,K-Pop Gaming,BTS,Dynamite
37i9dQZF1DWYbyYXnUYgqZ,spotify,4SpbR6yFEvexJuaBpgAU5p,51vRumtqbkNW9wrKfESwfu,K-Pop Gaming,LE SSERAFIM,UNFORGIVEN (feat. Nile Rodgers)
37i9dQZF1DWYbyYXnUYgqZ,spotify,6RHTUrRF63xao58xh9FXYJ,70t7Q6AYG6ZgTYmJWcnkUM,K-Pop Gaming,IVE,I AM
37i9dQZF1DWYbyYXnUYgqZ,spotify,4gzpq5DPGxSnKTe4SA8HAU,3FeVmId7tL5YN8B7R3imoM,K-Pop Gaming,Coldplay,My Universe
37i9dQZF1DWYbyYXnUYgqZ,spotify,41MozSoPIsD1dJM0CLPjZF,4ZxOuNHhpyOj4gv52MtQpT,K-Pop Gaming,BLACKPINK,As If It's Your Last
37i9dQZF1DWYbyYXnUYgqZ,spotify,5t5FqBwTcgKTaWmfEbwQY9,5elW2CKSoqjYoJ32AGDxf1,K-Pop Gaming,ENHYPEN,Polaroid Love
37i9dQZF1DWYbyYXnUYgqZ,spotify,6HvZYsbFfjnjFrWF950C9d,3r8RuvgbX9s7ammBn07D3W,K-Pop Gaming,NewJeans,Ditto
37i9dQZF1DWYbyYXnUYgqZ,spotify,4SpbR6yFEvexJuaBpgAU5p,4QhnNyKDsAkXPwHkSnuc89,K-Pop Gaming,LE SSERAFIM,"Eve, Psyche & The Bluebeard’s wife"
37i9dQZF1DWYbyYXnUYgqZ,spotify,3Nrfpe0tUJi4K4DXYWgMUX,69xohKu8C1fsflYAiSNbwM,K-Pop Gaming,BTS,Run BTS
37i9dQZF1DWYbyYXnUYgqZ,spotify,6RHTUrRF63xao58xh9FXYJ,2gYj9lubBorOPIVWsTXugG,K-Pop Gaming,IVE,After LIKE
37i9dQZF1DWYbyYXnUYgqZ,spotify,6UZ0ba50XreR4TM8u322gs,69CrOS7vEHIrhC2ILyEi0s,K-Pop Gaming,JISOO,FLOWER
37i9dQZF1DWYbyYXnUYgqZ,spotify,6YVMFz59CuY7ngCxTxjpxE,6zZWoHlF2zNSLUNLvx4GUl,K-Pop Gaming,aespa,Better Things
37i9dQZF1DWYbyYXnUYgqZ,spotify,7bmYpVgQub656uNTu6qGNQ,0pHylQR53epYtRcVIhUSCh,K-Pop Gaming,HWASA,I Love My Body
37i9dQZF1DWYbyYXnUYgqZ,spotify,3Nrfpe0tUJi4K4DXYWgMUX,6jjYDGxVJsWS0a5wlVF5vS,K-Pop Gaming,BTS,Butter
37i9dQZF1DWYbyYXnUYgqZ,spotify,5t5FqBwTcgKTaWmfEbwQY9,1wcr8DjnN59Awev8nnKpQ4,K-Pop Gaming,ENHYPEN,Drunk-Dazed
37i9dQZF1DWYbyYXnUYgqZ,spotify,6HvZYsbFfjnjFrWF950C9d,0a4MMyCrzT0En247IhqZbD,K-Pop Gaming,NewJeans,Hype Boy
37i9dQZF1DWYbyYXnUYgqZ,spotify,6RHTUrRF63xao58xh9FXYJ,0Q5VnK2DYzRyfqQRJuUtvi,K-Pop Gaming,IVE,LOVE DIVE
37i9dQZF1DWYbyYXnUYgqZ,spotify,4SpbR6yFEvexJuaBpgAU5p,4fsQ0K37TOXa3hEQfjEic1,K-Pop Gaming,LE SSERAFIM,ANTIFRAGILE
37i9dQZF1DWYbyYXnUYgqZ,spotify,2AfmfGFbe0A0WsTYm0SDTx,0IGUXY4JbK18bu9oD4mPIm,K-Pop Gaming,(G)I-DLE,TOMBOY
37i9dQZF1DWYbyYXnUYgqZ,spotify,2jOm3cYujQx6o1dxuiuqaX,4H65EdACzwqV8sTt3dDyA0,K-Pop Gaming,RIIZE,Get A Guitar
37i9dQZF1DWYbyYXnUYgqZ,spotify,41MozSoPIsD1dJM0CLPjZF,1mFpMoeZfkIqtqW2AfQ8ba,K-Pop Gaming,BLACKPINK,THE GIRLS - BLACKPINK THE GAME OST
37i9dQZF1DWYbyYXnUYgqZ,spotify,6HvZYsbFfjnjFrWF950C9d,2pIUpMhHL6L9Z5lnKxJJr9,K-Pop Gaming,NewJeans,Attention
37i9dQZF1DWYbyYXnUYgqZ,spotify,3Q5Qep7ytrjVleNnMnntgQ,4UaGQ2D4MBuRBWumZO52Ma,K-Pop Gaming,TEN,Paint Me Naked
37i9dQZF1DWYbyYXnUYgqZ,spotify,3Nrfpe0tUJi4K4DXYWgMUX,3XYRV7ZSHqIRDG87DKTtry,K-Pop Gaming,BTS,Permission to Dance
37i9dQZF1DWYbyYXnUYgqZ,spotify,2AfmfGFbe0A0WsTYm0SDTx,6NnCWIWV740gP7DQ8kqdIE,K-Pop Gaming,(G)I-DLE,Nxde
37i9dQZF1DWYbyYXnUYgqZ,spotify,2dIgFjalVxs4ThymZ67YCE,4XPXrcpyNr30Km6aPiflJy,K-Pop Gaming,Stray Kids,God’s Menu
37i9dQZF1DWYbyYXnUYgqZ,spotify,6RHTUrRF63xao58xh9FXYJ,7n2FZQsaLb7ZRfRPfEeIvr,K-Pop Gaming,IVE,ELEVEN
37i9dQZF1DWYbyYXnUYgqZ,spotify,6YVMFz59CuY7ngCxTxjpxE,1ULdASrNy5rurl1TZfFaMP,K-Pop Gaming,aespa,Spicy
37i9dQZF1DWYbyYXnUYgqZ,spotify,1VwDG9aBflQupaFNjUru9A,3lOMJTQTd6J34faYwASc33,K-Pop Gaming,NAYEON,POP!
37i9dQZF1DWYbyYXnUYgqZ,spotify,7nqOGRxlXj7N2JYbgNEjYH,6I2tqFhk8tq69iursYxuxd,K-Pop Gaming,SEVENTEEN,HOT
37i9dQZF1DWYbyYXnUYgqZ,spotify,7n2Ycct7Beij7Dj7meI4X0,3zhbXKFjUDw40pTYyCgt1Y,K-Pop Gaming,TWICE,What is Love
37i9dQZF1DWYbyYXnUYgqZ,spotify,41MozSoPIsD1dJM0CLPjZF,7gRFDGEzF9UkBV233yv2dc,K-Pop Gaming,BLACKPINK,Shut Down
37i9dQZF1DWYbyYXnUYgqZ,spotify,2dd5mrQZvg6SmahdgVKDzh,7GNRUsU3M4XNDDB9xle5Dz,K-Pop Gaming,PSY,That That (prod.&feat. SUGA of BTS)
37i9dQZF1DWYbyYXnUYgqZ,spotify,2dIgFjalVxs4ThymZ67YCE,3O8G8eVrhfXTGttyQ1xVuq,K-Pop Gaming,Stray Kids,CASE 143
37i9dQZF1DWYbyYXnUYgqZ,spotify,7bmYpVgQub656uNTu6qGNQ,253P6uwLnelVQ6MdwXMIJk,K-Pop Gaming,HWASA,Chili
37i9dQZF1DWYbyYXnUYgqZ,spotify,6YVMFz59CuY7ngCxTxjpxE,3dbLT62Cvs46Ju7a8gpr36,K-Pop Gaming,aespa,Savage
37i9dQZF1DWYbyYXnUYgqZ,spotify,4gOc8TsQed9eqnqJct2c5v,5sbooPcNgIE22DwO0VNGUJ,K-Pop Gaming,K/DA,POP/STARS
37i9dQZF1DWYbyYXnUYgqZ,spotify,41MozSoPIsD1dJM0CLPjZF,5zwwW9Oq7ubSxoCGyW1nbY,K-Pop Gaming,BLACKPINK,Pink Venom
37i9dQZF1DWYbyYXnUYgqZ,spotify,5t5FqBwTcgKTaWmfEbwQY9,69WpV0U7OMNFGyq8I63dcC,K-Pop Gaming,ENHYPEN,Given-Taken
37i9dQZF1DWYbyYXnUYgqZ,spotify,0ghlgldX5Dd6720Q3qFyQB,7kaFsQygyiCqRboWCXztxZ,K-Pop Gaming,TOMORROW X TOGETHER,Do It Like That
37i9dQZF1DWYbyYXnUYgqZ,spotify,7n2Ycct7Beij7Dj7meI4X0,0RDqNCRBGrSegk16Avfzuq,K-Pop Gaming,TWICE,Talk that Talk
37i9dQZF1DWYbyYXnUYgqZ,spotify,2dIgFjalVxs4ThymZ67YCE,0nwTMzpatarzvLvtwwzdCt,K-Pop Gaming,Stray Kids,Thunderous
37i9dQZF1DWYbyYXnUYgqZ,spotify,3Nrfpe0tUJi4K4DXYWgMUX,10SRMwb9EuVS1K9rYsBfHQ,K-Pop Gaming,BTS,Yet To Come
37i9dQZF1DWYbyYXnUYgqZ,spotify,1uAT5bTSp6dWbNmixIUP5t,7eBpUuPnDTfbeP1P4P93CS,K-Pop Gaming,BSS,Fighting (Feat. Lee Young Ji)
37i9dQZF1DWYbyYXnUYgqZ,spotify,6YVMFz59CuY7ngCxTxjpxE,2zrhoHlFKxFTRF5aMyxMoQ,K-Pop Gaming,aespa,Next Level
37i9dQZF1DWYbyYXnUYgqZ,spotify,0ghlgldX5Dd6720Q3qFyQB,1Z8TPHiKeCUyClxV6WTTIf,K-Pop Gaming,TOMORROW X TOGETHER,0X1=LOVESONG (I Know I Love You) feat. Seori
37i9dQZF1DWYbyYXnUYgqZ,spotify,7n2Ycct7Beij7Dj7meI4X0,4OtVQ2ZxS7yigIjGz5yKg1,K-Pop Gaming,TWICE,SET ME FREE
37i9dQZF1DWYbyYXnUYgqZ,spotify,3cjEqqelV9zb4BYE3qDQ4O,42h7yc9Rda1IOMYLACVgld,K-Pop Gaming,EXO,Cream Soda
37i9dQZF1DWYbyYXnUYgqZ,spotify,2KC9Qb60EaY0kW4eH68vr3,56Yxkm62GtEpnPyG7TvwLY,K-Pop Gaming,ITZY,LOCO
37i9dQZF1DWYbyYXnUYgqZ,spotify,5CiGnKThu5ctn9pBxv7DGa,0xzI1KAr0Yd9tv8jlIk3sn,K-Pop Gaming,benny blanco,Bad Decisions (with BTS & Snoop Dogg)
37i9dQZF1DWYbyYXnUYgqZ,spotify,5L1lO4eRHmJ7a0Q6csE5cT,7uQZVznj0uQOGC9KhV2Mg6,K-Pop Gaming,LISA,LALISA
37i9dQZF1DWYbyYXnUYgqZ,spotify,4GJ6xDCF5jaUqD6avOuQT6,5mg3VB3Qh7jcR5kAAC4DSV,K-Pop Gaming,FIFTY FIFTY,Cupid
37i9dQZF1DWYbyYXnUYgqZ,spotify,3qNVuliS40BLgXGxhdBdqu,7rXcCpIAoOUCydkVDMcoPV,K-Pop Gaming,TAEYEON,INVU
37i9dQZF1DWYbyYXnUYgqZ,spotify,7nqOGRxlXj7N2JYbgNEjYH,6LnEoRQKMcaFTR5UvaKuBy,K-Pop Gaming,SEVENTEEN,Rock with you
37i9dQZF1DWYbyYXnUYgqZ,spotify,7n2Ycct7Beij7Dj7meI4X0,37ZtpRBkHcaq6hHy0X98zn,K-Pop Gaming,TWICE,I CAN'T STOP ME
37i9dQZF1DWYbyYXnUYgqZ,spotify,0ghlgldX5Dd6720Q3qFyQB,1HsSIPLTQT354yJcQGfEY3,K-Pop Gaming,TOMORROW X TOGETHER,Good Boy Gone Bad
37i9dQZF1DWYbyYXnUYgqZ,spotify,4SpbR6yFEvexJuaBpgAU5p,296nXCOv97WJNRWzIBQnoj,K-Pop Gaming,LE SSERAFIM,FEARLESS
37i9dQZF1DWYbyYXnUYgqZ,spotify,5t5FqBwTcgKTaWmfEbwQY9,6PRy17C5LiiN7VCLS6IA98,K-Pop Gaming,ENHYPEN,Future Perfect (Pass the MIC)
37i9dQZF1DWYbyYXnUYgqZ,spotify,7bmYpVgQub656uNTu6qGNQ,0ZeGfEAL5Rl4pd5LZBGuEK,K-Pop Gaming,HWASA,Maria
37i9dQZF1DWYbyYXnUYgqZ,spotify,4gOc8TsQed9eqnqJct2c5v,6juLaduD4STCUDWT0AYun4,K-Pop Gaming,K/DA,MORE
37i9dQZF1DWYbyYXnUYgqZ,spotify,28ot3wh4oNmoFOdVajibBl,5aaE27JUylnG7aPtGJPrrC,K-Pop Gaming,NMIXX,DICE
37i9dQZF1DWYbyYXnUYgqZ,spotify,7n2Ycct7Beij7Dj7meI4X0,2xtP8RNbo2BEMzLX7tK7aq,K-Pop Gaming,TWICE,CRY FOR ME
37i9dQZF1DWYbyYXnUYgqZ,spotify,0ghlgldX5Dd6720Q3qFyQB,21aOLk12MksET8AsbU0SI6,K-Pop Gaming,TOMORROW X TOGETHER,LO$ER=LO♡ER
37i9dQZF1DWYbyYXnUYgqZ,spotify,7nqOGRxlXj7N2JYbgNEjYH,3QwiidVHfeE9y5jl4n2MTC,K-Pop Gaming,SEVENTEEN,_WORLD
37i9dQZF1DWYbyYXnUYgqZ,spotify,7cjg7EkeZy3OI5o9Qthc6n,3F4lHPNHlvr3RpO4tpVOIs,K-Pop Gaming,ZEROBASEONE,In Bloom
37i9dQZF1DWYbyYXnUYgqZ,spotify,3HqSLMAZ3g3d5poNaI7GOU,5xrtzzzikpG3BLbo4q1Yul,K-Pop Gaming,IU,LILAC
37i9dQZF1DWYbyYXnUYgqZ,spotify,2KC9Qb60EaY0kW4eH68vr3,7ixVW7RobslvMrvlzHYLha,K-Pop Gaming,ITZY,Cheshire
37i9dQZF1DWYbyYXnUYgqZ,spotify,64k5e9kV9MdukXjFrR5R37,4IaxDf2FixiQXq0mW7key9,K-Pop Gaming,Jessi,ZOOM
37i9dQZF1DWYbyYXnUYgqZ,spotify,1z4g3DjTBBZKhvAroFlhOM,2oBMZYteeO8DyXV9gDx6Za,K-Pop Gaming,Red Velvet,Feel My Rhythm
37i9dQZF1DWYbyYXnUYgqZ,spotify,4gOc8TsQed9eqnqJct2c5v,2V4Fx72svQRxrFvNT1eq5f,K-Pop Gaming,K/DA,THE BADDEST
37i9dQZF1DWYbyYXnUYgqZ,spotify,0ghlgldX5Dd6720Q3qFyQB,3ObPkJQAgjAhTwYvDhPrAW,K-Pop Gaming,TOMORROW X TOGETHER,Blue Hour
37i9dQZF1DWYbyYXnUYgqZ,spotify,72nLe76yBFSlP6VBzME358,3NxuezMdSLgt4OwHzBoUhL,K-Pop Gaming,SHAUN,Way Back Home
37i9dQZF1DWYbyYXnUYgqZ,spotify,5t5FqBwTcgKTaWmfEbwQY9,7ecbsiAQ6PNdiAq0hplVZo,K-Pop Gaming,ENHYPEN,Blessed-Cursed
37i9dQZF1DWYbyYXnUYgqZ,spotify,0UntV1Bw2hk3fbRrm9eMP6,4XcxgZSriCYamtIA7BgT7V,K-Pop Gaming,B.I,BTBT
37i9dQZF1DWYbyYXnUYgqZ,spotify,6udveWUgX4vu75FF0DTrXV,4NIe9Is7bN5JWyTeCW2ahK,K-Pop Gaming,TAEYANG,VIBE (feat. Jimin of BTS)
37i9dQZF1DWYbyYXnUYgqZ,spotify,2jOm3cYujQx6o1dxuiuqaX,2cEwQnP4284g37N6D7ETND,K-Pop Gaming,RIIZE,Talk Saxy
37i9dQZF1DWYbyYXnUYgqZ,spotify,2KC9Qb60EaY0kW4eH68vr3,1ehags7lQMM1qX94VJkoaf,K-Pop Gaming,ITZY,Not Shy
37i9dQZF1DWYbyYXnUYgqZ,spotify,28ot3wh4oNmoFOdVajibBl,44zfpg3ndtGESsgpTbWeyE,K-Pop Gaming,NMIXX,O.O
37i9dQZF1DWYbyYXnUYgqZ,spotify,1gBUSTR3TyDdTVFIaQnc02,6B8MM3PVQtUbZLay7tP7er,K-Pop Gaming,NCT DREAM,Hot Sauce
37i9dQZF1DWYbyYXnUYgqZ,spotify,1z4g3DjTBBZKhvAroFlhOM,42tFTth2jcF7iSo0RBjfJF,K-Pop Gaming,Red Velvet,Peek-A-Boo
37i9dQZF1DWYbyYXnUYgqZ,spotify,6uNxlIP5lzPFf0BHuELOuX,3LCwQoTrdQgHsGJE5gGVqx,K-Pop Gaming,GOT the beat,Step Back
37i9dQZF1DWYbyYXnUYgqZ,spotify,2KC9Qb60EaY0kW4eH68vr3,1Wcr8zrKqbUX0zwN8Dbr16,K-Pop Gaming,ITZY,In the morning
4JcbaaznRdlWyzkXrDC7C6,18xlfdxs3niwir1kh97eyqwa8,3ZZzT0naD25RhY2uZvIKkJ,021L6LlBBtr34BmFRHd9Ic,Best K-Pop Songs,EVERGLOW,FIRST
4JcbaaznRdlWyzkXrDC7C6,18xlfdxs3niwir1kh97eyqwa8,3ZZzT0naD25RhY2uZvIKkJ,5XS0GCCIotaI6XtsYcIKeX,Best K-Pop Songs,EVERGLOW,Bon Bon Chocolat
4JcbaaznRdlWyzkXrDC7C6,18xlfdxs3niwir1kh97eyqwa8,3ZZzT0naD25RhY2uZvIKkJ,0sq2QUCf3ykmfYxjCDWcir,Best K-Pop Songs,EVERGLOW,Adios
4JcbaaznRdlWyzkXrDC7C6,18xlfdxs3niwir1kh97eyqwa8,3ZZzT0naD25RhY2uZvIKkJ,3ejAkJLWQSEJDqDXxK3efB,Best K-Pop Songs,EVERGLOW,DUN DUN
4JcbaaznRdlWyzkXrDC7C6,18xlfdxs3niwir1kh97eyqwa8,3ZZzT0naD25RhY2uZvIKkJ,6mIjJONoUMvGPT9Kzrab3L,Best K-Pop Songs,EVERGLOW,LA DI DA
4JcbaaznRdlWyzkXrDC7C6,18xlfdxs3niwir1kh97eyqwa8,6UZ0ba50XreR4TM8u322gs,0bC7GKnxh9W9JIvJ6HVWxc,Best K-Pop Songs,JISOO,FLOWER
4JcbaaznRdlWyzkXrDC7C6,18xlfdxs3niwir1kh97eyqwa8,4GJ6xDCF5jaUqD6avOuQT6,7FbrGaHYVDmfr7KoLIZnQ7,Best K-Pop Songs,FIFTY FIFTY,Cupid - Twin Ver.
4JcbaaznRdlWyzkXrDC7C6,18xlfdxs3niwir1kh97eyqwa8,6YVMFz59CuY7ngCxTxjpxE,3q5qpprtugUIEPExuI7tRD,Best K-Pop Songs,aespa,Welcome To MY World (feat. nævis)
4JcbaaznRdlWyzkXrDC7C6,18xlfdxs3niwir1kh97eyqwa8,5t5FqBwTcgKTaWmfEbwQY9,1wcr8DjnN59Awev8nnKpQ4,Best K-Pop Songs,ENHYPEN,Drunk-Dazed
4JcbaaznRdlWyzkXrDC7C6,18xlfdxs3niwir1kh97eyqwa8,3Nrfpe0tUJi4K4DXYWgMUX,5RGf8qn1TBWVplLyyKUsuV,Best K-Pop Songs,BTS,Blood Sweat & Tears
4JcbaaznRdlWyzkXrDC7C6,18xlfdxs3niwir1kh97eyqwa8,41MozSoPIsD1dJM0CLPjZF,60jpDubMmVyR5molJp2TCm,Best K-Pop Songs,BLACKPINK,Ice Cream (with Selena Gomez)
4JcbaaznRdlWyzkXrDC7C6,18xlfdxs3niwir1kh97eyqwa8,5R7AMwDeroq6Ls0COQYpS4,0hQNbQKW2dDATH1ngj4TI6,Best K-Pop Songs,Kep1er,WA DA DA
4JcbaaznRdlWyzkXrDC7C6,18xlfdxs3niwir1kh97eyqwa8,2AfmfGFbe0A0WsTYm0SDTx,0IGUXY4JbK18bu9oD4mPIm,Best K-Pop Songs,(G)I-DLE,TOMBOY
4JcbaaznRdlWyzkXrDC7C6,18xlfdxs3niwir1kh97eyqwa8,0Sadg1vgvaPqGTOjxu0N6c,6o6XlivwGtP1JgQZ8IAwty,Best K-Pop Songs,Girls' Generation,The Boys
4JcbaaznRdlWyzkXrDC7C6,18xlfdxs3niwir1kh97eyqwa8,5RR0MLwcjc87wjSw2JYdwx,3BPoSr2pO34Aan6alFfVto,Best K-Pop Songs,MOMOLAND,BBoom BBoom
4JcbaaznRdlWyzkXrDC7C6,18xlfdxs3niwir1kh97eyqwa8,41MozSoPIsD1dJM0CLPjZF,1Zyd6zQnC6XIIzmg3hP7Ot,Best K-Pop Songs,BLACKPINK,As If It's Your Last
4JcbaaznRdlWyzkXrDC7C6,18xlfdxs3niwir1kh97eyqwa8,3Nrfpe0tUJi4K4DXYWgMUX,3aW0ds4A4tSQDIp75FqWTo,Best K-Pop Songs,BTS,FAKE LOVE
4JcbaaznRdlWyzkXrDC7C6,18xlfdxs3niwir1kh97eyqwa8,3cjEqqelV9zb4BYE3qDQ4O,7GbUWl6qLW1gdngbEV2WDJ,Best K-Pop Songs,EXO,Monster
4JcbaaznRdlWyzkXrDC7C6,18xlfdxs3niwir1kh97eyqwa8,3Nrfpe0tUJi4K4DXYWgMUX,5SE57ljOIUJ1ybL9U6CuBH,Best K-Pop Songs,BTS,DNA
4JcbaaznRdlWyzkXrDC7C6,18xlfdxs3niwir1kh97eyqwa8,3cjEqqelV9zb4BYE3qDQ4O,6Rx0ORYPP3GH9rTvGS5Vy8,Best K-Pop Songs,EXO,CALL ME BABY
4JcbaaznRdlWyzkXrDC7C6,18xlfdxs3niwir1kh97eyqwa8,3Nrfpe0tUJi4K4DXYWgMUX,4z9gBZQjGS4QLb4LOvmeuA,Best K-Pop Songs,BTS,Burning Up (Fire)
4JcbaaznRdlWyzkXrDC7C6,18xlfdxs3niwir1kh97eyqwa8,5V1qsQHdXNm4ZEZHWvFnqQ,3vPHCKu5UhbGLe9rs8dBGr,Best K-Pop Songs,Dreamcatcher,Scream
4JcbaaznRdlWyzkXrDC7C6,18xlfdxs3niwir1kh97eyqwa8,3ZZzT0naD25RhY2uZvIKkJ,3CyCjgTHFzqucmECajq8QA,Best K-Pop Songs,EVERGLOW,DUN DUN
4JcbaaznRdlWyzkXrDC7C6,18xlfdxs3niwir1kh97eyqwa8,3Nrfpe0tUJi4K4DXYWgMUX,5KawlOMHjWeUjQtnuRs22c,Best K-Pop Songs,BTS,Boy With Luv (feat. Halsey)
4JcbaaznRdlWyzkXrDC7C6,18xlfdxs3niwir1kh97eyqwa8,3Nrfpe0tUJi4K4DXYWgMUX,75scDPqGs75FotglJSoOI2,Best K-Pop Songs,BTS,MIC Drop (Steve Aoki Remix) [Full Length Edition]
4JcbaaznRdlWyzkXrDC7C6,18xlfdxs3niwir1kh97eyqwa8,3Nrfpe0tUJi4K4DXYWgMUX,03iCbZaM4OkRR4We6wIzvx,Best K-Pop Songs,BTS,IDOL
4JcbaaznRdlWyzkXrDC7C6,18xlfdxs3niwir1kh97eyqwa8,7n2Ycct7Beij7Dj7meI4X0,0PoAZ7SLFpqpYR9LSCYAo8,Best K-Pop Songs,TWICE,CRY FOR ME
4JcbaaznRdlWyzkXrDC7C6,18xlfdxs3niwir1kh97eyqwa8,3Nrfpe0tUJi4K4DXYWgMUX,54s6sdPuMjVtdB5d5KFzTC,Best K-Pop Songs,BTS,Save Me
4JcbaaznRdlWyzkXrDC7C6,18xlfdxs3niwir1kh97eyqwa8,3Nrfpe0tUJi4K4DXYWgMUX,0i0hqOQdyFFd4cR5s32w8x,Best K-Pop Songs,BTS,Boy in Luv
4JcbaaznRdlWyzkXrDC7C6,18xlfdxs3niwir1kh97eyqwa8,0b1sIQumIAsNbqAoIClSpy,6wyr4ReB05D9sJB1Rsmcqo,Best K-Pop Songs,j-hope,Chicken Noodle Soup (feat. Becky G)
4JcbaaznRdlWyzkXrDC7C6,18xlfdxs3niwir1kh97eyqwa8,5RmQ8k4l3HZ8JoPb4mNsML,0H4ugk6rhnXmTl47ayy9O5,Best K-Pop Songs,Agust D,Daechwita
4JcbaaznRdlWyzkXrDC7C6,18xlfdxs3niwir1kh97eyqwa8,41MozSoPIsD1dJM0CLPjZF,3yHQKddM8SVCRnuPSo3HPN,Best K-Pop Songs,BLACKPINK,BOOMBAYAH
4JcbaaznRdlWyzkXrDC7C6,18xlfdxs3niwir1kh97eyqwa8,41MozSoPIsD1dJM0CLPjZF,3vAn0qZzdyuHamcrpkfiX3,Best K-Pop Songs,BLACKPINK,How You Like That
4JcbaaznRdlWyzkXrDC7C6,18xlfdxs3niwir1kh97eyqwa8,7bmYpVgQub656uNTu6qGNQ,0ZeGfEAL5Rl4pd5LZBGuEK,Best K-Pop Songs,HWASA,Maria
4JcbaaznRdlWyzkXrDC7C6,18xlfdxs3niwir1kh97eyqwa8,7n2Ycct7Beij7Dj7meI4X0,0Ll92eLIHWY5gey1ISNMPi,Best K-Pop Songs,TWICE,YES or YES
4JcbaaznRdlWyzkXrDC7C6,18xlfdxs3niwir1kh97eyqwa8,7n2Ycct7Beij7Dj7meI4X0,5KfbFCacFuNJGdK2zvovcF,Best K-Pop Songs,TWICE,TT
4JcbaaznRdlWyzkXrDC7C6,18xlfdxs3niwir1kh97eyqwa8,3ZZzT0naD25RhY2uZvIKkJ,5uHl2eYaITSX6xEX8bmaXy,Best K-Pop Songs,EVERGLOW,Adios
4JcbaaznRdlWyzkXrDC7C6,18xlfdxs3niwir1kh97eyqwa8,3Nrfpe0tUJi4K4DXYWgMUX,3Ys2PYl1wyPKQIwyqhP9cQ,Best K-Pop Songs,BTS,Stay Gold
4JcbaaznRdlWyzkXrDC7C6,18xlfdxs3niwir1kh97eyqwa8,3Nrfpe0tUJi4K4DXYWgMUX,24NuEDgyRIljwSyY0lsr7b,Best K-Pop Songs,BTS,Black Swan
4JcbaaznRdlWyzkXrDC7C6,18xlfdxs3niwir1kh97eyqwa8,3Nrfpe0tUJi4K4DXYWgMUX,02q0ZnV2L4XByzEvWZJqBC,Best K-Pop Songs,BTS,Spring Day
4JcbaaznRdlWyzkXrDC7C6,18xlfdxs3niwir1kh97eyqwa8,3Nrfpe0tUJi4K4DXYWgMUX,7dlNGfd6Fq8xcFb4K6Glws,Best K-Pop Songs,BTS,I Need U
4JcbaaznRdlWyzkXrDC7C6,18xlfdxs3niwir1kh97eyqwa8,2KC9Qb60EaY0kW4eH68vr3,6tCssnvTUREcperDOUTqvA,Best K-Pop Songs,ITZY,WANNABE
4JcbaaznRdlWyzkXrDC7C6,18xlfdxs3niwir1kh97eyqwa8,1z4g3DjTBBZKhvAroFlhOM,3CYH422oy1cZNoo0GTG1TK,Best K-Pop Songs,Red Velvet,Psycho
4JcbaaznRdlWyzkXrDC7C6,18xlfdxs3niwir1kh97eyqwa8,2hcsKca6hCfFMwwdbFvenJ,21CJvM7HXrI80aDHz2MES4,Best K-Pop Songs,BTOB,WOW
4JcbaaznRdlWyzkXrDC7C6,18xlfdxs3niwir1kh97eyqwa8,2dd5mrQZvg6SmahdgVKDzh,03UrZgTINDqvnUMbbIMhql,Best K-Pop Songs,PSY,Gangnam Style (강남스타일)
4JcbaaznRdlWyzkXrDC7C6,18xlfdxs3niwir1kh97eyqwa8,2dd5mrQZvg6SmahdgVKDzh,4fAvxYyU2u4fAJ0dmUsKfw,Best K-Pop Songs,PSY,DADDY
4JcbaaznRdlWyzkXrDC7C6,18xlfdxs3niwir1kh97eyqwa8,2dd5mrQZvg6SmahdgVKDzh,7JD3gqq0DA5l9xUmVCpJWu,Best K-Pop Songs,PSY,New Face
4JcbaaznRdlWyzkXrDC7C6,18xlfdxs3niwir1kh97eyqwa8,2dd5mrQZvg6SmahdgVKDzh,2BWd1qRu8mc6H0HbDtn8Dr,Best K-Pop Songs,PSY,Gentleman
4JcbaaznRdlWyzkXrDC7C6,18xlfdxs3niwir1kh97eyqwa8,2dd5mrQZvg6SmahdgVKDzh,2d0SxR0z1n1qxDbqYUXKs9,Best K-Pop Songs,PSY,I LUV IT
4JcbaaznRdlWyzkXrDC7C6,18xlfdxs3niwir1kh97eyqwa8,5V1qsQHdXNm4ZEZHWvFnqQ,37Ctz6MOHM2thzNIOMo7Z0,Best K-Pop Songs,Dreamcatcher,BOCA
4JcbaaznRdlWyzkXrDC7C6,18xlfdxs3niwir1kh97eyqwa8,5V1qsQHdXNm4ZEZHWvFnqQ,7uvW1F97LfVbOF6bzHs3nO,Best K-Pop Songs,Dreamcatcher,데자부 (Deja Vu)
4JcbaaznRdlWyzkXrDC7C6,18xlfdxs3niwir1kh97eyqwa8,5V1qsQHdXNm4ZEZHWvFnqQ,6vHyPhg8fgclBiY8QN68wp,Best K-Pop Songs,Dreamcatcher,PIRI
4JcbaaznRdlWyzkXrDC7C6,18xlfdxs3niwir1kh97eyqwa8,5V1qsQHdXNm4ZEZHWvFnqQ,5lwWpQ71GKN3sWmk8zZr9g,Best K-Pop Songs,Dreamcatcher,Red Sun
4JcbaaznRdlWyzkXrDC7C6,18xlfdxs3niwir1kh97eyqwa8,3ZZzT0naD25RhY2uZvIKkJ,06Pvy98db25O7wlfFFFIRM,Best K-Pop Songs,EVERGLOW,Bon Bon Chocolat
4JcbaaznRdlWyzkXrDC7C6,18xlfdxs3niwir1kh97eyqwa8,2KC9Qb60EaY0kW4eH68vr3,4ecVWqbtW6phQGpZMAyqIU,Best K-Pop Songs,ITZY,Not Shy
4JcbaaznRdlWyzkXrDC7C6,18xlfdxs3niwir1kh97eyqwa8,41MozSoPIsD1dJM0CLPjZF,0u5FYJWJLcLzSN9S1Wb2ag,Best K-Pop Songs,BLACKPINK,Lovesick Girls
4JcbaaznRdlWyzkXrDC7C6,18xlfdxs3niwir1kh97eyqwa8,5RR0MLwcjc87wjSw2JYdwx,5mpWGq83n0sIgGRopGk5QZ,Best K-Pop Songs,MOMOLAND,Wrap Me In Plastic
4JcbaaznRdlWyzkXrDC7C6,18xlfdxs3niwir1kh97eyqwa8,7n2Ycct7Beij7Dj7meI4X0,0BTaaKT4RMbs5M73tOHX5Y,Best K-Pop Songs,TWICE,Alcohol-Free
4JcbaaznRdlWyzkXrDC7C6,18xlfdxs3niwir1kh97eyqwa8,3Nrfpe0tUJi4K4DXYWgMUX,0LThjFY2iTtNdd4wviwVV2,Best K-Pop Songs,BTS,Permission to Dance
4JcbaaznRdlWyzkXrDC7C6,18xlfdxs3niwir1kh97eyqwa8,3Nrfpe0tUJi4K4DXYWgMUX,3VqeTFIvhxu3DIe4eZVzGq,Best K-Pop Songs,BTS,Butter
4JcbaaznRdlWyzkXrDC7C6,18xlfdxs3niwir1kh97eyqwa8,2KC9Qb60EaY0kW4eH68vr3,2QdH0rKlV3d9Y6lWzcnlBH,Best K-Pop Songs,ITZY,In the morning
4JcbaaznRdlWyzkXrDC7C6,18xlfdxs3niwir1kh97eyqwa8,41MozSoPIsD1dJM0CLPjZF,1XnpzbOGptRwfJhZgLbmSr,Best K-Pop Songs,BLACKPINK,Pretty Savage
4JcbaaznRdlWyzkXrDC7C6,18xlfdxs3niwir1kh97eyqwa8,41MozSoPIsD1dJM0CLPjZF,7iAgNZdotu40NwtoIWJHFe,Best K-Pop Songs,BLACKPINK,Bet You Wanna (feat. Cardi B)
4JcbaaznRdlWyzkXrDC7C6,18xlfdxs3niwir1kh97eyqwa8,41MozSoPIsD1dJM0CLPjZF,7iKDsPfLT0d5mu2htfMKBZ,Best K-Pop Songs,BLACKPINK,Love To Hate Me
4JcbaaznRdlWyzkXrDC7C6,18xlfdxs3niwir1kh97eyqwa8,41MozSoPIsD1dJM0CLPjZF,5ANbXf5qR48a4jfFnSq80w,Best K-Pop Songs,BLACKPINK,PLAYING WITH FIRE
4JcbaaznRdlWyzkXrDC7C6,18xlfdxs3niwir1kh97eyqwa8,41MozSoPIsD1dJM0CLPjZF,4TWHREp4wv0TmewqR6rgRd,Best K-Pop Songs,BLACKPINK,STAY
4JcbaaznRdlWyzkXrDC7C6,18xlfdxs3niwir1kh97eyqwa8,41MozSoPIsD1dJM0CLPjZF,2aI2k39nfa3KFsa4JclQzw,Best K-Pop Songs,BLACKPINK,DDU-DU DDU-DU
4JcbaaznRdlWyzkXrDC7C6,18xlfdxs3niwir1kh97eyqwa8,41MozSoPIsD1dJM0CLPjZF,56bHclo7YNvpujMveLElQn,Best K-Pop Songs,BLACKPINK,Forever Young
4JcbaaznRdlWyzkXrDC7C6,18xlfdxs3niwir1kh97eyqwa8,3Nrfpe0tUJi4K4DXYWgMUX,249gnXrbfmV8NG6jTEMSwD,Best K-Pop Songs,BTS,Life Goes On
4JcbaaznRdlWyzkXrDC7C6,18xlfdxs3niwir1kh97eyqwa8,3Nrfpe0tUJi4K4DXYWgMUX,3ndCsZfq8OVwwkz9mmZvUz,Best K-Pop Songs,BTS,Stay
4JcbaaznRdlWyzkXrDC7C6,18xlfdxs3niwir1kh97eyqwa8,3Nrfpe0tUJi4K4DXYWgMUX,4saklk6nie3yiGePpBwUoc,Best K-Pop Songs,BTS,Dynamite
4JcbaaznRdlWyzkXrDC7C6,18xlfdxs3niwir1kh97eyqwa8,3Nrfpe0tUJi4K4DXYWgMUX,2QyuXBcV1LJ2rq01KhreMF,Best K-Pop Songs,BTS,ON
4JcbaaznRdlWyzkXrDC7C6,18xlfdxs3niwir1kh97eyqwa8,3Nrfpe0tUJi4K4DXYWgMUX,4hrpoqJMVE7FxBu1YWx0eQ,Best K-Pop Songs,BTS,Not Today
4JcbaaznRdlWyzkXrDC7C6,18xlfdxs3niwir1kh97eyqwa8,6M2wZ9GZgrQXHCFfjv46we,7jr3iPu4O4bTCVwLMbdU2i,Best K-Pop Songs,Dua Lipa,Kiss and Make Up
4JcbaaznRdlWyzkXrDC7C6,18xlfdxs3niwir1kh97eyqwa8,3cjEqqelV9zb4BYE3qDQ4O,5EzitieoPnjyKHAq0gfRMa,Best K-Pop Songs,EXO,Ko Ko Bop
4JcbaaznRdlWyzkXrDC7C6,18xlfdxs3niwir1kh97eyqwa8,2AfmfGFbe0A0WsTYm0SDTx,2DmRXiyn03tOqKgEJXlaiJ,Best K-Pop Songs,(G)I-DLE,Oh my god
4JcbaaznRdlWyzkXrDC7C6,18xlfdxs3niwir1kh97eyqwa8,2KC9Qb60EaY0kW4eH68vr3,7zFBtYAVURF3bUVqEQ6UUu,Best K-Pop Songs,ITZY,ICY
4JcbaaznRdlWyzkXrDC7C6,18xlfdxs3niwir1kh97eyqwa8,3HqSLMAZ3g3d5poNaI7GOU,0pYacDCZuRhcrwGUA5nTBe,Best K-Pop Songs,IU,eight(Prod.&Feat. SUGA of BTS)
4JcbaaznRdlWyzkXrDC7C6,18xlfdxs3niwir1kh97eyqwa8,56mfhUDKa1vec6rSLZV5Eg,4TgxFMOn5yoESW6zCidCXL,Best K-Pop Songs,Jawsh 685,Savage Love (Laxed – Siren Beat) [BTS Remix]
4JcbaaznRdlWyzkXrDC7C6,18xlfdxs3niwir1kh97eyqwa8,250b0Wlc5Vk0CoUsaCY84M,2wVDWtLKXunswWecARNILj,Best K-Pop Songs,JENNIE,SOLO
4JcbaaznRdlWyzkXrDC7C6,18xlfdxs3niwir1kh97eyqwa8,1HY2Jd0NmPuamShAr6KMms,6R6ZoHTypt5lt68MWbzZXv,Best K-Pop Songs,Lady Gaga,Sour Candy (with BLACKPINK)
4JcbaaznRdlWyzkXrDC7C6,18xlfdxs3niwir1kh97eyqwa8,3eVa5w3URK5duf6eyVDbu9,2pn8dNVSpYnAtlKFC8Q0DJ,Best K-Pop Songs,ROSÉ,On The Ground
4JcbaaznRdlWyzkXrDC7C6,18xlfdxs3niwir1kh97eyqwa8,7n2Ycct7Beij7Dj7meI4X0,3omvXShuRPM3zbDpWYqf5g,Best K-Pop Songs,TWICE,MORE & MORE
4JcbaaznRdlWyzkXrDC7C6,18xlfdxs3niwir1kh97eyqwa8,7n2Ycct7Beij7Dj7meI4X0,7dZBVloiLpV350g0R6O3nP,Best K-Pop Songs,TWICE,What is Love?
4JcbaaznRdlWyzkXrDC7C6,18xlfdxs3niwir1kh97eyqwa8,7n2Ycct7Beij7Dj7meI4X0,6ve3r62aFa708CuICfbY5P,Best K-Pop Songs,TWICE,Likey
4JcbaaznRdlWyzkXrDC7C6,18xlfdxs3niwir1kh97eyqwa8,6YVMFz59CuY7ngCxTxjpxE,2zrhoHlFKxFTRF5aMyxMoQ,Best K-Pop Songs,aespa,Next Level
4JcbaaznRdlWyzkXrDC7C6,18xlfdxs3niwir1kh97eyqwa8,1gBUSTR3TyDdTVFIaQnc02,6B8MM3PVQtUbZLay7tP7er,Best K-Pop Songs,NCT DREAM,Hot Sauce
4JcbaaznRdlWyzkXrDC7C6,18xlfdxs3niwir1kh97eyqwa8,3ZZzT0naD25RhY2uZvIKkJ,6mIjJONoUMvGPT9Kzrab3L,Best K-Pop Songs,EVERGLOW,LA DI DA
4JcbaaznRdlWyzkXrDC7C6,18xlfdxs3niwir1kh97eyqwa8,6YVMFz59CuY7ngCxTxjpxE,1t2qYCAjUAoGfeFeoBlK51,Best K-Pop Songs,aespa,Black Mamba
4JcbaaznRdlWyzkXrDC7C6,18xlfdxs3niwir1kh97eyqwa8,6YVMFz59CuY7ngCxTxjpxE,26YNVqHuwAPeBVfDscTPds,Best K-Pop Songs,aespa,Forever (약속)
4JcbaaznRdlWyzkXrDC7C6,18xlfdxs3niwir1kh97eyqwa8,4Kxlr1PRlDKEB0ekOCyHgX,0QIRm9sUkGnezGznkWCqCo,Best K-Pop Songs,BIGBANG,BANG BANG BANG
4JcbaaznRdlWyzkXrDC7C6,18xlfdxs3niwir1kh97eyqwa8,41MozSoPIsD1dJM0CLPjZF,18PergoIrGmRyeYxnaXJN2,Best K-Pop Songs,BLACKPINK,Kill This Love
4JcbaaznRdlWyzkXrDC7C6,18xlfdxs3niwir1kh97eyqwa8,41MozSoPIsD1dJM0CLPjZF,6NEoeBLQbOMw92qMeLfI40,Best K-Pop Songs,BLACKPINK,WHISTLE
4JcbaaznRdlWyzkXrDC7C6,18xlfdxs3niwir1kh97eyqwa8,5L1lO4eRHmJ7a0Q6csE5cT,2KZ3sNqPogEyMUUH6A5HFy,Best K-Pop Songs,LISA,LALISA
4JcbaaznRdlWyzkXrDC7C6,18xlfdxs3niwir1kh97eyqwa8,5L1lO4eRHmJ7a0Q6csE5cT,45OX2jjEw1l7lOFJfDP9fv,Best K-Pop Songs,LISA,MONEY
4JcbaaznRdlWyzkXrDC7C6,18xlfdxs3niwir1kh97eyqwa8,4gzpq5DPGxSnKTe4SA8HAU,3FeVmId7tL5YN8B7R3imoM,Best K-Pop Songs,Coldplay,My Universe
4JcbaaznRdlWyzkXrDC7C6,18xlfdxs3niwir1kh97eyqwa8,7n2Ycct7Beij7Dj7meI4X0,308Ir17KlNdlrbVLHWhlLe,Best K-Pop Songs,TWICE,The Feels
4JcbaaznRdlWyzkXrDC7C6,18xlfdxs3niwir1kh97eyqwa8,7n2Ycct7Beij7Dj7meI4X0,2qQpFbqqkLOGySgNK8wBXt,Best K-Pop Songs,TWICE,FANCY
4JcbaaznRdlWyzkXrDC7C6,18xlfdxs3niwir1kh97eyqwa8,3ZZzT0naD25RhY2uZvIKkJ,0Vu5tjvXZX3qtzRiezxLi1,Best K-Pop Songs,EVERGLOW,Pirate
4JcbaaznRdlWyzkXrDC7C6,18xlfdxs3niwir1kh97eyqwa8,2AfmfGFbe0A0WsTYm0SDTx,5FiXhM80sP4yg6tEnHkZZn,Best K-Pop Songs,(G)I-DLE,HWAA
37i9dQZF1DX4IDaXtVjL83,spotify,3k6TH9knHgthYJiEVDUC2s,1zh1cJT5qzuhb0F2S6X9ba,K-Pop X-Overs,VCHA,Ready for the World
37i9dQZF1DX4IDaXtVjL83,spotify,6HaGTQPmzraVmaVxvz6EUc,0VPFT123HKoQ2J6ipeDcI1,K-Pop X-Overs,Jung Kook,Standing Next to You (Usher Remix)
37i9dQZF1DX4IDaXtVjL83,spotify,6HaGTQPmzraVmaVxvz6EUc,2mHw0KoEyDw8Yaw3yPoke6,K-Pop X-Overs,Jung Kook,3D (Justin Timberlake Remix)
37i9dQZF1DX4IDaXtVjL83,spotify,6UbmqUEgjLA6jAcXwbM1Z9,60DPrTJRHzpGPSJXLiSdDX,K-Pop X-Overs,BIBI,Amigos (with Becky G)
37i9dQZF1DX4IDaXtVjL83,spotify,2tIP7SsRs7vjIcLrU85W8J,0rKWJnmo6Q0ovoPOLoLm0t,K-Pop X-Overs,The Kid LAROI,TOO MUCH
37i9dQZF1DX4IDaXtVjL83,spotify,6HaGTQPmzraVmaVxvz6EUc,6ehWdR7cGDXnT7aKEASJxE,K-Pop X-Overs,Jung Kook,3D (feat. Jack Harlow)
37i9dQZF1DX4IDaXtVjL83,spotify,0ghlgldX5Dd6720Q3qFyQB,6uTPA1xlcsk6dbchB2dhzl,K-Pop X-Overs,TOMORROW X TOGETHER,Back for More (with Anitta)
37i9dQZF1DX4IDaXtVjL83,spotify,3hcs9uc56yIGFCSy9leWe7,5OHNBi6tsE0acRA9Kt4ybC,K-Pop X-Overs,Lil Durk,All My Life (Stray Kids Remix)
37i9dQZF1DX4IDaXtVjL83,spotify,6HaGTQPmzraVmaVxvz6EUc,06Qo2fYR2KS1F7bL338iVT,K-Pop X-Overs,Jung Kook,Closer to You (feat. Major Lazer)
37i9dQZF1DX4IDaXtVjL83,spotify,6HaGTQPmzraVmaVxvz6EUc,0k0GtcnyQLMiXrdEDbLXmJ,K-Pop X-Overs,Jung Kook,Please Don't Change (feat. DJ Snake)
37i9dQZF1DX4IDaXtVjL83,spotify,2u7CP5T30c8ctenzXgEV1W,3Kf4pY9LwV1cptb4HDNFyk,K-Pop X-Overs,pH-1,ROSETTA (Feat. MILLI)
37i9dQZF1DX4IDaXtVjL83,spotify,24fEOzlKhgSNLIcy9NdmwH,3WS8Wul8jTZg9jvmN8556Q,K-Pop X-Overs,James Reid,Jacuzzi
37i9dQZF1DX4IDaXtVjL83,spotify,5X8oV02v7yAe4gsI4Rxl5D,0mWIAujQDmtG5m7Mu0NTmK,K-Pop X-Overs,JINI,C'mon (feat. Aminé)
37i9dQZF1DX4IDaXtVjL83,spotify,0UntV1Bw2hk3fbRrm9eMP6,66bhW33qGtoNu3LQM5W70Z,K-Pop X-Overs,B.I,4 Letters
37i9dQZF1DX4IDaXtVjL83,spotify,7F1iAHRYxR3MY7yAEuFqgL,28mFFxAwJ9cx9j7z9yu64R,K-Pop X-Overs,JIHYO,Talkin’ About It (Feat. 24kGoldn)
37i9dQZF1DX4IDaXtVjL83,spotify,4GJ6xDCF5jaUqD6avOuQT6,28PCjIXE4NJWDIqpRsD3rl,K-Pop X-Overs,FIFTY FIFTY,Cupid – Twin Ver. (feat. Sabrina Carpenter)
37i9dQZF1DX4IDaXtVjL83,spotify,4XDi67ZENZcbfKnvMnTYsI,07dT7SCgoq9ntHReX3bbqQ,K-Pop X-Overs,Jay Park,"妳在哪裡 (WYA) Remix (Feat. pH-1, Lexie Liu, ØZI, Masiwei)"
37i9dQZF1DX4IDaXtVjL83,spotify,4SpbR6yFEvexJuaBpgAU5p,5zYrD1r49ex3WJk6iVIhfw,K-Pop X-Overs,LE SSERAFIM,"Eve, Psyche & the Bluebeard’s wife (feat. Demi Lovato)"
37i9dQZF1DX4IDaXtVjL83,spotify,4SpbR6yFEvexJuaBpgAU5p,1PeBPKbOCc370rnLKploBL,K-Pop X-Overs,LE SSERAFIM,ジュエリー (Prod. imase)
37i9dQZF1DX4IDaXtVjL83,spotify,0ghlgldX5Dd6720Q3qFyQB,7kaFsQygyiCqRboWCXztxZ,K-Pop X-Overs,TOMORROW X TOGETHER,Do It Like That
37i9dQZF1DX4IDaXtVjL83,spotify,4XDi67ZENZcbfKnvMnTYsI,4WOBcLq8VFP4xWLyNMAotu,K-Pop X-Overs,Jay Park,妳在哪裡 (WYA)
37i9dQZF1DX4IDaXtVjL83,spotify,4SpbR6yFEvexJuaBpgAU5p,07Kq5cRJkYNieu1rge3PZX,K-Pop X-Overs,LE SSERAFIM,UNFORGIVEN - Japanese ver.
37i9dQZF1DX4IDaXtVjL83,spotify,4GJ6xDCF5jaUqD6avOuQT6,7njDhlprmHJ1I9pM0rxMON,K-Pop X-Overs,FIFTY FIFTY,Barbie Dreams (feat. Kaliii) [From Barbie The Album]
37i9dQZF1DX4IDaXtVjL83,spotify,6HvZYsbFfjnjFrWF950C9d,12Yy0hZrUebGnr3IrppPnW,K-Pop X-Overs,NewJeans,Zero (J.I.D Remix)
37i9dQZF1DX4IDaXtVjL83,spotify,0ghlgldX5Dd6720Q3qFyQB,4yRVrTMD8zLyaCVcirIAdu,K-Pop X-Overs,TOMORROW X TOGETHER,0X1=LOVESONG (I Know I Love You) - Japanese Ver.
37i9dQZF1DX4IDaXtVjL83,spotify,4SpbR6yFEvexJuaBpgAU5p,7y2WZKii5EQkpGUef37XkR,K-Pop X-Overs,LE SSERAFIM,"Eve, Psyche & the Bluebeard’s wife (Rina Sawayama Remix)"
37i9dQZF1DX4IDaXtVjL83,spotify,64sY7LsUjNE3ifONkftTXC,7bpmCG4sekwU57wUQeY83b,K-Pop X-Overs,ADOY,Balloon - Sunset Rollercoaster Remake
37i9dQZF1DX4IDaXtVjL83,spotify,5vGoWnZO65NBgiZYBmi3iW,4bml9BznT3E0sX4xpa0voN,K-Pop X-Overs,KANGDANIEL,Wasteland
37i9dQZF1DX4IDaXtVjL83,spotify,7n2Ycct7Beij7Dj7meI4X0,0h3dJV8JA5oxPzSF4tkz2t,K-Pop X-Overs,TWICE,Hare Hare
37i9dQZF1DX4IDaXtVjL83,spotify,0CmvFWTX9zmMNCUi6fHtAx,53gU09JrGtZfXTPBFpukKr,K-Pop X-Overs,THE BOYZ,Delicious
37i9dQZF1DX4IDaXtVjL83,spotify,6grPDYoluzn0yi8qloRKst,2l0qBjI2zsbdcFoiRLugDA,K-Pop X-Overs,Raon,NEON
37i9dQZF1DX4IDaXtVjL83,spotify,6BgYuNomEs12UIrnxhWE9a,3NjXKo1nVrBfTzyFBflLCB,K-Pop X-Overs,TRI.BE,WONDERLAND - English Ver.
37i9dQZF1DX4IDaXtVjL83,spotify,4TaSvnT5o4REFwhqfrmK27,2QS8VmtgJ40DBQbOfK4W9U,K-Pop X-Overs,imase,NIGHT DANCER - BIG Naughty Remix
37i9dQZF1DX4IDaXtVjL83,spotify,4JliYPIw09GespZAmZv6rI,1huXH6cjXHN2ZpqnnG7dLo,K-Pop X-Overs,Maymay Entrata,AUTODEADMA (feat. WOOSEOK of PENTAGON)
37i9dQZF1DX4IDaXtVjL83,spotify,0UntV1Bw2hk3fbRrm9eMP6,4XcxgZSriCYamtIA7BgT7V,K-Pop X-Overs,B.I,BTBT
37i9dQZF1DX4IDaXtVjL83,spotify,2WuKU0SYZOQyY3MmE4vtez,39K97j8UZKiQWXDTrUybCL,K-Pop X-Overs,New Hope Club,Super Chic
37i9dQZF1DX4IDaXtVjL83,spotify,7n2Ycct7Beij7Dj7meI4X0,308Ir17KlNdlrbVLHWhlLe,K-Pop X-Overs,TWICE,The Feels
37i9dQZF1DX4IDaXtVjL83,spotify,1AhjOkOLkbHUfcHDSErXQs,5q3LwAHTqo9d3rET2EA9Nq,K-Pop X-Overs,88rising,The Weekend
37i9dQZF1DX4IDaXtVjL83,spotify,1zNqDE7qDGCsyzJwohVaoX,3szFx3SyWFpRbehaPxpyqq,K-Pop X-Overs,Anne-Marie,Expectations
37i9dQZF1DX4IDaXtVjL83,spotify,3HqSLMAZ3g3d5poNaI7GOU,0pYacDCZuRhcrwGUA5nTBe,K-Pop X-Overs,IU,eight(Prod.&Feat. SUGA of BTS)
37i9dQZF1DX4IDaXtVjL83,spotify,4TaSvnT5o4REFwhqfrmK27,19V8IRXP5XdFs1SVL58ZSA,K-Pop X-Overs,imase,NIGHT DANCER - Korean Ver.
37i9dQZF1DX4IDaXtVjL83,spotify,7n2Ycct7Beij7Dj7meI4X0,2xtP8RNbo2BEMzLX7tK7aq,K-Pop X-Overs,TWICE,CRY FOR ME
37i9dQZF1DX4IDaXtVjL83,spotify,72nLe76yBFSlP6VBzME358,2xGRrcajSvRlBbAXds2l7u,K-Pop X-Overs,SHAUN,Steal The Show
37i9dQZF1DX4IDaXtVjL83,spotify,64M6ah0SkkRsnPGtGiRAbb,5Av4jZOAbtY8STz7KPsNDB,K-Pop X-Overs,Bebe Rexha,Break My Heart Myself (feat. YEJI & RYUJIN of ITZY)
37i9dQZF1DX4IDaXtVjL83,spotify,7n2Ycct7Beij7Dj7meI4X0,0hpYo5x9iNMGz52fRrflbT,K-Pop X-Overs,TWICE,Perfect World
37i9dQZF1DX4IDaXtVjL83,spotify,6d8NscVVbeMVINZwJDOoN5,2kivpDuRbWrULiJtEaCfve,K-Pop X-Overs,Crash Adams,Give Me a Kiss - SHAUN Remix
37i9dQZF1DX4IDaXtVjL83,spotify,7n2Ycct7Beij7Dj7meI4X0,4viLaKGdHwhW8LkZB3mRFC,K-Pop X-Overs,TWICE,I CAN'T STOP ME (English Version)
37i9dQZF1DX4IDaXtVjL83,spotify,1bqxdqvUtPWZri43cKHac8,5dn6QANKbf76pANGjMBida,K-Pop X-Overs,MAX,Blueberry Eyes (feat. SUGA of BTS)
37i9dQZF1DX4IDaXtVjL83,spotify,5RR0MLwcjc87wjSw2JYdwx,5mpWGq83n0sIgGRopGk5QZ,K-Pop X-Overs,MOMOLAND,Wrap Me In Plastic
37i9dQZF1DX4IDaXtVjL83,spotify,7nqOGRxlXj7N2JYbgNEjYH,2kDrUAONMhG6CbDGBkhdrY,K-Pop X-Overs,SEVENTEEN,_WORLD
37i9dQZF1DX4IDaXtVjL83,spotify,1sjw4xq2pAWy5Vdgba5QAt,0lJxsFybSunQWH4MQNIyCo,K-Pop X-Overs,HENRY,Real Love Still Exists
37i9dQZF1DX4IDaXtVjL83,spotify,01XYiBYaoMJcNhPokrg0l0,1YLb3ORC4AEegaFJvD944o,K-Pop X-Overs,STAYC,Teddy Bear - Japanese Ver.
37i9dQZF1DX4IDaXtVjL83,spotify,3QJUFtGBGL05vo0kCJZsmT,3YQkC6dE9YE9sH1751qqEr,K-Pop X-Overs,salem ilese,PS5
37i9dQZF1DX4IDaXtVjL83,spotify,3Nrfpe0tUJi4K4DXYWgMUX,54azQnjuDYDFfImXimGFsA,K-Pop X-Overs,BTS,IDOL
37i9dQZF1DX4IDaXtVjL83,spotify,7qxo9RTWfEoFKN7XGtNV6V,68gj7zHltrak3vcx0GHAAm,K-Pop X-Overs,SECRET NUMBER,"Love,Maybe(Japanese ver.)"
37i9dQZF1DX4IDaXtVjL83,spotify,3Nrfpe0tUJi4K4DXYWgMUX,474VqnPDr0251lsQBB8sQB,K-Pop X-Overs,BTS,Butter - Megan Thee Stallion Remix
37i9dQZF1DX4IDaXtVjL83,spotify,7z8ogkK79YxSjsssdusjdm,3iQbIF9CvyOPRkiM9fvA3B,K-Pop X-Overs,PimryPie,PARTY
37i9dQZF1DX4IDaXtVjL83,spotify,4Euia7UzdRshy1DJOSMTcs,4I3kvtjNBcJWI7H9bszT75,K-Pop X-Overs,220 KID,Look Where We Are
37i9dQZF1DX4IDaXtVjL83,spotify,4y0wFJ5jmCUNRLZfsw1I7g,5FMaHFAPTjeWvym1F3IoGb,K-Pop X-Overs,AB6IX,Moonlight
37i9dQZF1DX4IDaXtVjL83,spotify,68KmkJeZGfwe1OUaivBa2L,2YeteVB8F8UkB5gmRPevLm,K-Pop X-Overs,ATEEZ,Paradigm
37i9dQZF1DX4IDaXtVjL83,spotify,0ghlgldX5Dd6720Q3qFyQB,3Bgl1xMI00capuTqUHBNUW,K-Pop X-Overs,TOMORROW X TOGETHER,Valley of Lies
37i9dQZF1DX4IDaXtVjL83,spotify,0ghlgldX5Dd6720Q3qFyQB,5yR9bGLr8Zz2EndMrthui1,K-Pop X-Overs,TOMORROW X TOGETHER,君じゃない誰かの愛し方 (Ring)
37i9dQZF1DX4IDaXtVjL83,spotify,01XYiBYaoMJcNhPokrg0l0,2gpwaAJnSDTevgZa4uyM0H,K-Pop X-Overs,STAYC,POPPY - Japanese Ver.
37i9dQZF1DX4IDaXtVjL83,spotify,2MnMuRYL9qsGvWPsZGeDGQ,6pSCLFRN1QIJ4Rn0CDGwUC,K-Pop X-Overs,F.HERO,Self Love
37i9dQZF1DX4IDaXtVjL83,spotify,6GvQJnPSXsAGPLRfoqfTfK,7ouOGLgqPhs5ezGPegOT6t,K-Pop X-Overs,Gen Neo,Like California (feat. DeVita)
37i9dQZF1DX4IDaXtVjL83,spotify,1uf6plWcu7QbKiASVlTUPa,3p3tezl8FJHkm68tczR0yP,K-Pop X-Overs,Wesley Joseph,SUGAR DIVE
37i9dQZF1DX4IDaXtVjL83,spotify,5t5FqBwTcgKTaWmfEbwQY9,3nV2Yjy2aJjUl74p0tEfWf,K-Pop X-Overs,ENHYPEN,Make the change
37i9dQZF1DX4IDaXtVjL83,spotify,5t5FqBwTcgKTaWmfEbwQY9,3lwif0ky1b6llUB5p4uulL,K-Pop X-Overs,ENHYPEN,Future Perfect (Pass the MIC) - Japanese Ver.
37i9dQZF1DX4IDaXtVjL83,spotify,4IKVDbCSBTxBeAsMKjAuTs,4C81bkQ2tkMmYk4bGFCrv5,K-Pop X-Overs,Armaan Malik,Memu Aagamu
37i9dQZF1DX4IDaXtVjL83,spotify,3JjvsPeGMbDJqsphe2z8xU,5760o7vIytByWNmmf115wj,K-Pop X-Overs,P1Harmony,Gotta Get Back (feat. Pink Sweat$)
37i9dQZF1DX4IDaXtVjL83,spotify,7FOqtptgmy8wtpNrzXcYOT,2MpJ3KdQiwCw5NOIs5j0Rg,K-Pop X-Overs,Chad Future,GOOD VIBES
37i9dQZF1DX4IDaXtVjL83,spotify,2dIgFjalVxs4ThymZ67YCE,25nbyqD4oqWU0RaXuAc74t,K-Pop X-Overs,Stray Kids,Your Eyes
37i9dQZF1DX4IDaXtVjL83,spotify,20gsENnposVs2I4rQ5kvrf,3QvCW0O7zuvG3oPtzxmHOm,K-Pop X-Overs,Sam Feldt,Late Night Feels
37i9dQZF1DX4IDaXtVjL83,spotify,5MO2kbaGGA2a8kL4c9qqHq,6nkFrBPgN5SHZMnS1ErITt,K-Pop X-Overs,Paul Oakenfold,How Do You Know (with HA:TFELT)
37i9dQZF1DX4IDaXtVjL83,spotify,7aZ221EQfonNG2lO9Hh192,21GuGNE5kAObbWPDRYaYLi,K-Pop X-Overs,KARA,WHEN I MOVE - Japanese Version
37i9dQZF1DX4IDaXtVjL83,spotify,2dIgFjalVxs4ThymZ67YCE,0XZL9R2exRu1Rpw6KSAeS4,K-Pop X-Overs,Stray Kids,Fairytale
37i9dQZF1DX4IDaXtVjL83,spotify,20gsENnposVs2I4rQ5kvrf,0xjVvYD6h76UlNkGl3L7Q4,K-Pop X-Overs,Sam Feldt,Late Night Feels (Öwnboss Remix)
37i9dQZF1DX4IDaXtVjL83,spotify,2dIgFjalVxs4ThymZ67YCE,6X5yUYQz3bKq0EZ0n82rqP,K-Pop X-Overs,Stray Kids,MANIAC -Japanese ver.-
37i9dQZF1DX4IDaXtVjL83,spotify,78u00MLyG46IkmM8HC6H0l,0vw7qY8iPqBt0ic05q2IoU,K-Pop X-Overs,Mew Suppasit,FOREVER LOVE
37i9dQZF1DX4IDaXtVjL83,spotify,52zMTJCKluDlFwMQWmccY7,4h2fIodPmm0JCSp7VI8JGJ,K-Pop X-Overs,LOONA,SICK LOVE
37i9dQZF1DX4IDaXtVjL83,spotify,72nLe76yBFSlP6VBzME358,4oNDmDKZyn3TdJtZHbZNsj,K-Pop X-Overs,SHAUN,So Right (feat. Yuna)
37i9dQZF1DX4IDaXtVjL83,spotify,52zMTJCKluDlFwMQWmccY7,5LORlaKLGzAAxeIeqxYxPd,K-Pop X-Overs,LOONA,LUMINOUS
37i9dQZF1DX4IDaXtVjL83,spotify,4Kbxm7oCQujaslLxf9q7k2,6PqDYUTmTGXnCfSDhm6AlJ,K-Pop X-Overs,SKY-HI,JUST BREATHE - feat. 3RACHA of Stray Kids
37i9dQZF1DX4IDaXtVjL83,spotify,0CmvFWTX9zmMNCUi6fHtAx,1C2P1QRhkrAQHTq3j1YfM1,K-Pop X-Overs,THE BOYZ,SHE'S THE BOSS
37i9dQZF1DX4IDaXtVjL83,spotify,25uiPmTg16RbhZWAqwLBy5,3teT4GffWtZUYQVmUwL14d,K-Pop X-Overs,Charli XCX,Beg for You (feat. Rina Sawayama) - A. G. Cook & VERNON OF SEVENTEEN Remix
37i9dQZF1DX4IDaXtVjL83,spotify,3uT0R5PsjP0k7NJ565Nqs4,4ag3PFjrtBvPkAXWvDpBng,K-Pop X-Overs,TFN,When The Sun Goes Down
37i9dQZF1DX4IDaXtVjL83,spotify,1mORehSVEd7lcaT2d7Sl2K,41zovgnOZ3akeNNa9h5vcC,K-Pop X-Overs,SURAN,Darling
37i9dQZF1DX4IDaXtVjL83,spotify,5zShiwTHlygdfsXj6eavTu,7AdyfUxsfKi1ERbwu7wLQU,K-Pop X-Overs,Golden Child,RATA-TAT-TAT
37i9dQZF1DX4IDaXtVjL83,spotify,5t5FqBwTcgKTaWmfEbwQY9,6pu3d534uImXPTd2ef7Yr2,K-Pop X-Overs,ENHYPEN,Tamed-Dashed - Japanese Ver.
37i9dQZF1DX4IDaXtVjL83,spotify,7n2Ycct7Beij7Dj7meI4X0,3gSGchfwjDKKVOE3RRXDSZ,K-Pop X-Overs,TWICE,Alcohol-Free - Japanese ver.
37i9dQZF1DX4IDaXtVjL83,spotify,71o1oWpLHVDNbfw7TwXKDg,6Zib96PhBuBL0o9ycIbX0l,K-Pop X-Overs,jens,Wish I Was Right For You
37i9dQZF1DX4IDaXtVjL83,spotify,0NGAZxHanS9e0iNHpR8f2W,2P7EG5won3VGHTzqimR9N5,K-Pop X-Overs,Alok,Under the Full Moon - Alok Remix
37i9dQZF1DX4IDaXtVjL83,spotify,6fWVd57NKTalqvmjRd2t8Z,4JwtEBtS1pAc9oTFzm5bFY,K-Pop X-Overs,24kGoldn,SCAR (Prod. BOYCOLD)
0jBy7AoqEFcY2xc57sSlTW,7sdtljmoprosj89qqgyr9ni0y,6YVMFz59CuY7ngCxTxjpxE,6nICBdDevG4NZysIqDFPEa,kpop songs everyone knows,aespa,Thirsty
0jBy7AoqEFcY2xc57sSlTW,7sdtljmoprosj89qqgyr9ni0y,4SpbR6yFEvexJuaBpgAU5p,51vRumtqbkNW9wrKfESwfu,kpop songs everyone knows,LE SSERAFIM,UNFORGIVEN (feat. Nile Rodgers)
0jBy7AoqEFcY2xc57sSlTW,7sdtljmoprosj89qqgyr9ni0y,7bmYpVgQub656uNTu6qGNQ,0pHylQR53epYtRcVIhUSCh,kpop songs everyone knows,HWASA,I Love My Body
0jBy7AoqEFcY2xc57sSlTW,7sdtljmoprosj89qqgyr9ni0y,4GJ6xDCF5jaUqD6avOuQT6,5mg3VB3Qh7jcR5kAAC4DSV,kpop songs everyone knows,FIFTY FIFTY,Cupid
0jBy7AoqEFcY2xc57sSlTW,7sdtljmoprosj89qqgyr9ni0y,6RHTUrRF63xao58xh9FXYJ,4hbU7BVioG3WnoRNEy5YUf,kpop songs everyone knows,IVE,Kitsch
0jBy7AoqEFcY2xc57sSlTW,7sdtljmoprosj89qqgyr9ni0y,1uAT5bTSp6dWbNmixIUP5t,7eBpUuPnDTfbeP1P4P93CS,kpop songs everyone knows,BSS,Fighting (Feat. Lee Young Ji)
0jBy7AoqEFcY2xc57sSlTW,7sdtljmoprosj89qqgyr9ni0y,2CvaqAMMsX576VBehaJ0Wx,3NkkcnnKrNHv4AiGaPdD76,kpop songs everyone knows,Wanna One,Energetic
0jBy7AoqEFcY2xc57sSlTW,7sdtljmoprosj89qqgyr9ni0y,0LOK81e9H5lr61HlGGHqwA,3IelG5zYpWWCZIH4cqWlPV,kpop songs everyone knows,XG,SHOOTING STAR
0jBy7AoqEFcY2xc57sSlTW,7sdtljmoprosj89qqgyr9ni0y,5qRSs6mvI17zrkJpOHkCoM,6qAzAmPBUpGrk7XADZHR5k,kpop songs everyone knows,iKON,LOVE SCENARIO
0jBy7AoqEFcY2xc57sSlTW,7sdtljmoprosj89qqgyr9ni0y,4Kxlr1PRlDKEB0ekOCyHgX,0QIRm9sUkGnezGznkWCqCo,kpop songs everyone knows,BIGBANG,BANG BANG BANG
0jBy7AoqEFcY2xc57sSlTW,7sdtljmoprosj89qqgyr9ni0y,2PSJ6YriU7JsFucxACpU7Y,0xq4ZTcmwBfkPGo4RRKmMe,kpop songs everyone knows,CHUNG HA,Gotta Go
0jBy7AoqEFcY2xc57sSlTW,7sdtljmoprosj89qqgyr9ni0y,7nqOGRxlXj7N2JYbgNEjYH,1Rrj7KyS2R6SP9CQMDJW1w,kpop songs everyone knows,SEVENTEEN,VERY NICE
0jBy7AoqEFcY2xc57sSlTW,7sdtljmoprosj89qqgyr9ni0y,0Sadg1vgvaPqGTOjxu0N6c,2WkPfNd237yc0l5KewCDpp,kpop songs everyone knows,Girls' Generation,I GOT A BOY
0jBy7AoqEFcY2xc57sSlTW,7sdtljmoprosj89qqgyr9ni0y,7n2Ycct7Beij7Dj7meI4X0,5KfbFCacFuNJGdK2zvovcF,kpop songs everyone knows,TWICE,TT
0jBy7AoqEFcY2xc57sSlTW,7sdtljmoprosj89qqgyr9ni0y,6RKnXXyprPjhBdCvL802Ku,2VmbUOcHetU78iuTfe5kKR,kpop songs everyone knows,I.O.I,Very Very Very
0jBy7AoqEFcY2xc57sSlTW,7sdtljmoprosj89qqgyr9ni0y,7n2Ycct7Beij7Dj7meI4X0,0W5hTAWn8Tq0Qfhg1XP3YW,kpop songs everyone knows,TWICE,FANCY
0jBy7AoqEFcY2xc57sSlTW,7sdtljmoprosj89qqgyr9ni0y,0oR6aQplB9B889FhVQOYMx,0FE8od0VF0IRsxBh1gr5g3,kpop songs everyone knows,A-Lister,Cannibal Love Song
0jBy7AoqEFcY2xc57sSlTW,7sdtljmoprosj89qqgyr9ni0y,3cjEqqelV9zb4BYE3qDQ4O,4pi0Elz7B7cLfw37J3bYm9,kpop songs everyone knows,EXO,Growl
0jBy7AoqEFcY2xc57sSlTW,7sdtljmoprosj89qqgyr9ni0y,3Nrfpe0tUJi4K4DXYWgMUX,3aW0ds4A4tSQDIp75FqWTo,kpop songs everyone knows,BTS,FAKE LOVE
0jBy7AoqEFcY2xc57sSlTW,7sdtljmoprosj89qqgyr9ni0y,6gzXCdfYfFe5XKhPKkYqxV,5w18nowVMRZrC5Na9Vxoth,kpop songs everyone knows,SUPER JUNIOR,"쏘리 쏘리 Sorry, Sorry"
0jBy7AoqEFcY2xc57sSlTW,7sdtljmoprosj89qqgyr9ni0y,6MoXcK2GyGg7FIyxPU5yW6,0jFHMDRXxKaREor3hBEEST,kpop songs everyone knows,SUNMI,Gashina
0jBy7AoqEFcY2xc57sSlTW,7sdtljmoprosj89qqgyr9ni0y,41MozSoPIsD1dJM0CLPjZF,1XnpzbOGptRwfJhZgLbmSr,kpop songs everyone knows,BLACKPINK,Pretty Savage
0jBy7AoqEFcY2xc57sSlTW,7sdtljmoprosj89qqgyr9ni0y,3cjEqqelV9zb4BYE3qDQ4O,7GbUWl6qLW1gdngbEV2WDJ,kpop songs everyone knows,EXO,Monster
0jBy7AoqEFcY2xc57sSlTW,7sdtljmoprosj89qqgyr9ni0y,7f4ignuCJhLXfZ9giKT7rH,3o8QzWsiiqTUVgBZfHgF58,kpop songs everyone knows,NCT 127,Cherry Bomb
0jBy7AoqEFcY2xc57sSlTW,7sdtljmoprosj89qqgyr9ni0y,2KC9Qb60EaY0kW4eH68vr3,0GU5GuJQQEnnREO2FxnVPT,kpop songs everyone knows,ITZY,달라달라 (DALLA DALLA)
0jBy7AoqEFcY2xc57sSlTW,7sdtljmoprosj89qqgyr9ni0y,06kr4KSYhxP3FiTRF3VSC4,1C8vzqMrvJ1PBoQ8paq6fn,kpop songs everyone knows,Summer Bear,Lick Lick Pop
0jBy7AoqEFcY2xc57sSlTW,7sdtljmoprosj89qqgyr9ni0y,3cjEqqelV9zb4BYE3qDQ4O,4EjUFjzi4ErWjklOA3Aslu,kpop songs everyone knows,EXO,Tempo
0jBy7AoqEFcY2xc57sSlTW,7sdtljmoprosj89qqgyr9ni0y,3cjEqqelV9zb4BYE3qDQ4O,0yB4jrSwN0bFtFRDR5vyMj,kpop songs everyone knows,EXO,Love Shot
0jBy7AoqEFcY2xc57sSlTW,7sdtljmoprosj89qqgyr9ni0y,7nqOGRxlXj7N2JYbgNEjYH,6Upu6yjkdi0DVI8E3IBZEU,kpop songs everyone knows,SEVENTEEN,Don't Wanna Cry
0jBy7AoqEFcY2xc57sSlTW,7sdtljmoprosj89qqgyr9ni0y,4XpUIb8uuNlIWVKmgKZXC0,1iIhGHzzrzqQfuNkFI2qAn,kpop songs everyone knows,ZICO,Any song
0jBy7AoqEFcY2xc57sSlTW,7sdtljmoprosj89qqgyr9ni0y,4ufh0WuMZh6y4Dmdnklvdl,6kKC35sKUh2FUx4M0qAL44,kpop songs everyone knows,BAEKHYUN,Candy
0jBy7AoqEFcY2xc57sSlTW,7sdtljmoprosj89qqgyr9ni0y,3cjEqqelV9zb4BYE3qDQ4O,2ujA6F1cpk3m8lsPE5aKua,kpop songs everyone knows,EXO,The Eve
0jBy7AoqEFcY2xc57sSlTW,7sdtljmoprosj89qqgyr9ni0y,7nqOGRxlXj7N2JYbgNEjYH,19t5GSN3XsLB7UOsZD8Fwv,kpop songs everyone knows,SEVENTEEN,CLAP
0jBy7AoqEFcY2xc57sSlTW,7sdtljmoprosj89qqgyr9ni0y,6iVo62B0bdTknRcrktCmak,5dntGTbUtmUO239wQ0k3yM,kpop songs everyone knows,KAI,Mmmh
0jBy7AoqEFcY2xc57sSlTW,7sdtljmoprosj89qqgyr9ni0y,3cjEqqelV9zb4BYE3qDQ4O,5EzitieoPnjyKHAq0gfRMa,kpop songs everyone knows,EXO,Ko Ko Bop
0jBy7AoqEFcY2xc57sSlTW,7sdtljmoprosj89qqgyr9ni0y,7n2Ycct7Beij7Dj7meI4X0,2HtcPHFdo7eu4Ilbvb0BVI,kpop songs everyone knows,TWICE,Feel Special
0jBy7AoqEFcY2xc57sSlTW,7sdtljmoprosj89qqgyr9ni0y,41MozSoPIsD1dJM0CLPjZF,56bHclo7YNvpujMveLElQn,kpop songs everyone knows,BLACKPINK,Forever Young
0jBy7AoqEFcY2xc57sSlTW,7sdtljmoprosj89qqgyr9ni0y,7n2Ycct7Beij7Dj7meI4X0,4CeE0LU1SkHshwHeMfPwqk,kpop songs everyone knows,TWICE,CHEER UP
0jBy7AoqEFcY2xc57sSlTW,7sdtljmoprosj89qqgyr9ni0y,5r1tUTxVSgvBHnoDuDODPH,0ahbzg4GCq3wJzUM3cjS3N,kpop songs everyone knows,IZ*ONE,Violeta
0jBy7AoqEFcY2xc57sSlTW,7sdtljmoprosj89qqgyr9ni0y,7zYj9S9SdIunYCfSm7vzAR,5XcM0eD1lsWZibqJ9AUTFq,kpop songs everyone knows,JEON SOMI,BIRTHDAY
0jBy7AoqEFcY2xc57sSlTW,7sdtljmoprosj89qqgyr9ni0y,1qBsABYUrxg9afpMtyoFKz,2e3cJdJ8xWwydl8JIYlCqB,kpop songs everyone knows,WayV,Love Talk - English Version
0jBy7AoqEFcY2xc57sSlTW,7sdtljmoprosj89qqgyr9ni0y,7n2Ycct7Beij7Dj7meI4X0,0Ll92eLIHWY5gey1ISNMPi,kpop songs everyone knows,TWICE,YES or YES
0jBy7AoqEFcY2xc57sSlTW,7sdtljmoprosj89qqgyr9ni0y,4Kxlr1PRlDKEB0ekOCyHgX,7uzib3dSSwgUwcD3z0k3bR,kpop songs everyone knows,BIGBANG,FXXK IT
0jBy7AoqEFcY2xc57sSlTW,7sdtljmoprosj89qqgyr9ni0y,1z4g3DjTBBZKhvAroFlhOM,3CYH422oy1cZNoo0GTG1TK,kpop songs everyone knows,Red Velvet,Psycho
0jBy7AoqEFcY2xc57sSlTW,7sdtljmoprosj89qqgyr9ni0y,1uBH8bJz4ETRn2c2wG5ghz,1c8AWrEdOZDyLDuYmplHbo,kpop songs everyone knows,Julia Paz,in my mind
0jBy7AoqEFcY2xc57sSlTW,7sdtljmoprosj89qqgyr9ni0y,68KmkJeZGfwe1OUaivBa2L,28xjm4FnnGI4Xnds7VoNSl,kpop songs everyone knows,ATEEZ,Wave
0jBy7AoqEFcY2xc57sSlTW,7sdtljmoprosj89qqgyr9ni0y,3cjEqqelV9zb4BYE3qDQ4O,6ukWoX4AHV76JdYVdKRPk8,kpop songs everyone knows,EXO,Lotto
0jBy7AoqEFcY2xc57sSlTW,7sdtljmoprosj89qqgyr9ni0y,6y9nlaoynxSvoTGY09Vdcy,6fDFxA3j4WpfeCVihCPWSH,kpop songs everyone knows,WOODZ,Love Me Harder
0jBy7AoqEFcY2xc57sSlTW,7sdtljmoprosj89qqgyr9ni0y,3cjEqqelV9zb4BYE3qDQ4O,7fK0csBoqbcgUuWGV0cpoD,kpop songs everyone knows,EXO,Obsession
0jBy7AoqEFcY2xc57sSlTW,7sdtljmoprosj89qqgyr9ni0y,2KC9Qb60EaY0kW4eH68vr3,7zFBtYAVURF3bUVqEQ6UUu,kpop songs everyone knows,ITZY,ICY
0jBy7AoqEFcY2xc57sSlTW,7sdtljmoprosj89qqgyr9ni0y,2PSJ6YriU7JsFucxACpU7Y,7JCi89HGiURxFpr6NITY7q,kpop songs everyone knows,CHUNG HA,Snapping
0jBy7AoqEFcY2xc57sSlTW,7sdtljmoprosj89qqgyr9ni0y,2KC9Qb60EaY0kW4eH68vr3,6tCssnvTUREcperDOUTqvA,kpop songs everyone knows,ITZY,WANNABE
0jBy7AoqEFcY2xc57sSlTW,7sdtljmoprosj89qqgyr9ni0y,3ZZzT0naD25RhY2uZvIKkJ,5uHl2eYaITSX6xEX8bmaXy,kpop songs everyone knows,EVERGLOW,Adios
0jBy7AoqEFcY2xc57sSlTW,7sdtljmoprosj89qqgyr9ni0y,04L1hyieaZihv7ryDWQP27,4CC9YNIr9NQcdE7MOWUdq7,kpop songs everyone knows,Lovefunky,Reflection
0jBy7AoqEFcY2xc57sSlTW,7sdtljmoprosj89qqgyr9ni0y,250b0Wlc5Vk0CoUsaCY84M,2wVDWtLKXunswWecARNILj,kpop songs everyone knows,JENNIE,SOLO
0jBy7AoqEFcY2xc57sSlTW,7sdtljmoprosj89qqgyr9ni0y,422jw2by1jl14vn1FP9EGA,4xFgcZtLZQgGf8g9uNkMkN,kpop songs everyone knows,Catch The Young,YOUTH!!!
0jBy7AoqEFcY2xc57sSlTW,7sdtljmoprosj89qqgyr9ni0y,7n2Ycct7Beij7Dj7meI4X0,3t723PlEADna6GjgquoMRW,kpop songs everyone knows,TWICE,Dance The Night Away
0jBy7AoqEFcY2xc57sSlTW,7sdtljmoprosj89qqgyr9ni0y,6C4irZ60X8G7UimMRQiCcg,1q3C6brbmRrULTyo2mseKF,kpop songs everyone knows,X1,FLASH
0jBy7AoqEFcY2xc57sSlTW,7sdtljmoprosj89qqgyr9ni0y,2eRjqXdTsssjpimRlz1i41,7jctPW5gAlj07A69fzS8m1,kpop songs everyone knows,H.I.N.P (Hot Issue of Ntl. Producers),Rumor
0jBy7AoqEFcY2xc57sSlTW,7sdtljmoprosj89qqgyr9ni0y,1XNfue8YO5vg53LLS2yYcP,0iyFlszQHWCwOsNHbPf8ZH,kpop songs everyone knows,Jessica Lowndes,Right Now
0jBy7AoqEFcY2xc57sSlTW,7sdtljmoprosj89qqgyr9ni0y,2JhAlkmukNvarUpGhTFXUQ,2U6RSyXFnDVNYoD9iUgi09,kpop songs everyone knows,KARD,Bomb Bomb
0jBy7AoqEFcY2xc57sSlTW,7sdtljmoprosj89qqgyr9ni0y,1xs6WFotNQSXweo0GXrS0O,7n2HVHWqFsyAOs5HqmE1Dl,kpop songs everyone knows,EXID,I Love You
0jBy7AoqEFcY2xc57sSlTW,7sdtljmoprosj89qqgyr9ni0y,4y0wFJ5jmCUNRLZfsw1I7g,4XbyRgWe6yU4wE6WShdTEs,kpop songs everyone knows,AB6IX,BREATHE
0jBy7AoqEFcY2xc57sSlTW,7sdtljmoprosj89qqgyr9ni0y,0ghlgldX5Dd6720Q3qFyQB,7pxea3fReuhapHvxXJn95P,kpop songs everyone knows,TOMORROW X TOGETHER,Angel Or Devil
0jBy7AoqEFcY2xc57sSlTW,7sdtljmoprosj89qqgyr9ni0y,2AfmfGFbe0A0WsTYm0SDTx,0q6boCcLaWYPIy2vOsksFg,kpop songs everyone knows,(G)I-DLE,Senorita
0jBy7AoqEFcY2xc57sSlTW,7sdtljmoprosj89qqgyr9ni0y,6QyO41KctzGc70mVaVnXQO,3aG0gbuvZ1VeVm68d4J6Yq,kpop songs everyone knows,CLC,Devil
0jBy7AoqEFcY2xc57sSlTW,7sdtljmoprosj89qqgyr9ni0y,4TnGh5PKbSjpYqpIdlW5nz,5hf1k06WBPmdhYruZAo4NY,kpop songs everyone knows,MONSTA X,Shoot Out - English Version
0jBy7AoqEFcY2xc57sSlTW,7sdtljmoprosj89qqgyr9ni0y,68KmkJeZGfwe1OUaivBa2L,4hQHA562yLkVKlakkOkz5l,kpop songs everyone knows,ATEEZ,Illusion
0jBy7AoqEFcY2xc57sSlTW,7sdtljmoprosj89qqgyr9ni0y,3CVYSpM7nfHFG5qCTW7Ht9,5UX7u7znDeHnDa3iynEhcm,kpop songs everyone knows,ONEUS,LIT
0jBy7AoqEFcY2xc57sSlTW,7sdtljmoprosj89qqgyr9ni0y,3UwlejyX2b458azZ7eCnHb,3wljaQ1KBCAMnPxCPDEUsC,kpop songs everyone knows,HyunA,FLOWER SHOWER
0jBy7AoqEFcY2xc57sSlTW,7sdtljmoprosj89qqgyr9ni0y,59dDRtMe8DILtibke8FWLK,1q2bu7PaEUUiFJYFsAiHiz,kpop songs everyone knows,MCND,ICE AGE
0jBy7AoqEFcY2xc57sSlTW,7sdtljmoprosj89qqgyr9ni0y,2JhAlkmukNvarUpGhTFXUQ,7huWBxXBSizb0tftJRbJed,kpop songs everyone knows,KARD,RED MOON
0jBy7AoqEFcY2xc57sSlTW,7sdtljmoprosj89qqgyr9ni0y,1xs6WFotNQSXweo0GXrS0O,0dSE54vYYvRNWzVTxE2xTL,kpop songs everyone knows,EXID,Me & You
0jBy7AoqEFcY2xc57sSlTW,7sdtljmoprosj89qqgyr9ni0y,4ufh0WuMZh6y4Dmdnklvdl,0WSTInLqMrT9po0LAHpZCJ,kpop songs everyone knows,BAEKHYUN,UN Village
0jBy7AoqEFcY2xc57sSlTW,7sdtljmoprosj89qqgyr9ni0y,0Sadg1vgvaPqGTOjxu0N6c,7m48u7EC4gnCfAhwoLfbCE,kpop songs everyone knows,Girls' Generation,Genie
0jBy7AoqEFcY2xc57sSlTW,7sdtljmoprosj89qqgyr9ni0y,0Sadg1vgvaPqGTOjxu0N6c,0U9jNoTJeTxXToakhsb7pV,kpop songs everyone knows,Girls' Generation,Run Devil Run
0jBy7AoqEFcY2xc57sSlTW,7sdtljmoprosj89qqgyr9ni0y,7n2Ycct7Beij7Dj7meI4X0,4P66rfizAl2nIJCICSMymC,kpop songs everyone knows,TWICE,Likey
0jBy7AoqEFcY2xc57sSlTW,7sdtljmoprosj89qqgyr9ni0y,4o7tWrzQOqarDtTMWD2HV9,2SHsNfrHj4iDOVJuDwclPd,kpop songs everyone knows,LAY,Let’s SHUT UP & DANCE
0jBy7AoqEFcY2xc57sSlTW,7sdtljmoprosj89qqgyr9ni0y,68KmkJeZGfwe1OUaivBa2L,4v2BLMhWtVvBnZwuoiKxja,kpop songs everyone knows,ATEEZ,"HALA HALA (Hearts Awakened, Live Alive)"
0jBy7AoqEFcY2xc57sSlTW,7sdtljmoprosj89qqgyr9ni0y,7f4ignuCJhLXfZ9giKT7rH,1zedfw5iu7XzKJT8CupEIP,kpop songs everyone knows,NCT 127,Simon Says
0jBy7AoqEFcY2xc57sSlTW,7sdtljmoprosj89qqgyr9ni0y,68KmkJeZGfwe1OUaivBa2L,4v2BLMhWtVvBnZwuoiKxja,kpop songs everyone knows,ATEEZ,"HALA HALA (Hearts Awakened, Live Alive)"
0jBy7AoqEFcY2xc57sSlTW,7sdtljmoprosj89qqgyr9ni0y,4MbLZsgkHJF3xq52M6ACgr,3hO5iUoarRkb9nXhIRaeh2,kpop songs everyone knows,Me&,Eye to Eye
0jBy7AoqEFcY2xc57sSlTW,7sdtljmoprosj89qqgyr9ni0y,4TnGh5PKbSjpYqpIdlW5nz,7ri0aUbwDcItOnQbywEGU5,kpop songs everyone knows,MONSTA X,Follow
0jBy7AoqEFcY2xc57sSlTW,7sdtljmoprosj89qqgyr9ni0y,41MozSoPIsD1dJM0CLPjZF,38SKB7UfhL6Sd6Joxex5yK,kpop songs everyone knows,BLACKPINK,Don't Know What To Do
0jBy7AoqEFcY2xc57sSlTW,7sdtljmoprosj89qqgyr9ni0y,1wKpMkucynaTfG8lyPprYV,0m3W71Oliiv3gQWXi2YAmJ,kpop songs everyone knows,PENTAGON,Humph!
0jBy7AoqEFcY2xc57sSlTW,7sdtljmoprosj89qqgyr9ni0y,2AfmfGFbe0A0WsTYm0SDTx,1OBb2wZMXKNmtdyyejLIyL,kpop songs everyone knows,(G)I-DLE,Uh-Oh
0jBy7AoqEFcY2xc57sSlTW,7sdtljmoprosj89qqgyr9ni0y,1z4g3DjTBBZKhvAroFlhOM,381g0b6QZxC13SzA2HRMIc,kpop songs everyone knows,Red Velvet,Power Up
0jBy7AoqEFcY2xc57sSlTW,7sdtljmoprosj89qqgyr9ni0y,1z4g3DjTBBZKhvAroFlhOM,5qSoW3ewNlhRN3FNZPmVns,kpop songs everyone knows,Red Velvet,Umpah Umpah
0jBy7AoqEFcY2xc57sSlTW,7sdtljmoprosj89qqgyr9ni0y,3paGCCtX1Xr4Gx53mSeZuQ,0B36SbjfDv15ji1bQEEeTN,kpop songs everyone knows,NCT U,90's Love
0jBy7AoqEFcY2xc57sSlTW,7sdtljmoprosj89qqgyr9ni0y,0CmvFWTX9zmMNCUi6fHtAx,2DQgD8rAJLKNptQFK70ndO,kpop songs everyone knows,THE BOYZ,The Stealer
0jBy7AoqEFcY2xc57sSlTW,7sdtljmoprosj89qqgyr9ni0y,0CmvFWTX9zmMNCUi6fHtAx,14tNUeer5gUbUYvhYYTclS,kpop songs everyone knows,THE BOYZ,REVEAL
0jBy7AoqEFcY2xc57sSlTW,7sdtljmoprosj89qqgyr9ni0y,0CmvFWTX9zmMNCUi6fHtAx,0GKff70DfAQFZxPf9rIlEw,kpop songs everyone knows,THE BOYZ,Breaking Dawn
0jBy7AoqEFcY2xc57sSlTW,7sdtljmoprosj89qqgyr9ni0y,0CmvFWTX9zmMNCUi6fHtAx,7Gj8f0zhVvSveNuXRkUGhN,kpop songs everyone knows,THE BOYZ,Salty
0jBy7AoqEFcY2xc57sSlTW,7sdtljmoprosj89qqgyr9ni0y,0iQGSzpJ0G0lsugv8jsJHd,1mtsdtVKvczRequWUg518e,kpop songs everyone knows,OnlyOneOf,libidO
0jBy7AoqEFcY2xc57sSlTW,7sdtljmoprosj89qqgyr9ni0y,6apPlIGZh3rWyCUCqwNYXG,5UcHGCHsSvWtv5pFoJRSix,kpop songs everyone knows,Johnny Fantana,Get A Good Girl
0jBy7AoqEFcY2xc57sSlTW,7sdtljmoprosj89qqgyr9ni0y,5t5FqBwTcgKTaWmfEbwQY9,6S0By3u06ttb3kU2XEtWnw,kpop songs everyone knows,ENHYPEN,Mixed Up
0jBy7AoqEFcY2xc57sSlTW,7sdtljmoprosj89qqgyr9ni0y,25KT93FeotUTHC1dbLasxi,26x7ih7lOBFwYpXUHJUoqD,kpop songs everyone knows,A.C.E,Under Cover
0jBy7AoqEFcY2xc57sSlTW,7sdtljmoprosj89qqgyr9ni0y,01XYiBYaoMJcNhPokrg0l0,5BXr7hYZQOeRttkeWYTq5S,kpop songs everyone knows,STAYC,ASAP
0jBy7AoqEFcY2xc57sSlTW,7sdtljmoprosj89qqgyr9ni0y,5r1tUTxVSgvBHnoDuDODPH,0ahbzg4GCq3wJzUM3cjS3N,kpop songs everyone knows,IZ*ONE,Violeta
0jBy7AoqEFcY2xc57sSlTW,7sdtljmoprosj89qqgyr9ni0y,0CmvFWTX9zmMNCUi6fHtAx,7tlGwysecWPnIwtt6Jq8cz,kpop songs everyone knows,THE BOYZ,Bloom Bloom
37i9dQZF1DWTTXfIhcSkXG,spotify,6HvZYsbFfjnjFrWF950C9d,3r8RuvgbX9s7ammBn07D3W,K- Pop Wave,NewJeans,Ditto
37i9dQZF1DWTTXfIhcSkXG,spotify,2auC28zjQyVTsiZKNgPRGs,1AZjCZSGEjlxUufFQwSszF,K- Pop Wave,RM,Wild Flower (with youjeen)
37i9dQZF1DWTTXfIhcSkXG,spotify,3Nrfpe0tUJi4K4DXYWgMUX,5QDLhrAOJJdNAmCTJ8xMyW,K- Pop Wave,BTS,Dynamite
37i9dQZF1DWTTXfIhcSkXG,spotify,6RHTUrRF63xao58xh9FXYJ,2gYj9lubBorOPIVWsTXugG,K- Pop Wave,IVE,After LIKE
37i9dQZF1DWTTXfIhcSkXG,spotify,5RR0MLwcjc87wjSw2JYdwx,5mpWGq83n0sIgGRopGk5QZ,K- Pop Wave,MOMOLAND,Wrap Me In Plastic
37i9dQZF1DWTTXfIhcSkXG,spotify,41MozSoPIsD1dJM0CLPjZF,4ZxOuNHhpyOj4gv52MtQpT,K- Pop Wave,BLACKPINK,As If It's Your Last
37i9dQZF1DWTTXfIhcSkXG,spotify,5L1lO4eRHmJ7a0Q6csE5cT,7hU3IHwjX150XLoTVmjD0q,K- Pop Wave,LISA,MONEY
37i9dQZF1DWTTXfIhcSkXG,spotify,6HvZYsbFfjnjFrWF950C9d,0a4MMyCrzT0En247IhqZbD,K- Pop Wave,NewJeans,Hype Boy
37i9dQZF1DWTTXfIhcSkXG,spotify,2AfmfGFbe0A0WsTYm0SDTx,6NnCWIWV740gP7DQ8kqdIE,K- Pop Wave,(G)I-DLE,Nxde
37i9dQZF1DWTTXfIhcSkXG,spotify,3Nrfpe0tUJi4K4DXYWgMUX,5YMXGBD6vcYP7IolemyLtK,K- Pop Wave,BTS,Euphoria
37i9dQZF1DWTTXfIhcSkXG,spotify,7n2Ycct7Beij7Dj7meI4X0,0RDqNCRBGrSegk16Avfzuq,K- Pop Wave,TWICE,Talk that Talk
37i9dQZF1DWTTXfIhcSkXG,spotify,2dIgFjalVxs4ThymZ67YCE,3O8G8eVrhfXTGttyQ1xVuq,K- Pop Wave,Stray Kids,CASE 143
37i9dQZF1DWTTXfIhcSkXG,spotify,6HvZYsbFfjnjFrWF950C9d,2pIUpMhHL6L9Z5lnKxJJr9,K- Pop Wave,NewJeans,Attention
37i9dQZF1DWTTXfIhcSkXG,spotify,6RHTUrRF63xao58xh9FXYJ,0Q5VnK2DYzRyfqQRJuUtvi,K- Pop Wave,IVE,LOVE DIVE
37i9dQZF1DWTTXfIhcSkXG,spotify,41MozSoPIsD1dJM0CLPjZF,7gRFDGEzF9UkBV233yv2dc,K- Pop Wave,BLACKPINK,Shut Down
37i9dQZF1DWTTXfIhcSkXG,spotify,1gBUSTR3TyDdTVFIaQnc02,27bIik73QCu8Xzt3xpG1bI,K- Pop Wave,NCT DREAM,Candy
37i9dQZF1DWTTXfIhcSkXG,spotify,6UbmqUEgjLA6jAcXwbM1Z9,0ra3bPUOj2YnY4FJHXtgHZ,K- Pop Wave,BIBI,BIBI Vengeance
37i9dQZF1DWTTXfIhcSkXG,spotify,4SpbR6yFEvexJuaBpgAU5p,296nXCOv97WJNRWzIBQnoj,K- Pop Wave,LE SSERAFIM,FEARLESS
37i9dQZF1DWTTXfIhcSkXG,spotify,3Nrfpe0tUJi4K4DXYWgMUX,4a9tbd947vo9K8Vti9JwcI,K- Pop Wave,BTS,Boy With Luv (feat. Halsey)
37i9dQZF1DWTTXfIhcSkXG,spotify,28ot3wh4oNmoFOdVajibBl,5aaE27JUylnG7aPtGJPrrC,K- Pop Wave,NMIXX,DICE
37i9dQZF1DWTTXfIhcSkXG,spotify,2KC9Qb60EaY0kW4eH68vr3,7ixVW7RobslvMrvlzHYLha,K- Pop Wave,ITZY,Cheshire
37i9dQZF1DWTTXfIhcSkXG,spotify,41MozSoPIsD1dJM0CLPjZF,1XnpzbOGptRwfJhZgLbmSr,K- Pop Wave,BLACKPINK,Pretty Savage
37i9dQZF1DWTTXfIhcSkXG,spotify,68KmkJeZGfwe1OUaivBa2L,5cTnKClHyczcUhFT8MKBZe,K- Pop Wave,ATEEZ,HALAZIA
37i9dQZF1DWTTXfIhcSkXG,spotify,6udveWUgX4vu75FF0DTrXV,4NIe9Is7bN5JWyTeCW2ahK,K- Pop Wave,TAEYANG,VIBE (feat. Jimin of BTS)
37i9dQZF1DWTTXfIhcSkXG,spotify,3Nrfpe0tUJi4K4DXYWgMUX,6m1TWFMeon7ai9XLOzdbiR,K- Pop Wave,BTS,FAKE LOVE
37i9dQZF1DWTTXfIhcSkXG,spotify,6YVMFz59CuY7ngCxTxjpxE,5uFqjHOo3Sh0bVPCKf3DdH,K- Pop Wave,aespa,Illusion
37i9dQZF1DWTTXfIhcSkXG,spotify,4TnGh5PKbSjpYqpIdlW5nz,1F6qqwgyBjcIMzen8RrOXQ,K- Pop Wave,MONSTA X,Beautiful Liar
37i9dQZF1DWTTXfIhcSkXG,spotify,6uNxlIP5lzPFf0BHuELOuX,0mlxHb4jbPr1PUBUv0WHRS,K- Pop Wave,GOT the beat,Stamp On It
37i9dQZF1DWTTXfIhcSkXG,spotify,1z4g3DjTBBZKhvAroFlhOM,4LJgBT9yo0beHlaBesCFEv,K- Pop Wave,Red Velvet,Birthday
37i9dQZF1DWTTXfIhcSkXG,spotify,3Nrfpe0tUJi4K4DXYWgMUX,2u54HNQamwFuOMLSuhSRom,K- Pop Wave,BTS,Blood Sweat & Tears
37i9dQZF1DWTTXfIhcSkXG,spotify,7f4ignuCJhLXfZ9giKT7rH,2KwOuFfwQyT9mZqjvchd81,K- Pop Wave,NCT 127,Ay-Yo
37i9dQZF1DWTTXfIhcSkXG,spotify,2dIgFjalVxs4ThymZ67YCE,11BLMmPoTgKEi4XBDxdpYN,K- Pop Wave,Stray Kids,FAM (Korean Ver.)
37i9dQZF1DWTTXfIhcSkXG,spotify,3JjvsPeGMbDJqsphe2z8xU,7EP9G7AIKrywWGdYsYZzGv,K- Pop Wave,P1Harmony,Back Down
37i9dQZF1DWTTXfIhcSkXG,spotify,3ohXmy1PGdB3XgzhPqQ0tY,3H1B6KuqXvRCBNrln32Bpa,K- Pop Wave,YUGYEOM,Ponytail (Feat. Sik-K)
37i9dQZF1DWTTXfIhcSkXG,spotify,2jrwm2knXPMawr5p8FuC2h,7n21DchMhEHga46iMecQHW,K- Pop Wave,MOONBIN&SANHA(ASTRO),Madness
37i9dQZF1DWTTXfIhcSkXG,spotify,5V1qsQHdXNm4ZEZHWvFnqQ,2oljPlhOzzWrqkTuAhKwzi,K- Pop Wave,Dreamcatcher,REASON
37i9dQZF1DWTTXfIhcSkXG,spotify,5snNHNlYT2UrtZo5HCJkiw,6Uvj0I6nDoxTmIZQwOZqvQ,K- Pop Wave,Epik High,Catch (Feat. Hwa Sa)
37i9dQZF1DWTTXfIhcSkXG,spotify,0cA67OQaC4zDkxvGmWqKu7,4DxEb2Pk4KAAFqqD241whz,K- Pop Wave,Jinyoung,Cotton Candy
37i9dQZF1DWTTXfIhcSkXG,spotify,7LOmc7gyMVMOWF8qwEdn2X,5QYXBAiagfRIwzlouAnJXQ,K- Pop Wave,SF9,Puzzle
37i9dQZF1DWTTXfIhcSkXG,spotify,2AfmfGFbe0A0WsTYm0SDTx,2Mvdcda3pVMDASD7oZWPr4,K- Pop Wave,(G)I-DLE,Luv U
