artist_id,artist_name,artist_popularity,artist_followers
4L0lCujgiE9mafXNDtPXip,Kvatro,21,2467
4L0lCujgiE9mafXNDtPXip,Kvatro,21,2467
4L0lCujgiE9mafXNDtPXip,Kvatro,21,2467
4L0lCujgiE9mafXNDtPXip,Kvatro,21,2467
4L0lCujgiE9mafXNDtPXip,Kvatro,21,2467
4L0lCujgiE9mafXNDtPXip,Kvatro,21,2467
4L0lCujgiE9mafXNDtPXip,Kvatro,21,2467
1XHA9Qzs1CLJK2VSiQ767a,Александр Морозов,7,348
1XHA9Qzs1CLJK2VSiQ767a,Александр Морозов,7,348
1XHA9Qzs1CLJK2VSiQ767a,Александр Морозов,7,348
1XHA9Qzs1CLJK2VSiQ767a,Александр Морозов,7,348
1XHA9Qzs1CLJK2VSiQ767a,Александр Морозов,7,348
1XHA9Qzs1CLJK2VSiQ767a,Александр Морозов,7,348
1XHA9Qzs1CLJK2VSiQ767a,Александр Морозов,7,348
4L0lCujgiE9mafXNDtPXip,Kvatro,21,2467
1XHA9Qzs1CLJK2VSiQ767a,Александр Морозов,7,348
1XHA9Qzs1CLJK2VSiQ767a,Александр Морозов,7,348
1XHA9Qzs1CLJK2VSiQ767a,Александр Морозов,7,348
1EzoeBr9Fn6qAgLjl3JZ5T,Pyotr Leshchenko,19,3484
1EzoeBr9Fn6qAgLjl3JZ5T,Pyotr Leshchenko,19,3484
1EzoeBr9Fn6qAgLjl3JZ5T,Pyotr Leshchenko,19,3484
1EzoeBr9Fn6qAgLjl3JZ5T,Pyotr Leshchenko,19,3484
1EzoeBr9Fn6qAgLjl3JZ5T,Pyotr Leshchenko,19,3484
1EzoeBr9Fn6qAgLjl3JZ5T,Pyotr Leshchenko,19,3484
4hUZ0kTLN1A2rlaxQu6m5R,Klavdiya Shulzhenko,14,3197
4hUZ0kTLN1A2rlaxQu6m5R,Klavdiya Shulzhenko,14,3197
1p5qI8MPdGMlKCBLUy86Tl,Alexander Vertinsky,15,5134
4hUZ0kTLN1A2rlaxQu6m5R,Klavdiya Shulzhenko,14,3197
1RsJXxwObVjgTgT5YLQsJE,Sergei Lemeshev,13,1551
1RsJXxwObVjgTgT5YLQsJE,Sergei Lemeshev,13,1551
1RsJXxwObVjgTgT5YLQsJE,Sergei Lemeshev,13,1551
1RsJXxwObVjgTgT5YLQsJE,Sergei Lemeshev,13,1551
4hUZ0kTLN1A2rlaxQu6m5R,Klavdiya Shulzhenko,14,3197
1RsJXxwObVjgTgT5YLQsJE,Sergei Lemeshev,13,1551
1p5qI8MPdGMlKCBLUy86Tl,Alexander Vertinsky,15,5134
1RsJXxwObVjgTgT5YLQsJE,Sergei Lemeshev,13,1551
1RsJXxwObVjgTgT5YLQsJE,Sergei Lemeshev,13,1551
1p5qI8MPdGMlKCBLUy86Tl,Alexander Vertinsky,15,5134
1p5qI8MPdGMlKCBLUy86Tl,Alexander Vertinsky,15,5134
1p5qI8MPdGMlKCBLUy86Tl,Alexander Vertinsky,15,5134
1p5qI8MPdGMlKCBLUy86Tl,Alexander Vertinsky,15,5134
1p5qI8MPdGMlKCBLUy86Tl,Alexander Vertinsky,15,5134
4hUZ0kTLN1A2rlaxQu6m5R,Klavdiya Shulzhenko,14,3197
4hUZ0kTLN1A2rlaxQu6m5R,Klavdiya Shulzhenko,14,3197
1p5qI8MPdGMlKCBLUy86Tl,Alexander Vertinsky,15,5134
4hUZ0kTLN1A2rlaxQu6m5R,Klavdiya Shulzhenko,14,3197
1p5qI8MPdGMlKCBLUy86Tl,Alexander Vertinsky,15,5134
1RsJXxwObVjgTgT5YLQsJE,Sergei Lemeshev,13,1551
1RsJXxwObVjgTgT5YLQsJE,Sergei Lemeshev,13,1551
4hUZ0kTLN1A2rlaxQu6m5R,Klavdiya Shulzhenko,14,3197
4L0lCujgiE9mafXNDtPXip,Kvatro,21,2467
4L0lCujgiE9mafXNDtPXip,Kvatro,21,2467
4L0lCujgiE9mafXNDtPXip,Kvatro,21,2467
4L0lCujgiE9mafXNDtPXip,Kvatro,21,2467
4L0lCujgiE9mafXNDtPXip,Kvatro,21,2467
4L0lCujgiE9mafXNDtPXip,Kvatro,21,2467
4L0lCujgiE9mafXNDtPXip,Kvatro,21,2467
4L0lCujgiE9mafXNDtPXip,Kvatro,21,2467
4hUZ0kTLN1A2rlaxQu6m5R,Klavdiya Shulzhenko,14,3197
1p5qI8MPdGMlKCBLUy86Tl,Alexander Vertinsky,15,5134
4hUZ0kTLN1A2rlaxQu6m5R,Klavdiya Shulzhenko,14,3197
1FI93cUSwAYje8U8aprlbg,Vadim Kozin,12,1720
4hUZ0kTLN1A2rlaxQu6m5R,Klavdiya Shulzhenko,14,3197
1RsJXxwObVjgTgT5YLQsJE,Sergei Lemeshev,13,1551
2bakvl7V0KVc2ilFNW2wl8,Николай Рыбников,12,752
1RsJXxwObVjgTgT5YLQsJE,Sergei Lemeshev,13,1551
13A5r5f5lWbiFwQK2DiYPh,Nikolay Erdenko,0,41
4hUZ0kTLN1A2rlaxQu6m5R,Klavdiya Shulzhenko,14,3197
2m43zpbC55ligeXxv7DrTF,Дмитрий Харатьян,10,441
4hUZ0kTLN1A2rlaxQu6m5R,Klavdiya Shulzhenko,14,3197
1A6JXyIYY4ZhWxdLTLt3kR,Feodor Chaliapin,9,2545
639hqkrgajCYpYjP8cASKU,Vladimir Nechaev,5,419
1RsJXxwObVjgTgT5YLQsJE,Sergei Lemeshev,13,1551
1ga4k7dNiioWP1VrShm3Hl,Gelena Velikanova,6,704
7tdcw4fkeeOrOLzXpvjr8y,Georgi Vinogradov,21,2372
6wsJ5r4proCn7E9mNUiGja,Николай Никитский,0,11
4J4SBCamvIdEsG9VhCbRCo,Владимир Бунчиков,8,321
1FI93cUSwAYje8U8aprlbg,Vadim Kozin,12,1720
1RsJXxwObVjgTgT5YLQsJE,Sergei Lemeshev,13,1551
1RsJXxwObVjgTgT5YLQsJE,Sergei Lemeshev,13,1551
7yhmt44KCCoaf87uL2hypX,Аркадий Погодин,1,36
4hUZ0kTLN1A2rlaxQu6m5R,Klavdiya Shulzhenko,14,3197
1RsJXxwObVjgTgT5YLQsJE,Sergei Lemeshev,13,1551
4hUZ0kTLN1A2rlaxQu6m5R,Klavdiya Shulzhenko,14,3197
13A5r5f5lWbiFwQK2DiYPh,Nikolay Erdenko,0,41
4J4SBCamvIdEsG9VhCbRCo,Владимир Бунчиков,8,321
1RsJXxwObVjgTgT5YLQsJE,Sergei Lemeshev,13,1551
4J4SBCamvIdEsG9VhCbRCo,Владимир Бунчиков,8,321
1ga4k7dNiioWP1VrShm3Hl,Gelena Velikanova,6,704
7tdcw4fkeeOrOLzXpvjr8y,Georgi Vinogradov,21,2372
1RsJXxwObVjgTgT5YLQsJE,Sergei Lemeshev,13,1551
4J4SBCamvIdEsG9VhCbRCo,Владимир Бунчиков,8,321
1RsJXxwObVjgTgT5YLQsJE,Sergei Lemeshev,13,1551
0tXpg35NszePOLOJDV0VBp,Павел Михайлов,6,109
4hUZ0kTLN1A2rlaxQu6m5R,Klavdiya Shulzhenko,14,3197
2JpiNWvsK2LMpaMJNNdDgy,Михаил Иванов,0,0
1ga4k7dNiioWP1VrShm3Hl,Gelena Velikanova,6,704
7tdcw4fkeeOrOLzXpvjr8y,Georgi Vinogradov,21,2372
6tcdpQn32WlzB81qhAZxDB,Vladimir Troshin,22,2723
4hUZ0kTLN1A2rlaxQu6m5R,Klavdiya Shulzhenko,14,3197
4L0lCujgiE9mafXNDtPXip,Kvatro,21,2467
6tcdpQn32WlzB81qhAZxDB,Vladimir Troshin,22,2723
4L0lCujgiE9mafXNDtPXip,Kvatro,21,2467
0tXpg35NszePOLOJDV0VBp,Павел Михайлов,6,109
4L0lCujgiE9mafXNDtPXip,Kvatro,21,2467
4L0lCujgiE9mafXNDtPXip,Kvatro,21,2467
7tdcw4fkeeOrOLzXpvjr8y,Georgi Vinogradov,21,2372
4hUZ0kTLN1A2rlaxQu6m5R,Klavdiya Shulzhenko,14,3197
01FUCDV160ihSfBsyuBqwR,Александр Цфасман,3,135
0sGVxsXCaPJOVLNJFYkSt6,Maria Maksakova,2,116
2MzavRjaUsMvWgLAYPyWhL,Oleg Pogudin,10,1164
4KmezRpHTqRuaBovjEwnwV,Izabella Yurieva,1,409
4hUZ0kTLN1A2rlaxQu6m5R,Klavdiya Shulzhenko,14,3197
1J4ZZMApaSLOlYlYU4Nh1L,Сергей Зыков,0,8
7yhmt44KCCoaf87uL2hypX,Аркадий Погодин,1,36
0tXpg35NszePOLOJDV0VBp,Павел Михайлов,6,109
1FI93cUSwAYje8U8aprlbg,Vadim Kozin,12,1720
1J4ZZMApaSLOlYlYU4Nh1L,Сергей Зыков,0,8
1ga4k7dNiioWP1VrShm3Hl,Gelena Velikanova,6,704
6QQGPHn1DChToXHQ3I2hh0,Alla Bayanova,1,506
1ga4k7dNiioWP1VrShm3Hl,Gelena Velikanova,6,704
2MzavRjaUsMvWgLAYPyWhL,Oleg Pogudin,10,1164
0XKmwWopgZOC96M1nBgd7y,Maya Kristalinskaya,29,7544
2MzavRjaUsMvWgLAYPyWhL,Oleg Pogudin,10,1164
2MzavRjaUsMvWgLAYPyWhL,Oleg Pogudin,10,1164
0tXpg35NszePOLOJDV0VBp,Павел Михайлов,6,109
2MzavRjaUsMvWgLAYPyWhL,Oleg Pogudin,10,1164
7tdcw4fkeeOrOLzXpvjr8y,Georgi Vinogradov,21,2372
0tXpg35NszePOLOJDV0VBp,Павел Михайлов,6,109
2MzavRjaUsMvWgLAYPyWhL,Oleg Pogudin,10,1164
639hqkrgajCYpYjP8cASKU,Vladimir Nechaev,5,419
2MzavRjaUsMvWgLAYPyWhL,Oleg Pogudin,10,1164
6tcdpQn32WlzB81qhAZxDB,Vladimir Troshin,22,2723
2MzavRjaUsMvWgLAYPyWhL,Oleg Pogudin,10,1164
6tcdpQn32WlzB81qhAZxDB,Vladimir Troshin,22,2723
0sGVxsXCaPJOVLNJFYkSt6,Maria Maksakova,2,116
7tdcw4fkeeOrOLzXpvjr8y,Georgi Vinogradov,21,2372
7tdcw4fkeeOrOLzXpvjr8y,Georgi Vinogradov,21,2372
0sGVxsXCaPJOVLNJFYkSt6,Maria Maksakova,2,116
6tcdpQn32WlzB81qhAZxDB,Vladimir Troshin,22,2723
7yhmt44KCCoaf87uL2hypX,Аркадий Погодин,1,36
19YmizwT6Q0C0K3ZlSLInO,Lyudmila Zykina,16,3035
1ga4k7dNiioWP1VrShm3Hl,Gelena Velikanova,6,704
1FI93cUSwAYje8U8aprlbg,Vadim Kozin,12,1720
1FI93cUSwAYje8U8aprlbg,Vadim Kozin,12,1720
1ga4k7dNiioWP1VrShm3Hl,Gelena Velikanova,6,704
1J4ZZMApaSLOlYlYU4Nh1L,Сергей Зыков,0,8
7yhmt44KCCoaf87uL2hypX,Аркадий Погодин,1,36
4J4SBCamvIdEsG9VhCbRCo,Владимир Бунчиков,8,321
2MzavRjaUsMvWgLAYPyWhL,Oleg Pogudin,10,1164
7tdcw4fkeeOrOLzXpvjr8y,Georgi Vinogradov,21,2372
2aV270tYypinWWYO16JwJF,Gruppa Express,21,1604
4kmSUlKf9cg16DexnA97XB,Александр Добронравов,10,350
19YmizwT6Q0C0K3ZlSLInO,Lyudmila Zykina,16,3035
4L0lCujgiE9mafXNDtPXip,Kvatro,21,2467
2aV270tYypinWWYO16JwJF,Gruppa Express,21,1604
19YmizwT6Q0C0K3ZlSLInO,Lyudmila Zykina,16,3035
19YmizwT6Q0C0K3ZlSLInO,Lyudmila Zykina,16,3035
19YmizwT6Q0C0K3ZlSLInO,Lyudmila Zykina,16,3035
19YmizwT6Q0C0K3ZlSLInO,Lyudmila Zykina,16,3035
19YmizwT6Q0C0K3ZlSLInO,Lyudmila Zykina,16,3035
19YmizwT6Q0C0K3ZlSLInO,Lyudmila Zykina,16,3035
1XHA9Qzs1CLJK2VSiQ767a,Александр Морозов,7,348
4EoF1aN0LBD2ODl6Mmizxi,Андрей Петров,8,922
2MzavRjaUsMvWgLAYPyWhL,Oleg Pogudin,10,1164
1RsJXxwObVjgTgT5YLQsJE,Sergei Lemeshev,13,1551
1J4ZZMApaSLOlYlYU4Nh1L,Сергей Зыков,0,8
1J4ZZMApaSLOlYlYU4Nh1L,Сергей Зыков,0,8
2MzavRjaUsMvWgLAYPyWhL,Oleg Pogudin,10,1164
4kmSUlKf9cg16DexnA97XB,Александр Добронравов,10,350
2MzavRjaUsMvWgLAYPyWhL,Oleg Pogudin,10,1164
1J4ZZMApaSLOlYlYU4Nh1L,Сергей Зыков,0,8
19YmizwT6Q0C0K3ZlSLInO,Lyudmila Zykina,16,3035
4kmSUlKf9cg16DexnA97XB,Александр Добронравов,10,350
1J4ZZMApaSLOlYlYU4Nh1L,Сергей Зыков,0,8
2MzavRjaUsMvWgLAYPyWhL,Oleg Pogudin,10,1164
13A5r5f5lWbiFwQK2DiYPh,Nikolay Erdenko,0,41
1FI93cUSwAYje8U8aprlbg,Vadim Kozin,12,1720
4kmSUlKf9cg16DexnA97XB,Александр Добронравов,10,350
4hUZ0kTLN1A2rlaxQu6m5R,Klavdiya Shulzhenko,14,3197
1J4ZZMApaSLOlYlYU4Nh1L,Сергей Зыков,0,8
1J4ZZMApaSLOlYlYU4Nh1L,Сергей Зыков,0,8
2MzavRjaUsMvWgLAYPyWhL,Oleg Pogudin,10,1164
2MzavRjaUsMvWgLAYPyWhL,Oleg Pogudin,10,1164
2MzavRjaUsMvWgLAYPyWhL,Oleg Pogudin,10,1164
1RsJXxwObVjgTgT5YLQsJE,Sergei Lemeshev,13,1551
1J4ZZMApaSLOlYlYU4Nh1L,Сергей Зыков,0,8
1J4ZZMApaSLOlYlYU4Nh1L,Сергей Зыков,0,8
2JpiNWvsK2LMpaMJNNdDgy,Михаил Иванов,0,0
2MzavRjaUsMvWgLAYPyWhL,Oleg Pogudin,10,1164
1J4ZZMApaSLOlYlYU4Nh1L,Сергей Зыков,0,8
2MzavRjaUsMvWgLAYPyWhL,Oleg Pogudin,10,1164
2JpiNWvsK2LMpaMJNNdDgy,Михаил Иванов,0,0
1J4ZZMApaSLOlYlYU4Nh1L,Сергей Зыков,0,8
19YmizwT6Q0C0K3ZlSLInO,Lyudmila Zykina,16,3035
2MzavRjaUsMvWgLAYPyWhL,Oleg Pogudin,10,1164
2MzavRjaUsMvWgLAYPyWhL,Oleg Pogudin,10,1164
1J4ZZMApaSLOlYlYU4Nh1L,Сергей Зыков,0,8
2MzavRjaUsMvWgLAYPyWhL,Oleg Pogudin,10,1164
2MzavRjaUsMvWgLAYPyWhL,Oleg Pogudin,10,1164
0XKmwWopgZOC96M1nBgd7y,Maya Kristalinskaya,29,7544
4L0lCujgiE9mafXNDtPXip,Kvatro,21,2467
0gAsyuu4SY5lOgmJxxKcI3,Elena Kamburova,24,4483
4L0lCujgiE9mafXNDtPXip,Kvatro,21,2467
4L0lCujgiE9mafXNDtPXip,Kvatro,21,2467
4L0lCujgiE9mafXNDtPXip,Kvatro,21,2467
4L0lCujgiE9mafXNDtPXip,Kvatro,21,2467
4L0lCujgiE9mafXNDtPXip,Kvatro,21,2467
5jLW4Y4UnQSUr4NDxlNKwh,Rashid Beibutov,29,17969
5jLW4Y4UnQSUr4NDxlNKwh,Rashid Beibutov,29,17969
4L0lCujgiE9mafXNDtPXip,Kvatro,21,2467
5jLW4Y4UnQSUr4NDxlNKwh,Rashid Beibutov,29,17969
4L0lCujgiE9mafXNDtPXip,Kvatro,21,2467
5jLW4Y4UnQSUr4NDxlNKwh,Rashid Beibutov,29,17969
4L0lCujgiE9mafXNDtPXip,Kvatro,21,2467
4L0lCujgiE9mafXNDtPXip,Kvatro,21,2467
4L0lCujgiE9mafXNDtPXip,Kvatro,21,2467
0XKmwWopgZOC96M1nBgd7y,Maya Kristalinskaya,29,7544
4L0lCujgiE9mafXNDtPXip,Kvatro,21,2467
4L0lCujgiE9mafXNDtPXip,Kvatro,21,2467
4L0lCujgiE9mafXNDtPXip,Kvatro,21,2467
4L0lCujgiE9mafXNDtPXip,Kvatro,21,2467
4L0lCujgiE9mafXNDtPXip,Kvatro,21,2467
4L0lCujgiE9mafXNDtPXip,Kvatro,21,2467
4L0lCujgiE9mafXNDtPXip,Kvatro,21,2467
0XKmwWopgZOC96M1nBgd7y,Maya Kristalinskaya,29,7544
4L0lCujgiE9mafXNDtPXip,Kvatro,21,2467
2MzavRjaUsMvWgLAYPyWhL,Oleg Pogudin,10,1164
2MzavRjaUsMvWgLAYPyWhL,Oleg Pogudin,10,1164
5vR5MQkT0WArW8eYnqMg3Z,Сергей Захаров,3,155
2m43zpbC55ligeXxv7DrTF,Дмитрий Харатьян,10,441
4L0lCujgiE9mafXNDtPXip,Kvatro,21,2467
5vR5MQkT0WArW8eYnqMg3Z,Сергей Захаров,3,155
4EoF1aN0LBD2ODl6Mmizxi,Андрей Петров,8,922
2MzavRjaUsMvWgLAYPyWhL,Oleg Pogudin,10,1164
4J4SBCamvIdEsG9VhCbRCo,Владимир Бунчиков,8,321
2m43zpbC55ligeXxv7DrTF,Дмитрий Харатьян,10,441
4hUZ0kTLN1A2rlaxQu6m5R,Klavdiya Shulzhenko,14,3197
2MzavRjaUsMvWgLAYPyWhL,Oleg Pogudin,10,1164
0mOR6yywXHRW7fw36aU6lz,Olga Voronets,8,947
2MzavRjaUsMvWgLAYPyWhL,Oleg Pogudin,10,1164
4L0lCujgiE9mafXNDtPXip,Kvatro,21,2467
4EoF1aN0LBD2ODl6Mmizxi,Андрей Петров,8,922
4EoF1aN0LBD2ODl6Mmizxi,Андрей Петров,8,922
5vR5MQkT0WArW8eYnqMg3Z,Сергей Захаров,3,155
4hUZ0kTLN1A2rlaxQu6m5R,Klavdiya Shulzhenko,14,3197
5vR5MQkT0WArW8eYnqMg3Z,Сергей Захаров,3,155
1ga4k7dNiioWP1VrShm3Hl,Gelena Velikanova,6,704
2MzavRjaUsMvWgLAYPyWhL,Oleg Pogudin,10,1164
2MzavRjaUsMvWgLAYPyWhL,Oleg Pogudin,10,1164
6AhBiAmizB4WDjBEkUHHWR,Valentina Ponomaryova,18,1169
0XKmwWopgZOC96M1nBgd7y,Maya Kristalinskaya,29,7544
6AhBiAmizB4WDjBEkUHHWR,Valentina Ponomaryova,18,1169
6AhBiAmizB4WDjBEkUHHWR,Valentina Ponomaryova,18,1169
4L0lCujgiE9mafXNDtPXip,Kvatro,21,2467
6AhBiAmizB4WDjBEkUHHWR,Valentina Ponomaryova,18,1169
4L0lCujgiE9mafXNDtPXip,Kvatro,21,2467
4L0lCujgiE9mafXNDtPXip,Kvatro,21,2467
4L0lCujgiE9mafXNDtPXip,Kvatro,21,2467
1p5qI8MPdGMlKCBLUy86Tl,Alexander Vertinsky,15,5134
4L0lCujgiE9mafXNDtPXip,Kvatro,21,2467
4L0lCujgiE9mafXNDtPXip,Kvatro,21,2467
4L0lCujgiE9mafXNDtPXip,Kvatro,21,2467
1p5qI8MPdGMlKCBLUy86Tl,Alexander Vertinsky,15,5134
6tcdpQn32WlzB81qhAZxDB,Vladimir Troshin,22,2723
4L0lCujgiE9mafXNDtPXip,Kvatro,21,2467
6AhBiAmizB4WDjBEkUHHWR,Valentina Ponomaryova,18,1169
20Vsy9o3aZiJph9al7UyeT,Ivan Rebroff,27,14931
20Vsy9o3aZiJph9al7UyeT,Ivan Rebroff,27,14931
20Vsy9o3aZiJph9al7UyeT,Ivan Rebroff,27,14931
0XKmwWopgZOC96M1nBgd7y,Maya Kristalinskaya,29,7544
6B9ocOUg3cA75HOCqix6M3,Vika Tsyganova,29,15457
0XKmwWopgZOC96M1nBgd7y,Maya Kristalinskaya,29,7544
2MzavRjaUsMvWgLAYPyWhL,Oleg Pogudin,10,1164
2MzavRjaUsMvWgLAYPyWhL,Oleg Pogudin,10,1164
4kmSUlKf9cg16DexnA97XB,Александр Добронравов,10,350
6tcdpQn32WlzB81qhAZxDB,Vladimir Troshin,22,2723
4kmSUlKf9cg16DexnA97XB,Александр Добронравов,10,350
4kmSUlKf9cg16DexnA97XB,Александр Добронравов,10,350
2MzavRjaUsMvWgLAYPyWhL,Oleg Pogudin,10,1164
2MzavRjaUsMvWgLAYPyWhL,Oleg Pogudin,10,1164
1p5qI8MPdGMlKCBLUy86Tl,Alexander Vertinsky,15,5134
6tcdpQn32WlzB81qhAZxDB,Vladimir Troshin,22,2723
2bakvl7V0KVc2ilFNW2wl8,Николай Рыбников,12,752
2MzavRjaUsMvWgLAYPyWhL,Oleg Pogudin,10,1164
76qXYYEByjxULIx2jk4ygF,Вероника Андреева,0,40
2MzavRjaUsMvWgLAYPyWhL,Oleg Pogudin,10,1164
2MzavRjaUsMvWgLAYPyWhL,Oleg Pogudin,10,1164
2MzavRjaUsMvWgLAYPyWhL,Oleg Pogudin,10,1164
6tcdpQn32WlzB81qhAZxDB,Vladimir Troshin,22,2723
1ga4k7dNiioWP1VrShm3Hl,Gelena Velikanova,6,704
2MzavRjaUsMvWgLAYPyWhL,Oleg Pogudin,10,1164
6tcdpQn32WlzB81qhAZxDB,Vladimir Troshin,22,2723
1ga4k7dNiioWP1VrShm3Hl,Gelena Velikanova,6,704
1p5qI8MPdGMlKCBLUy86Tl,Alexander Vertinsky,15,5134
6tcdpQn32WlzB81qhAZxDB,Vladimir Troshin,22,2723
6tcdpQn32WlzB81qhAZxDB,Vladimir Troshin,22,2723
0XKmwWopgZOC96M1nBgd7y,Maya Kristalinskaya,29,7544
4kmSUlKf9cg16DexnA97XB,Александр Добронравов,10,350
2MzavRjaUsMvWgLAYPyWhL,Oleg Pogudin,10,1164
6tcdpQn32WlzB81qhAZxDB,Vladimir Troshin,22,2723
36ECxpIYWNwODir77eHE10,Igor Talkov,29,46003
36ECxpIYWNwODir77eHE10,Igor Talkov,29,46003
1EzoeBr9Fn6qAgLjl3JZ5T,Pyotr Leshchenko,19,3484
1EzoeBr9Fn6qAgLjl3JZ5T,Pyotr Leshchenko,19,3484
4L0lCujgiE9mafXNDtPXip,Kvatro,21,2467
36ECxpIYWNwODir77eHE10,Igor Talkov,29,46003
2bakvl7V0KVc2ilFNW2wl8,Николай Рыбников,12,752
4L0lCujgiE9mafXNDtPXip,Kvatro,21,2467
36ECxpIYWNwODir77eHE10,Igor Talkov,29,46003
1ga4k7dNiioWP1VrShm3Hl,Gelena Velikanova,6,704
3R9gRNvsM5PAeYNbkFDHZS,Zhanna Bichevskaya,15,4126
0XKmwWopgZOC96M1nBgd7y,Maya Kristalinskaya,29,7544
2bakvl7V0KVc2ilFNW2wl8,Николай Рыбников,12,752
36ECxpIYWNwODir77eHE10,Igor Talkov,29,46003
1EzoeBr9Fn6qAgLjl3JZ5T,Pyotr Leshchenko,19,3484
36ECxpIYWNwODir77eHE10,Igor Talkov,29,46003
6tcdpQn32WlzB81qhAZxDB,Vladimir Troshin,22,2723
4L0lCujgiE9mafXNDtPXip,Kvatro,21,2467
36ECxpIYWNwODir77eHE10,Igor Talkov,29,46003
4EoF1aN0LBD2ODl6Mmizxi,Андрей Петров,8,922
4L0lCujgiE9mafXNDtPXip,Kvatro,21,2467
3R9gRNvsM5PAeYNbkFDHZS,Zhanna Bichevskaya,15,4126
36ECxpIYWNwODir77eHE10,Igor Talkov,29,46003
4EoF1aN0LBD2ODl6Mmizxi,Андрей Петров,8,922
4L0lCujgiE9mafXNDtPXip,Kvatro,21,2467
4L0lCujgiE9mafXNDtPXip,Kvatro,21,2467
6tcdpQn32WlzB81qhAZxDB,Vladimir Troshin,22,2723
4L0lCujgiE9mafXNDtPXip,Kvatro,21,2467
4L0lCujgiE9mafXNDtPXip,Kvatro,21,2467
1EzoeBr9Fn6qAgLjl3JZ5T,Pyotr Leshchenko,19,3484
1EzoeBr9Fn6qAgLjl3JZ5T,Pyotr Leshchenko,19,3484
1EzoeBr9Fn6qAgLjl3JZ5T,Pyotr Leshchenko,19,3484
36ECxpIYWNwODir77eHE10,Igor Talkov,29,46003
36ECxpIYWNwODir77eHE10,Igor Talkov,29,46003
4L0lCujgiE9mafXNDtPXip,Kvatro,21,2467
1EzoeBr9Fn6qAgLjl3JZ5T,Pyotr Leshchenko,19,3484
1EzoeBr9Fn6qAgLjl3JZ5T,Pyotr Leshchenko,19,3484
1EzoeBr9Fn6qAgLjl3JZ5T,Pyotr Leshchenko,19,3484
0XKmwWopgZOC96M1nBgd7y,Maya Kristalinskaya,29,7544
2bakvl7V0KVc2ilFNW2wl8,Николай Рыбников,12,752
4L0lCujgiE9mafXNDtPXip,Kvatro,21,2467
4kmSUlKf9cg16DexnA97XB,Александр Добронравов,10,350
4kmSUlKf9cg16DexnA97XB,Александр Добронравов,10,350
4L0lCujgiE9mafXNDtPXip,Kvatro,21,2467
1ga4k7dNiioWP1VrShm3Hl,Gelena Velikanova,6,704
1EzoeBr9Fn6qAgLjl3JZ5T,Pyotr Leshchenko,19,3484
1EzoeBr9Fn6qAgLjl3JZ5T,Pyotr Leshchenko,19,3484
1EzoeBr9Fn6qAgLjl3JZ5T,Pyotr Leshchenko,19,3484
1EzoeBr9Fn6qAgLjl3JZ5T,Pyotr Leshchenko,19,3484
67pSiB7S5IIzZOJcdrYOr9,Valery Obodzinsky,19,7128
67pSiB7S5IIzZOJcdrYOr9,Valery Obodzinsky,19,7128
0XKmwWopgZOC96M1nBgd7y,Maya Kristalinskaya,29,7544
67pSiB7S5IIzZOJcdrYOr9,Valery Obodzinsky,19,7128
6AhBiAmizB4WDjBEkUHHWR,Valentina Ponomaryova,18,1169
36ECxpIYWNwODir77eHE10,Igor Talkov,29,46003
2MzavRjaUsMvWgLAYPyWhL,Oleg Pogudin,10,1164
3R9gRNvsM5PAeYNbkFDHZS,Zhanna Bichevskaya,15,4126
0XKmwWopgZOC96M1nBgd7y,Maya Kristalinskaya,29,7544
67pSiB7S5IIzZOJcdrYOr9,Valery Obodzinsky,19,7128
2m43zpbC55ligeXxv7DrTF,Дмитрий Харатьян,10,441
2MzavRjaUsMvWgLAYPyWhL,Oleg Pogudin,10,1164
2MzavRjaUsMvWgLAYPyWhL,Oleg Pogudin,10,1164
2MzavRjaUsMvWgLAYPyWhL,Oleg Pogudin,10,1164
2MzavRjaUsMvWgLAYPyWhL,Oleg Pogudin,10,1164
2MzavRjaUsMvWgLAYPyWhL,Oleg Pogudin,10,1164
2MzavRjaUsMvWgLAYPyWhL,Oleg Pogudin,10,1164
2MzavRjaUsMvWgLAYPyWhL,Oleg Pogudin,10,1164
2MzavRjaUsMvWgLAYPyWhL,Oleg Pogudin,10,1164
2MzavRjaUsMvWgLAYPyWhL,Oleg Pogudin,10,1164
1RsJXxwObVjgTgT5YLQsJE,Sergei Lemeshev,13,1551
2MzavRjaUsMvWgLAYPyWhL,Oleg Pogudin,10,1164
2MzavRjaUsMvWgLAYPyWhL,Oleg Pogudin,10,1164
0g6hYde5Th0fWeT6phOf3K,Lidia Ruslanova,4,1699
2MzavRjaUsMvWgLAYPyWhL,Oleg Pogudin,10,1164
5hrIi3ACLyZN6vt29muxRI,Nadezhda Obukhova,0,144
2MzavRjaUsMvWgLAYPyWhL,Oleg Pogudin,10,1164
2MzavRjaUsMvWgLAYPyWhL,Oleg Pogudin,10,1164
1ga4k7dNiioWP1VrShm3Hl,Gelena Velikanova,6,704
2MzavRjaUsMvWgLAYPyWhL,Oleg Pogudin,10,1164
1RzHw0CKefYaqmqVHPMzMO,Mikhail Vavich,0,3
2MzavRjaUsMvWgLAYPyWhL,Oleg Pogudin,10,1164
2MzavRjaUsMvWgLAYPyWhL,Oleg Pogudin,10,1164
1RsJXxwObVjgTgT5YLQsJE,Sergei Lemeshev,13,1551
2MzavRjaUsMvWgLAYPyWhL,Oleg Pogudin,10,1164
2MzavRjaUsMvWgLAYPyWhL,Oleg Pogudin,10,1164
2MzavRjaUsMvWgLAYPyWhL,Oleg Pogudin,10,1164
2MzavRjaUsMvWgLAYPyWhL,Oleg Pogudin,10,1164
2MzavRjaUsMvWgLAYPyWhL,Oleg Pogudin,10,1164
2MzavRjaUsMvWgLAYPyWhL,Oleg Pogudin,10,1164
2MzavRjaUsMvWgLAYPyWhL,Oleg Pogudin,10,1164
2MzavRjaUsMvWgLAYPyWhL,Oleg Pogudin,10,1164
2m43zpbC55ligeXxv7DrTF,Дмитрий Харатьян,10,441
2MzavRjaUsMvWgLAYPyWhL,Oleg Pogudin,10,1164
13OCpNSr2TcQde1Y4QPmZD,Ivan Kozlovsky,7,721
2MzavRjaUsMvWgLAYPyWhL,Oleg Pogudin,10,1164
13OCpNSr2TcQde1Y4QPmZD,Ivan Kozlovsky,7,721
639hqkrgajCYpYjP8cASKU,Vladimir Nechaev,5,419
2MzavRjaUsMvWgLAYPyWhL,Oleg Pogudin,10,1164
2MzavRjaUsMvWgLAYPyWhL,Oleg Pogudin,10,1164
0gAsyuu4SY5lOgmJxxKcI3,Elena Kamburova,24,4483
0gAsyuu4SY5lOgmJxxKcI3,Elena Kamburova,24,4483
67pSiB7S5IIzZOJcdrYOr9,Valery Obodzinsky,19,7128
0gAsyuu4SY5lOgmJxxKcI3,Elena Kamburova,24,4483
0gAsyuu4SY5lOgmJxxKcI3,Elena Kamburova,24,4483
67pSiB7S5IIzZOJcdrYOr9,Valery Obodzinsky,19,7128
67pSiB7S5IIzZOJcdrYOr9,Valery Obodzinsky,19,7128
0gAsyuu4SY5lOgmJxxKcI3,Elena Kamburova,24,4483
0gAsyuu4SY5lOgmJxxKcI3,Elena Kamburova,24,4483
0gAsyuu4SY5lOgmJxxKcI3,Elena Kamburova,24,4483
0gAsyuu4SY5lOgmJxxKcI3,Elena Kamburova,24,4483
0gAsyuu4SY5lOgmJxxKcI3,Elena Kamburova,24,4483
0gAsyuu4SY5lOgmJxxKcI3,Elena Kamburova,24,4483
0gAsyuu4SY5lOgmJxxKcI3,Elena Kamburova,24,4483
0gAsyuu4SY5lOgmJxxKcI3,Elena Kamburova,24,4483
0XKmwWopgZOC96M1nBgd7y,Maya Kristalinskaya,29,7544
4rZEukCg3BJtHukmoSdWwD,Sergey Nikitin,27,4788
67pSiB7S5IIzZOJcdrYOr9,Valery Obodzinsky,19,7128
0gAsyuu4SY5lOgmJxxKcI3,Elena Kamburova,24,4483
4hUZ0kTLN1A2rlaxQu6m5R,Klavdiya Shulzhenko,14,3197
0gAsyuu4SY5lOgmJxxKcI3,Elena Kamburova,24,4483
0gAsyuu4SY5lOgmJxxKcI3,Elena Kamburova,24,4483
0gAsyuu4SY5lOgmJxxKcI3,Elena Kamburova,24,4483
0XKmwWopgZOC96M1nBgd7y,Maya Kristalinskaya,29,7544
0gAsyuu4SY5lOgmJxxKcI3,Elena Kamburova,24,4483
0gAsyuu4SY5lOgmJxxKcI3,Elena Kamburova,24,4483
0gAsyuu4SY5lOgmJxxKcI3,Elena Kamburova,24,4483
0gAsyuu4SY5lOgmJxxKcI3,Elena Kamburova,24,4483
6B9ocOUg3cA75HOCqix6M3,Vika Tsyganova,29,15457
19YmizwT6Q0C0K3ZlSLInO,Lyudmila Zykina,16,3035
7tsriTe10P5GRh33RcxWja,Nikolay Kopylov,4,130
1ga4k7dNiioWP1VrShm3Hl,Gelena Velikanova,6,704
7tsriTe10P5GRh33RcxWja,Nikolay Kopylov,4,130
7tsriTe10P5GRh33RcxWja,Nikolay Kopylov,4,130
6tcdpQn32WlzB81qhAZxDB,Vladimir Troshin,22,2723
7tsriTe10P5GRh33RcxWja,Nikolay Kopylov,4,130
7tsriTe10P5GRh33RcxWja,Nikolay Kopylov,4,130
4hUZ0kTLN1A2rlaxQu6m5R,Klavdiya Shulzhenko,14,3197
7tsriTe10P5GRh33RcxWja,Nikolay Kopylov,4,130
7tsriTe10P5GRh33RcxWja,Nikolay Kopylov,4,130
7tsriTe10P5GRh33RcxWja,Nikolay Kopylov,4,130
7tsriTe10P5GRh33RcxWja,Nikolay Kopylov,4,130
7tsriTe10P5GRh33RcxWja,Nikolay Kopylov,4,130
2devkkG4mIc96VVeBx6LPS,Yuri Morfessi,1,461
1FI93cUSwAYje8U8aprlbg,Vadim Kozin,12,1720
7tsriTe10P5GRh33RcxWja,Nikolay Kopylov,4,130
7tsriTe10P5GRh33RcxWja,Nikolay Kopylov,4,130
7tsriTe10P5GRh33RcxWja,Nikolay Kopylov,4,130
7tsriTe10P5GRh33RcxWja,Nikolay Kopylov,4,130
2devkkG4mIc96VVeBx6LPS,Yuri Morfessi,1,461
1FI93cUSwAYje8U8aprlbg,Vadim Kozin,12,1720
6tcdpQn32WlzB81qhAZxDB,Vladimir Troshin,22,2723
19YmizwT6Q0C0K3ZlSLInO,Lyudmila Zykina,16,3035
19YmizwT6Q0C0K3ZlSLInO,Lyudmila Zykina,16,3035
13OCpNSr2TcQde1Y4QPmZD,Ivan Kozlovsky,7,721
6tcdpQn32WlzB81qhAZxDB,Vladimir Troshin,22,2723
6tcdpQn32WlzB81qhAZxDB,Vladimir Troshin,22,2723
4hUZ0kTLN1A2rlaxQu6m5R,Klavdiya Shulzhenko,14,3197
1FI93cUSwAYje8U8aprlbg,Vadim Kozin,12,1720
6tcdpQn32WlzB81qhAZxDB,Vladimir Troshin,22,2723
1FI93cUSwAYje8U8aprlbg,Vadim Kozin,12,1720
1EzoeBr9Fn6qAgLjl3JZ5T,Pyotr Leshchenko,19,3484
4KmezRpHTqRuaBovjEwnwV,Izabella Yurieva,1,409
13OCpNSr2TcQde1Y4QPmZD,Ivan Kozlovsky,7,721
1FI93cUSwAYje8U8aprlbg,Vadim Kozin,12,1720
13OCpNSr2TcQde1Y4QPmZD,Ivan Kozlovsky,7,721
1FI93cUSwAYje8U8aprlbg,Vadim Kozin,12,1720
1FI93cUSwAYje8U8aprlbg,Vadim Kozin,12,1720
1FI93cUSwAYje8U8aprlbg,Vadim Kozin,12,1720
4J4SBCamvIdEsG9VhCbRCo,Владимир Бунчиков,8,321
1FI93cUSwAYje8U8aprlbg,Vadim Kozin,12,1720
4hUZ0kTLN1A2rlaxQu6m5R,Klavdiya Shulzhenko,14,3197
7tdcw4fkeeOrOLzXpvjr8y,Georgi Vinogradov,21,2372
639hqkrgajCYpYjP8cASKU,Vladimir Nechaev,5,419
7tdcw4fkeeOrOLzXpvjr8y,Georgi Vinogradov,21,2372
4J4SBCamvIdEsG9VhCbRCo,Владимир Бунчиков,8,321
7tdcw4fkeeOrOLzXpvjr8y,Georgi Vinogradov,21,2372
4kmSUlKf9cg16DexnA97XB,Александр Добронравов,10,350
639hqkrgajCYpYjP8cASKU,Vladimir Nechaev,5,419
42u6N6POHeMYwoUOYThPoo,Стронгилла Иртлач,1,95
4hUZ0kTLN1A2rlaxQu6m5R,Klavdiya Shulzhenko,14,3197
0sGVxsXCaPJOVLNJFYkSt6,Maria Maksakova,2,116
13OCpNSr2TcQde1Y4QPmZD,Ivan Kozlovsky,7,721
42u6N6POHeMYwoUOYThPoo,Стронгилла Иртлач,1,95
6tcdpQn32WlzB81qhAZxDB,Vladimir Troshin,22,2723
7tdcw4fkeeOrOLzXpvjr8y,Georgi Vinogradov,21,2372
1FI93cUSwAYje8U8aprlbg,Vadim Kozin,12,1720
2bakvl7V0KVc2ilFNW2wl8,Николай Рыбников,12,752
2devkkG4mIc96VVeBx6LPS,Yuri Morfessi,1,461
639hqkrgajCYpYjP8cASKU,Vladimir Nechaev,5,419
6tcdpQn32WlzB81qhAZxDB,Vladimir Troshin,22,2723
4kmSUlKf9cg16DexnA97XB,Александр Добронравов,10,350
4J4SBCamvIdEsG9VhCbRCo,Владимир Бунчиков,8,321
1FI93cUSwAYje8U8aprlbg,Vadim Kozin,12,1720
1FI93cUSwAYje8U8aprlbg,Vadim Kozin,12,1720
639hqkrgajCYpYjP8cASKU,Vladimir Nechaev,5,419
2devkkG4mIc96VVeBx6LPS,Yuri Morfessi,1,461
1RsJXxwObVjgTgT5YLQsJE,Sergei Lemeshev,13,1551
5BpS3s4I9xdckGgiw2MXyP,Tamara Tsereteli,0,16
2devkkG4mIc96VVeBx6LPS,Yuri Morfessi,1,461
4hUZ0kTLN1A2rlaxQu6m5R,Klavdiya Shulzhenko,14,3197
6tcdpQn32WlzB81qhAZxDB,Vladimir Troshin,22,2723
19YmizwT6Q0C0K3ZlSLInO,Lyudmila Zykina,16,3035
4hUZ0kTLN1A2rlaxQu6m5R,Klavdiya Shulzhenko,14,3197
0XKmwWopgZOC96M1nBgd7y,Maya Kristalinskaya,29,7544
7tdcw4fkeeOrOLzXpvjr8y,Georgi Vinogradov,21,2372
5vR5MQkT0WArW8eYnqMg3Z,Сергей Захаров,3,155
2MzavRjaUsMvWgLAYPyWhL,Oleg Pogudin,10,1164
2MzavRjaUsMvWgLAYPyWhL,Oleg Pogudin,10,1164
1RsJXxwObVjgTgT5YLQsJE,Sergei Lemeshev,13,1551
2MzavRjaUsMvWgLAYPyWhL,Oleg Pogudin,10,1164
6B9ocOUg3cA75HOCqix6M3,Vika Tsyganova,29,15457
0XKmwWopgZOC96M1nBgd7y,Maya Kristalinskaya,29,7544
2MzavRjaUsMvWgLAYPyWhL,Oleg Pogudin,10,1164
7h3sHeoG9K1Ogwy7VhwtsU,Виктор Лебедев,15,700
2MzavRjaUsMvWgLAYPyWhL,Oleg Pogudin,10,1164
1RsJXxwObVjgTgT5YLQsJE,Sergei Lemeshev,13,1551
2MzavRjaUsMvWgLAYPyWhL,Oleg Pogudin,10,1164
4hUZ0kTLN1A2rlaxQu6m5R,Klavdiya Shulzhenko,14,3197
0Q6U8mkbcGbTyigrJ538iG,Николай Тимченко,0,37
4J4SBCamvIdEsG9VhCbRCo,Владимир Бунчиков,8,321
4hUZ0kTLN1A2rlaxQu6m5R,Klavdiya Shulzhenko,14,3197
2MzavRjaUsMvWgLAYPyWhL,Oleg Pogudin,10,1164
2MzavRjaUsMvWgLAYPyWhL,Oleg Pogudin,10,1164
2MzavRjaUsMvWgLAYPyWhL,Oleg Pogudin,10,1164
2MzavRjaUsMvWgLAYPyWhL,Oleg Pogudin,10,1164
6s1RmjPMgAGzjKugAnJNkL,Кето Джапаридзе,0,5
4hUZ0kTLN1A2rlaxQu6m5R,Klavdiya Shulzhenko,14,3197
4hUZ0kTLN1A2rlaxQu6m5R,Klavdiya Shulzhenko,14,3197
2MzavRjaUsMvWgLAYPyWhL,Oleg Pogudin,10,1164
2MzavRjaUsMvWgLAYPyWhL,Oleg Pogudin,10,1164
2MzavRjaUsMvWgLAYPyWhL,Oleg Pogudin,10,1164
2MzavRjaUsMvWgLAYPyWhL,Oleg Pogudin,10,1164
2MzavRjaUsMvWgLAYPyWhL,Oleg Pogudin,10,1164
2MzavRjaUsMvWgLAYPyWhL,Oleg Pogudin,10,1164
2MzavRjaUsMvWgLAYPyWhL,Oleg Pogudin,10,1164
2MzavRjaUsMvWgLAYPyWhL,Oleg Pogudin,10,1164
4hUZ0kTLN1A2rlaxQu6m5R,Klavdiya Shulzhenko,14,3197
4J4SBCamvIdEsG9VhCbRCo,Владимир Бунчиков,8,321
2MzavRjaUsMvWgLAYPyWhL,Oleg Pogudin,10,1164
2MzavRjaUsMvWgLAYPyWhL,Oleg Pogudin,10,1164
7tdcw4fkeeOrOLzXpvjr8y,Georgi Vinogradov,21,2372
2MzavRjaUsMvWgLAYPyWhL,Oleg Pogudin,10,1164
2MzavRjaUsMvWgLAYPyWhL,Oleg Pogudin,10,1164
2MzavRjaUsMvWgLAYPyWhL,Oleg Pogudin,10,1164
4hUZ0kTLN1A2rlaxQu6m5R,Klavdiya Shulzhenko,14,3197
4hUZ0kTLN1A2rlaxQu6m5R,Klavdiya Shulzhenko,14,3197
6s1RmjPMgAGzjKugAnJNkL,Кето Джапаридзе,0,5
4hUZ0kTLN1A2rlaxQu6m5R,Klavdiya Shulzhenko,14,3197
2MzavRjaUsMvWgLAYPyWhL,Oleg Pogudin,10,1164
37mLzn4EloGM49ODkMIWsF,Ivan Petrov,6,147
3R9gRNvsM5PAeYNbkFDHZS,Zhanna Bichevskaya,15,4126
2MzavRjaUsMvWgLAYPyWhL,Oleg Pogudin,10,1164
3R9gRNvsM5PAeYNbkFDHZS,Zhanna Bichevskaya,15,4126
1A6JXyIYY4ZhWxdLTLt3kR,Feodor Chaliapin,9,2545
639hqkrgajCYpYjP8cASKU,Vladimir Nechaev,5,419
639hqkrgajCYpYjP8cASKU,Vladimir Nechaev,5,419
639hqkrgajCYpYjP8cASKU,Vladimir Nechaev,5,419
639hqkrgajCYpYjP8cASKU,Vladimir Nechaev,5,419
2MzavRjaUsMvWgLAYPyWhL,Oleg Pogudin,10,1164
639hqkrgajCYpYjP8cASKU,Vladimir Nechaev,5,419
639hqkrgajCYpYjP8cASKU,Vladimir Nechaev,5,419
639hqkrgajCYpYjP8cASKU,Vladimir Nechaev,5,419
639hqkrgajCYpYjP8cASKU,Vladimir Nechaev,5,419
2MzavRjaUsMvWgLAYPyWhL,Oleg Pogudin,10,1164
639hqkrgajCYpYjP8cASKU,Vladimir Nechaev,5,419
2MzavRjaUsMvWgLAYPyWhL,Oleg Pogudin,10,1164
639hqkrgajCYpYjP8cASKU,Vladimir Nechaev,5,419
2MzavRjaUsMvWgLAYPyWhL,Oleg Pogudin,10,1164
4KmezRpHTqRuaBovjEwnwV,Izabella Yurieva,1,409
6AhBiAmizB4WDjBEkUHHWR,Valentina Ponomaryova,18,1169
6AhBiAmizB4WDjBEkUHHWR,Valentina Ponomaryova,18,1169
1RsJXxwObVjgTgT5YLQsJE,Sergei Lemeshev,13,1551
639hqkrgajCYpYjP8cASKU,Vladimir Nechaev,5,419
1RsJXxwObVjgTgT5YLQsJE,Sergei Lemeshev,13,1551
2MzavRjaUsMvWgLAYPyWhL,Oleg Pogudin,10,1164
2MzavRjaUsMvWgLAYPyWhL,Oleg Pogudin,10,1164
4KmezRpHTqRuaBovjEwnwV,Izabella Yurieva,1,409
1RsJXxwObVjgTgT5YLQsJE,Sergei Lemeshev,13,1551
2MzavRjaUsMvWgLAYPyWhL,Oleg Pogudin,10,1164
1RsJXxwObVjgTgT5YLQsJE,Sergei Lemeshev,13,1551
4KmezRpHTqRuaBovjEwnwV,Izabella Yurieva,1,409
639hqkrgajCYpYjP8cASKU,Vladimir Nechaev,5,419
2MzavRjaUsMvWgLAYPyWhL,Oleg Pogudin,10,1164
1RsJXxwObVjgTgT5YLQsJE,Sergei Lemeshev,13,1551
2MzavRjaUsMvWgLAYPyWhL,Oleg Pogudin,10,1164
2MzavRjaUsMvWgLAYPyWhL,Oleg Pogudin,10,1164
4KmezRpHTqRuaBovjEwnwV,Izabella Yurieva,1,409
2MzavRjaUsMvWgLAYPyWhL,Oleg Pogudin,10,1164
3n5d81MPKZuBSxlhP2L8OC,"Ансамбль ""Бархатный сезон""",0,35
2MzavRjaUsMvWgLAYPyWhL,Oleg Pogudin,10,1164
639hqkrgajCYpYjP8cASKU,Vladimir Nechaev,5,419
2MzavRjaUsMvWgLAYPyWhL,Oleg Pogudin,10,1164
639hqkrgajCYpYjP8cASKU,Vladimir Nechaev,5,419
3R9gRNvsM5PAeYNbkFDHZS,Zhanna Bichevskaya,15,4126
3n5d81MPKZuBSxlhP2L8OC,"Ансамбль ""Бархатный сезон""",0,35
2MzavRjaUsMvWgLAYPyWhL,Oleg Pogudin,10,1164
5hrIi3ACLyZN6vt29muxRI,Nadezhda Obukhova,0,144
2MzavRjaUsMvWgLAYPyWhL,Oleg Pogudin,10,1164
2MzavRjaUsMvWgLAYPyWhL,Oleg Pogudin,10,1164
7tdcw4fkeeOrOLzXpvjr8y,Georgi Vinogradov,21,2372
20Vsy9o3aZiJph9al7UyeT,Ivan Rebroff,27,14931
29mflWi6BuBADy7FPOhrx5,Zhenya Shevchenko,8,417
20Vsy9o3aZiJph9al7UyeT,Ivan Rebroff,27,14931
6B9ocOUg3cA75HOCqix6M3,Vika Tsyganova,29,15457
20Vsy9o3aZiJph9al7UyeT,Ivan Rebroff,27,14931
20Vsy9o3aZiJph9al7UyeT,Ivan Rebroff,27,14931
29mflWi6BuBADy7FPOhrx5,Zhenya Shevchenko,8,417
20Vsy9o3aZiJph9al7UyeT,Ivan Rebroff,27,14931
1EzoeBr9Fn6qAgLjl3JZ5T,Pyotr Leshchenko,19,3484
1RsJXxwObVjgTgT5YLQsJE,Sergei Lemeshev,13,1551
1RsJXxwObVjgTgT5YLQsJE,Sergei Lemeshev,13,1551
1RsJXxwObVjgTgT5YLQsJE,Sergei Lemeshev,13,1551
4hUZ0kTLN1A2rlaxQu6m5R,Klavdiya Shulzhenko,14,3197
1RsJXxwObVjgTgT5YLQsJE,Sergei Lemeshev,13,1551
1RsJXxwObVjgTgT5YLQsJE,Sergei Lemeshev,13,1551
60EuoAM8LLXx5z10Wc33eR,Nikolai Erdenko,8,396
1RsJXxwObVjgTgT5YLQsJE,Sergei Lemeshev,13,1551
20Vsy9o3aZiJph9al7UyeT,Ivan Rebroff,27,14931
20Vsy9o3aZiJph9al7UyeT,Ivan Rebroff,27,14931
4hUZ0kTLN1A2rlaxQu6m5R,Klavdiya Shulzhenko,14,3197
1RsJXxwObVjgTgT5YLQsJE,Sergei Lemeshev,13,1551
5hrIi3ACLyZN6vt29muxRI,Nadezhda Obukhova,0,144
1RsJXxwObVjgTgT5YLQsJE,Sergei Lemeshev,13,1551
60EuoAM8LLXx5z10Wc33eR,Nikolai Erdenko,8,396
4hUZ0kTLN1A2rlaxQu6m5R,Klavdiya Shulzhenko,14,3197
60EuoAM8LLXx5z10Wc33eR,Nikolai Erdenko,8,396
60EuoAM8LLXx5z10Wc33eR,Nikolai Erdenko,8,396
60EuoAM8LLXx5z10Wc33eR,Nikolai Erdenko,8,396
60EuoAM8LLXx5z10Wc33eR,Nikolai Erdenko,8,396
60EuoAM8LLXx5z10Wc33eR,Nikolai Erdenko,8,396
60EuoAM8LLXx5z10Wc33eR,Nikolai Erdenko,8,396
60EuoAM8LLXx5z10Wc33eR,Nikolai Erdenko,8,396
1RsJXxwObVjgTgT5YLQsJE,Sergei Lemeshev,13,1551
37mLzn4EloGM49ODkMIWsF,Ivan Petrov,6,147
60EuoAM8LLXx5z10Wc33eR,Nikolai Erdenko,8,396
60EuoAM8LLXx5z10Wc33eR,Nikolai Erdenko,8,396
60EuoAM8LLXx5z10Wc33eR,Nikolai Erdenko,8,396
60EuoAM8LLXx5z10Wc33eR,Nikolai Erdenko,8,396
60EuoAM8LLXx5z10Wc33eR,Nikolai Erdenko,8,396
37mLzn4EloGM49ODkMIWsF,Ivan Petrov,6,147
60EuoAM8LLXx5z10Wc33eR,Nikolai Erdenko,8,396
5MQ2KAGVv7hT8JJ8lAmbDs,Иван Петров,2,19
60EuoAM8LLXx5z10Wc33eR,Nikolai Erdenko,8,396
60EuoAM8LLXx5z10Wc33eR,Nikolai Erdenko,8,396
60EuoAM8LLXx5z10Wc33eR,Nikolai Erdenko,8,396
5hrIi3ACLyZN6vt29muxRI,Nadezhda Obukhova,0,144
60EuoAM8LLXx5z10Wc33eR,Nikolai Erdenko,8,396
60EuoAM8LLXx5z10Wc33eR,Nikolai Erdenko,8,396
37mLzn4EloGM49ODkMIWsF,Ivan Petrov,6,147
20Vsy9o3aZiJph9al7UyeT,Ivan Rebroff,27,14931
20Vsy9o3aZiJph9al7UyeT,Ivan Rebroff,27,14931
20Vsy9o3aZiJph9al7UyeT,Ivan Rebroff,27,14931
20Vsy9o3aZiJph9al7UyeT,Ivan Rebroff,27,14931
20Vsy9o3aZiJph9al7UyeT,Ivan Rebroff,27,14931
4hUZ0kTLN1A2rlaxQu6m5R,Klavdiya Shulzhenko,14,3197
20Vsy9o3aZiJph9al7UyeT,Ivan Rebroff,27,14931
20Vsy9o3aZiJph9al7UyeT,Ivan Rebroff,27,14931
20Vsy9o3aZiJph9al7UyeT,Ivan Rebroff,27,14931
20Vsy9o3aZiJph9al7UyeT,Ivan Rebroff,27,14931
20Vsy9o3aZiJph9al7UyeT,Ivan Rebroff,27,14931
20Vsy9o3aZiJph9al7UyeT,Ivan Rebroff,27,14931
1p5qI8MPdGMlKCBLUy86Tl,Alexander Vertinsky,15,5134
20Vsy9o3aZiJph9al7UyeT,Ivan Rebroff,27,14931
20Vsy9o3aZiJph9al7UyeT,Ivan Rebroff,27,14931
1p5qI8MPdGMlKCBLUy86Tl,Alexander Vertinsky,15,5134
1FI93cUSwAYje8U8aprlbg,Vadim Kozin,12,1720
1FI93cUSwAYje8U8aprlbg,Vadim Kozin,12,1720
20Vsy9o3aZiJph9al7UyeT,Ivan Rebroff,27,14931
20Vsy9o3aZiJph9al7UyeT,Ivan Rebroff,27,14931
5vR5MQkT0WArW8eYnqMg3Z,Сергей Захаров,3,155
5vR5MQkT0WArW8eYnqMg3Z,Сергей Захаров,3,155
1p5qI8MPdGMlKCBLUy86Tl,Alexander Vertinsky,15,5134
1FI93cUSwAYje8U8aprlbg,Vadim Kozin,12,1720
01FUCDV160ihSfBsyuBqwR,Александр Цфасман,3,135
13OCpNSr2TcQde1Y4QPmZD,Ivan Kozlovsky,7,721
13OCpNSr2TcQde1Y4QPmZD,Ivan Kozlovsky,7,721
4hUZ0kTLN1A2rlaxQu6m5R,Klavdiya Shulzhenko,14,3197
2devkkG4mIc96VVeBx6LPS,Yuri Morfessi,1,461
7tdcw4fkeeOrOLzXpvjr8y,Georgi Vinogradov,21,2372
5vR5MQkT0WArW8eYnqMg3Z,Сергей Захаров,3,155
6C6BZ5XkLE7ifKsYYsg8Vb,Иван Скобцов,0,21
6QQGPHn1DChToXHQ3I2hh0,Alla Bayanova,1,506
5vR5MQkT0WArW8eYnqMg3Z,Сергей Захаров,3,155
5vR5MQkT0WArW8eYnqMg3Z,Сергей Захаров,3,155
13OCpNSr2TcQde1Y4QPmZD,Ivan Kozlovsky,7,721
2G1jm7luwVuZaMeLPnp9pD,Вероника Борисенко,0,4
4hUZ0kTLN1A2rlaxQu6m5R,Klavdiya Shulzhenko,14,3197
7tdcw4fkeeOrOLzXpvjr8y,Georgi Vinogradov,21,2372
1FI93cUSwAYje8U8aprlbg,Vadim Kozin,12,1720
2G1jm7luwVuZaMeLPnp9pD,Вероника Борисенко,0,4
5vR5MQkT0WArW8eYnqMg3Z,Сергей Захаров,3,155
7tdcw4fkeeOrOLzXpvjr8y,Georgi Vinogradov,21,2372
4hUZ0kTLN1A2rlaxQu6m5R,Klavdiya Shulzhenko,14,3197
4hUZ0kTLN1A2rlaxQu6m5R,Klavdiya Shulzhenko,14,3197
5vR5MQkT0WArW8eYnqMg3Z,Сергей Захаров,3,155
639hqkrgajCYpYjP8cASKU,Vladimir Nechaev,5,419
6QQGPHn1DChToXHQ3I2hh0,Alla Bayanova,1,506
7tdcw4fkeeOrOLzXpvjr8y,Georgi Vinogradov,21,2372
5vR5MQkT0WArW8eYnqMg3Z,Сергей Захаров,3,155
5DMBmepimIJbC9tr7C3ugs,Strongilla Irtlach,0,15
4hUZ0kTLN1A2rlaxQu6m5R,Klavdiya Shulzhenko,14,3197
5DMBmepimIJbC9tr7C3ugs,Strongilla Irtlach,0,15
5DMBmepimIJbC9tr7C3ugs,Strongilla Irtlach,0,15
1RsJXxwObVjgTgT5YLQsJE,Sergei Lemeshev,13,1551
5DMBmepimIJbC9tr7C3ugs,Strongilla Irtlach,0,15
5DMBmepimIJbC9tr7C3ugs,Strongilla Irtlach,0,15
13OCpNSr2TcQde1Y4QPmZD,Ivan Kozlovsky,7,721
5DMBmepimIJbC9tr7C3ugs,Strongilla Irtlach,0,15
5DMBmepimIJbC9tr7C3ugs,Strongilla Irtlach,0,15
5DMBmepimIJbC9tr7C3ugs,Strongilla Irtlach,0,15
1RsJXxwObVjgTgT5YLQsJE,Sergei Lemeshev,13,1551
5DMBmepimIJbC9tr7C3ugs,Strongilla Irtlach,0,15
5DMBmepimIJbC9tr7C3ugs,Strongilla Irtlach,0,15
5DMBmepimIJbC9tr7C3ugs,Strongilla Irtlach,0,15
5DMBmepimIJbC9tr7C3ugs,Strongilla Irtlach,0,15
5DMBmepimIJbC9tr7C3ugs,Strongilla Irtlach,0,15
1RsJXxwObVjgTgT5YLQsJE,Sergei Lemeshev,13,1551
5DMBmepimIJbC9tr7C3ugs,Strongilla Irtlach,0,15
0XKmwWopgZOC96M1nBgd7y,Maya Kristalinskaya,29,7544
1RsJXxwObVjgTgT5YLQsJE,Sergei Lemeshev,13,1551
6tcdpQn32WlzB81qhAZxDB,Vladimir Troshin,22,2723
0XKmwWopgZOC96M1nBgd7y,Maya Kristalinskaya,29,7544
5DMBmepimIJbC9tr7C3ugs,Strongilla Irtlach,0,15
5DMBmepimIJbC9tr7C3ugs,Strongilla Irtlach,0,15
0mOR6yywXHRW7fw36aU6lz,Olga Voronets,8,947
1A6JXyIYY4ZhWxdLTLt3kR,Feodor Chaliapin,9,2545
1A6JXyIYY4ZhWxdLTLt3kR,Feodor Chaliapin,9,2545
1A6JXyIYY4ZhWxdLTLt3kR,Feodor Chaliapin,9,2545
1A6JXyIYY4ZhWxdLTLt3kR,Feodor Chaliapin,9,2545
1A6JXyIYY4ZhWxdLTLt3kR,Feodor Chaliapin,9,2545
0XKmwWopgZOC96M1nBgd7y,Maya Kristalinskaya,29,7544
1A6JXyIYY4ZhWxdLTLt3kR,Feodor Chaliapin,9,2545
19YmizwT6Q0C0K3ZlSLInO,Lyudmila Zykina,16,3035
19YmizwT6Q0C0K3ZlSLInO,Lyudmila Zykina,16,3035
1EzoeBr9Fn6qAgLjl3JZ5T,Pyotr Leshchenko,19,3484
7tsriTe10P5GRh33RcxWja,Nikolay Kopylov,4,130
6tcdpQn32WlzB81qhAZxDB,Vladimir Troshin,22,2723
7tdcw4fkeeOrOLzXpvjr8y,Georgi Vinogradov,21,2372
0mOR6yywXHRW7fw36aU6lz,Olga Voronets,8,947
2bakvl7V0KVc2ilFNW2wl8,Николай Рыбников,12,752
4J4SBCamvIdEsG9VhCbRCo,Владимир Бунчиков,8,321
4J4SBCamvIdEsG9VhCbRCo,Владимир Бунчиков,8,321
0sGVxsXCaPJOVLNJFYkSt6,Maria Maksakova,2,116
1EzoeBr9Fn6qAgLjl3JZ5T,Pyotr Leshchenko,19,3484
1EzoeBr9Fn6qAgLjl3JZ5T,Pyotr Leshchenko,19,3484
6tcdpQn32WlzB81qhAZxDB,Vladimir Troshin,22,2723
1XwTCyrmfdTvkd9E0fLN9u,"Группа ""Загадка""",6,370
7tsriTe10P5GRh33RcxWja,Nikolay Kopylov,4,130
37mLzn4EloGM49ODkMIWsF,Ivan Petrov,6,147
3Flps7RNahxiaQIlE5HfCt,Konstantin Pluzhnikov,5,45
6tcdpQn32WlzB81qhAZxDB,Vladimir Troshin,22,2723
49qhxoWSBaM34EsI8LZ9ju,Keto Dzhaparidze,0,4
3Flps7RNahxiaQIlE5HfCt,Konstantin Pluzhnikov,5,45
7tsriTe10P5GRh33RcxWja,Nikolay Kopylov,4,130
3Flps7RNahxiaQIlE5HfCt,Konstantin Pluzhnikov,5,45
3Flps7RNahxiaQIlE5HfCt,Konstantin Pluzhnikov,5,45
1XwTCyrmfdTvkd9E0fLN9u,"Группа ""Загадка""",6,370
1XwTCyrmfdTvkd9E0fLN9u,"Группа ""Загадка""",6,370
6QQGPHn1DChToXHQ3I2hh0,Alla Bayanova,1,506
3Flps7RNahxiaQIlE5HfCt,Konstantin Pluzhnikov,5,45
1XwTCyrmfdTvkd9E0fLN9u,"Группа ""Загадка""",6,370
6tcdpQn32WlzB81qhAZxDB,Vladimir Troshin,22,2723
60EuoAM8LLXx5z10Wc33eR,Nikolai Erdenko,8,396
49qhxoWSBaM34EsI8LZ9ju,Keto Dzhaparidze,0,4
7tsriTe10P5GRh33RcxWja,Nikolay Kopylov,4,130
7tsriTe10P5GRh33RcxWja,Nikolay Kopylov,4,130
7tsriTe10P5GRh33RcxWja,Nikolay Kopylov,4,130
1XwTCyrmfdTvkd9E0fLN9u,"Группа ""Загадка""",6,370
3Flps7RNahxiaQIlE5HfCt,Konstantin Pluzhnikov,5,45
1XwTCyrmfdTvkd9E0fLN9u,"Группа ""Загадка""",6,370
7tsriTe10P5GRh33RcxWja,Nikolay Kopylov,4,130
1XwTCyrmfdTvkd9E0fLN9u,"Группа ""Загадка""",6,370
7tsriTe10P5GRh33RcxWja,Nikolay Kopylov,4,130
1XwTCyrmfdTvkd9E0fLN9u,"Группа ""Загадка""",6,370
3Flps7RNahxiaQIlE5HfCt,Konstantin Pluzhnikov,5,45
1XwTCyrmfdTvkd9E0fLN9u,"Группа ""Загадка""",6,370
3Flps7RNahxiaQIlE5HfCt,Konstantin Pluzhnikov,5,45
7tsriTe10P5GRh33RcxWja,Nikolay Kopylov,4,130
1XwTCyrmfdTvkd9E0fLN9u,"Группа ""Загадка""",6,370
3Flps7RNahxiaQIlE5HfCt,Konstantin Pluzhnikov,5,45
1XwTCyrmfdTvkd9E0fLN9u,"Группа ""Загадка""",6,370
3Flps7RNahxiaQIlE5HfCt,Konstantin Pluzhnikov,5,45
7tsriTe10P5GRh33RcxWja,Nikolay Kopylov,4,130
6QQGPHn1DChToXHQ3I2hh0,Alla Bayanova,1,506
2bakvl7V0KVc2ilFNW2wl8,Николай Рыбников,12,752
2bakvl7V0KVc2ilFNW2wl8,Николай Рыбников,12,752
4kmSUlKf9cg16DexnA97XB,Александр Добронравов,10,350
0tXpg35NszePOLOJDV0VBp,Павел Михайлов,6,109
1EzoeBr9Fn6qAgLjl3JZ5T,Pyotr Leshchenko,19,3484
4hUZ0kTLN1A2rlaxQu6m5R,Klavdiya Shulzhenko,14,3197
4hUZ0kTLN1A2rlaxQu6m5R,Klavdiya Shulzhenko,14,3197
4kmSUlKf9cg16DexnA97XB,Александр Добронравов,10,350
4hUZ0kTLN1A2rlaxQu6m5R,Klavdiya Shulzhenko,14,3197
7tsriTe10P5GRh33RcxWja,Nikolay Kopylov,4,130
4kmSUlKf9cg16DexnA97XB,Александр Добронравов,10,350
639hqkrgajCYpYjP8cASKU,Vladimir Nechaev,5,419
4hUZ0kTLN1A2rlaxQu6m5R,Klavdiya Shulzhenko,14,3197
1XwTCyrmfdTvkd9E0fLN9u,"Группа ""Загадка""",6,370
7tsriTe10P5GRh33RcxWja,Nikolay Kopylov,4,130
1XwTCyrmfdTvkd9E0fLN9u,"Группа ""Загадка""",6,370
7tsriTe10P5GRh33RcxWja,Nikolay Kopylov,4,130
7tsriTe10P5GRh33RcxWja,Nikolay Kopylov,4,130
4hUZ0kTLN1A2rlaxQu6m5R,Klavdiya Shulzhenko,14,3197
2MzavRjaUsMvWgLAYPyWhL,Oleg Pogudin,10,1164
7tsriTe10P5GRh33RcxWja,Nikolay Kopylov,4,130
1XwTCyrmfdTvkd9E0fLN9u,"Группа ""Загадка""",6,370
7tsriTe10P5GRh33RcxWja,Nikolay Kopylov,4,130
4hUZ0kTLN1A2rlaxQu6m5R,Klavdiya Shulzhenko,14,3197
4hUZ0kTLN1A2rlaxQu6m5R,Klavdiya Shulzhenko,14,3197
7tsriTe10P5GRh33RcxWja,Nikolay Kopylov,4,130
4hUZ0kTLN1A2rlaxQu6m5R,Klavdiya Shulzhenko,14,3197
7tsriTe10P5GRh33RcxWja,Nikolay Kopylov,4,130
6AhBiAmizB4WDjBEkUHHWR,Valentina Ponomaryova,18,1169
7tsriTe10P5GRh33RcxWja,Nikolay Kopylov,4,130
7tsriTe10P5GRh33RcxWja,Nikolay Kopylov,4,130
0XKmwWopgZOC96M1nBgd7y,Maya Kristalinskaya,29,7544
0XKmwWopgZOC96M1nBgd7y,Maya Kristalinskaya,29,7544
7tsriTe10P5GRh33RcxWja,Nikolay Kopylov,4,130
7tsriTe10P5GRh33RcxWja,Nikolay Kopylov,4,130
7tsriTe10P5GRh33RcxWja,Nikolay Kopylov,4,130
2MzavRjaUsMvWgLAYPyWhL,Oleg Pogudin,10,1164
4kmSUlKf9cg16DexnA97XB,Александр Добронравов,10,350
7tsriTe10P5GRh33RcxWja,Nikolay Kopylov,4,130
1XwTCyrmfdTvkd9E0fLN9u,"Группа ""Загадка""",6,370
1ga4k7dNiioWP1VrShm3Hl,Gelena Velikanova,6,704
1RsJXxwObVjgTgT5YLQsJE,Sergei Lemeshev,13,1551
7tsriTe10P5GRh33RcxWja,Nikolay Kopylov,4,130
2MzavRjaUsMvWgLAYPyWhL,Oleg Pogudin,10,1164
7tsriTe10P5GRh33RcxWja,Nikolay Kopylov,4,130
7tsriTe10P5GRh33RcxWja,Nikolay Kopylov,4,130
4kmSUlKf9cg16DexnA97XB,Александр Добронравов,10,350
7tsriTe10P5GRh33RcxWja,Nikolay Kopylov,4,130
7tsriTe10P5GRh33RcxWja,Nikolay Kopylov,4,130
7tsriTe10P5GRh33RcxWja,Nikolay Kopylov,4,130
2bakvl7V0KVc2ilFNW2wl8,Николай Рыбников,12,752
1p5qI8MPdGMlKCBLUy86Tl,Alexander Vertinsky,15,5134
1p5qI8MPdGMlKCBLUy86Tl,Alexander Vertinsky,15,5134
1FI93cUSwAYje8U8aprlbg,Vadim Kozin,12,1720
1p5qI8MPdGMlKCBLUy86Tl,Alexander Vertinsky,15,5134
1p5qI8MPdGMlKCBLUy86Tl,Alexander Vertinsky,15,5134
1p5qI8MPdGMlKCBLUy86Tl,Alexander Vertinsky,15,5134
1p5qI8MPdGMlKCBLUy86Tl,Alexander Vertinsky,15,5134
4hUZ0kTLN1A2rlaxQu6m5R,Klavdiya Shulzhenko,14,3197
1RsJXxwObVjgTgT5YLQsJE,Sergei Lemeshev,13,1551
1p5qI8MPdGMlKCBLUy86Tl,Alexander Vertinsky,15,5134
5hrIi3ACLyZN6vt29muxRI,Nadezhda Obukhova,0,144
67pSiB7S5IIzZOJcdrYOr9,Valery Obodzinsky,19,7128
3k1tCmyfGwMPRYxzD1vnyP,Arkadiy Pogodin,0,5
1XwTCyrmfdTvkd9E0fLN9u,"Группа ""Загадка""",6,370
1A6JXyIYY4ZhWxdLTLt3kR,Feodor Chaliapin,9,2545
639hqkrgajCYpYjP8cASKU,Vladimir Nechaev,5,419
1FI93cUSwAYje8U8aprlbg,Vadim Kozin,12,1720
1FI93cUSwAYje8U8aprlbg,Vadim Kozin,12,1720
37mLzn4EloGM49ODkMIWsF,Ivan Petrov,6,147
7tdcw4fkeeOrOLzXpvjr8y,Georgi Vinogradov,21,2372
37mLzn4EloGM49ODkMIWsF,Ivan Petrov,6,147
7tdcw4fkeeOrOLzXpvjr8y,Georgi Vinogradov,21,2372
1XwTCyrmfdTvkd9E0fLN9u,"Группа ""Загадка""",6,370
5DMBmepimIJbC9tr7C3ugs,Strongilla Irtlach,0,15
5vR5MQkT0WArW8eYnqMg3Z,Сергей Захаров,3,155
5vR5MQkT0WArW8eYnqMg3Z,Сергей Захаров,3,155
2c5CSg1zf0QljzBgTZT635,Nikolay Nikitskiy,0,17
13A5r5f5lWbiFwQK2DiYPh,Nikolay Erdenko,0,41
3xXH8WjUsTTR40LEQXa8in,Anatoliy Aleksandrovich,0,1
4hUZ0kTLN1A2rlaxQu6m5R,Klavdiya Shulzhenko,14,3197
4hUZ0kTLN1A2rlaxQu6m5R,Klavdiya Shulzhenko,14,3197
1p5qI8MPdGMlKCBLUy86Tl,Alexander Vertinsky,15,5134
5vR5MQkT0WArW8eYnqMg3Z,Сергей Захаров,3,155
6tcdpQn32WlzB81qhAZxDB,Vladimir Troshin,22,2723
1p5qI8MPdGMlKCBLUy86Tl,Alexander Vertinsky,15,5134
1p5qI8MPdGMlKCBLUy86Tl,Alexander Vertinsky,15,5134
4J7hSYtsE8DCgG7QlVW0HV,Boris Shtokolov,1,152
1ga4k7dNiioWP1VrShm3Hl,Gelena Velikanova,6,704
1zDGurRJPJ6pJJDdWyxoPV,Juriy Morfessi,0,2
5vR5MQkT0WArW8eYnqMg3Z,Сергей Захаров,3,155
7tdcw4fkeeOrOLzXpvjr8y,Georgi Vinogradov,21,2372
7iD0izVDkAvDYYjZlOpRCh,Izabella Jur'eva,0,76
5hrIi3ACLyZN6vt29muxRI,Nadezhda Obukhova,0,144
13A5r5f5lWbiFwQK2DiYPh,Nikolay Erdenko,0,41
7tdcw4fkeeOrOLzXpvjr8y,Georgi Vinogradov,21,2372
6tcdpQn32WlzB81qhAZxDB,Vladimir Troshin,22,2723
37mLzn4EloGM49ODkMIWsF,Ivan Petrov,6,147
1RzHw0CKefYaqmqVHPMzMO,Mikhail Vavich,0,3
5vR5MQkT0WArW8eYnqMg3Z,Сергей Захаров,3,155
6tcdpQn32WlzB81qhAZxDB,Vladimir Troshin,22,2723
0XKmwWopgZOC96M1nBgd7y,Maya Kristalinskaya,29,7544
4J4SBCamvIdEsG9VhCbRCo,Владимир Бунчиков,8,321
6tcdpQn32WlzB81qhAZxDB,Vladimir Troshin,22,2723
7tdcw4fkeeOrOLzXpvjr8y,Georgi Vinogradov,21,2372
1ga4k7dNiioWP1VrShm3Hl,Gelena Velikanova,6,704
6tcdpQn32WlzB81qhAZxDB,Vladimir Troshin,22,2723
4hUZ0kTLN1A2rlaxQu6m5R,Klavdiya Shulzhenko,14,3197
20Vsy9o3aZiJph9al7UyeT,Ivan Rebroff,27,14931
4hUZ0kTLN1A2rlaxQu6m5R,Klavdiya Shulzhenko,14,3197
1XwTCyrmfdTvkd9E0fLN9u,"Группа ""Загадка""",6,370
6tcdpQn32WlzB81qhAZxDB,Vladimir Troshin,22,2723
13A5r5f5lWbiFwQK2DiYPh,Nikolay Erdenko,0,41
4hUZ0kTLN1A2rlaxQu6m5R,Klavdiya Shulzhenko,14,3197
6tcdpQn32WlzB81qhAZxDB,Vladimir Troshin,22,2723
13A5r5f5lWbiFwQK2DiYPh,Nikolay Erdenko,0,41
1XwTCyrmfdTvkd9E0fLN9u,"Группа ""Загадка""",6,370
1XwTCyrmfdTvkd9E0fLN9u,"Группа ""Загадка""",6,370
639hqkrgajCYpYjP8cASKU,Vladimir Nechaev,5,419
4hUZ0kTLN1A2rlaxQu6m5R,Klavdiya Shulzhenko,14,3197
13A5r5f5lWbiFwQK2DiYPh,Nikolay Erdenko,0,41
6tcdpQn32WlzB81qhAZxDB,Vladimir Troshin,22,2723
6tcdpQn32WlzB81qhAZxDB,Vladimir Troshin,22,2723
4hUZ0kTLN1A2rlaxQu6m5R,Klavdiya Shulzhenko,14,3197
13A5r5f5lWbiFwQK2DiYPh,Nikolay Erdenko,0,41
1dbeyvDDUHlcVgte93WDLg,Михаил Вавич,0,36
13A5r5f5lWbiFwQK2DiYPh,Nikolay Erdenko,0,41
0XKmwWopgZOC96M1nBgd7y,Maya Kristalinskaya,29,7544
639hqkrgajCYpYjP8cASKU,Vladimir Nechaev,5,419
13A5r5f5lWbiFwQK2DiYPh,Nikolay Erdenko,0,41
6tcdpQn32WlzB81qhAZxDB,Vladimir Troshin,22,2723
639hqkrgajCYpYjP8cASKU,Vladimir Nechaev,5,419
639hqkrgajCYpYjP8cASKU,Vladimir Nechaev,5,419
13A5r5f5lWbiFwQK2DiYPh,Nikolay Erdenko,0,41
0XKmwWopgZOC96M1nBgd7y,Maya Kristalinskaya,29,7544
13A5r5f5lWbiFwQK2DiYPh,Nikolay Erdenko,0,41
6tcdpQn32WlzB81qhAZxDB,Vladimir Troshin,22,2723
1ga4k7dNiioWP1VrShm3Hl,Gelena Velikanova,6,704
6tcdpQn32WlzB81qhAZxDB,Vladimir Troshin,22,2723
4hUZ0kTLN1A2rlaxQu6m5R,Klavdiya Shulzhenko,14,3197
6tcdpQn32WlzB81qhAZxDB,Vladimir Troshin,22,2723
13A5r5f5lWbiFwQK2DiYPh,Nikolay Erdenko,0,41
13A5r5f5lWbiFwQK2DiYPh,Nikolay Erdenko,0,41
1XwTCyrmfdTvkd9E0fLN9u,"Группа ""Загадка""",6,370
1ga4k7dNiioWP1VrShm3Hl,Gelena Velikanova,6,704
6tcdpQn32WlzB81qhAZxDB,Vladimir Troshin,22,2723
1ga4k7dNiioWP1VrShm3Hl,Gelena Velikanova,6,704
1ga4k7dNiioWP1VrShm3Hl,Gelena Velikanova,6,704
13A5r5f5lWbiFwQK2DiYPh,Nikolay Erdenko,0,41
7tdcw4fkeeOrOLzXpvjr8y,Georgi Vinogradov,21,2372
19YmizwT6Q0C0K3ZlSLInO,Lyudmila Zykina,16,3035
19YmizwT6Q0C0K3ZlSLInO,Lyudmila Zykina,16,3035
19YmizwT6Q0C0K3ZlSLInO,Lyudmila Zykina,16,3035
6B9ocOUg3cA75HOCqix6M3,Vika Tsyganova,29,15457
19YmizwT6Q0C0K3ZlSLInO,Lyudmila Zykina,16,3035
0g6hYde5Th0fWeT6phOf3K,Lidia Ruslanova,4,1699
60EuoAM8LLXx5z10Wc33eR,Nikolai Erdenko,8,396
60EuoAM8LLXx5z10Wc33eR,Nikolai Erdenko,8,396
60EuoAM8LLXx5z10Wc33eR,Nikolai Erdenko,8,396
4hUZ0kTLN1A2rlaxQu6m5R,Klavdiya Shulzhenko,14,3197
5jKFjGF6XWFiKEdF8lLc9z,Татьяна Комова,0,15
60EuoAM8LLXx5z10Wc33eR,Nikolai Erdenko,8,396
60EuoAM8LLXx5z10Wc33eR,Nikolai Erdenko,8,396
60EuoAM8LLXx5z10Wc33eR,Nikolai Erdenko,8,396
4Up33T25kVf30oVEDqnCPG,Валерий Агафонов,4,150
5jKFjGF6XWFiKEdF8lLc9z,Татьяна Комова,0,15
4hUZ0kTLN1A2rlaxQu6m5R,Klavdiya Shulzhenko,14,3197
60EuoAM8LLXx5z10Wc33eR,Nikolai Erdenko,8,396
60EuoAM8LLXx5z10Wc33eR,Nikolai Erdenko,8,396
4Up33T25kVf30oVEDqnCPG,Валерий Агафонов,4,150
60EuoAM8LLXx5z10Wc33eR,Nikolai Erdenko,8,396
60EuoAM8LLXx5z10Wc33eR,Nikolai Erdenko,8,396
4Up33T25kVf30oVEDqnCPG,Валерий Агафонов,4,150
60EuoAM8LLXx5z10Wc33eR,Nikolai Erdenko,8,396
60EuoAM8LLXx5z10Wc33eR,Nikolai Erdenko,8,396
60EuoAM8LLXx5z10Wc33eR,Nikolai Erdenko,8,396
60EuoAM8LLXx5z10Wc33eR,Nikolai Erdenko,8,396
60EuoAM8LLXx5z10Wc33eR,Nikolai Erdenko,8,396
60EuoAM8LLXx5z10Wc33eR,Nikolai Erdenko,8,396
4Up33T25kVf30oVEDqnCPG,Валерий Агафонов,4,150
60EuoAM8LLXx5z10Wc33eR,Nikolai Erdenko,8,396
4Up33T25kVf30oVEDqnCPG,Валерий Агафонов,4,150
60EuoAM8LLXx5z10Wc33eR,Nikolai Erdenko,8,396
60EuoAM8LLXx5z10Wc33eR,Nikolai Erdenko,8,396
5jKFjGF6XWFiKEdF8lLc9z,Татьяна Комова,0,15
4Up33T25kVf30oVEDqnCPG,Валерий Агафонов,4,150
4Up33T25kVf30oVEDqnCPG,Валерий Агафонов,4,150
4Up33T25kVf30oVEDqnCPG,Валерий Агафонов,4,150
4Up33T25kVf30oVEDqnCPG,Валерий Агафонов,4,150
4Up33T25kVf30oVEDqnCPG,Валерий Агафонов,4,150
60EuoAM8LLXx5z10Wc33eR,Nikolai Erdenko,8,396
4Up33T25kVf30oVEDqnCPG,Валерий Агафонов,4,150
60EuoAM8LLXx5z10Wc33eR,Nikolai Erdenko,8,396
60EuoAM8LLXx5z10Wc33eR,Nikolai Erdenko,8,396
4Up33T25kVf30oVEDqnCPG,Валерий Агафонов,4,150
60EuoAM8LLXx5z10Wc33eR,Nikolai Erdenko,8,396
60EuoAM8LLXx5z10Wc33eR,Nikolai Erdenko,8,396
5jKFjGF6XWFiKEdF8lLc9z,Татьяна Комова,0,15
60EuoAM8LLXx5z10Wc33eR,Nikolai Erdenko,8,396
5jKFjGF6XWFiKEdF8lLc9z,Татьяна Комова,0,15
4EoF1aN0LBD2ODl6Mmizxi,Андрей Петров,8,922
4EoF1aN0LBD2ODl6Mmizxi,Андрей Петров,8,922
1XwTCyrmfdTvkd9E0fLN9u,"Группа ""Загадка""",6,370
4EoF1aN0LBD2ODl6Mmizxi,Андрей Петров,8,922
2aV270tYypinWWYO16JwJF,Gruppa Express,21,1604
1XwTCyrmfdTvkd9E0fLN9u,"Группа ""Загадка""",6,370
6B9ocOUg3cA75HOCqix6M3,Vika Tsyganova,29,15457
1XwTCyrmfdTvkd9E0fLN9u,"Группа ""Загадка""",6,370
1XwTCyrmfdTvkd9E0fLN9u,"Группа ""Загадка""",6,370
4Up33T25kVf30oVEDqnCPG,Валерий Агафонов,4,150
5MQ2KAGVv7hT8JJ8lAmbDs,Иван Петров,2,19
4Up33T25kVf30oVEDqnCPG,Валерий Агафонов,4,150
4EoF1aN0LBD2ODl6Mmizxi,Андрей Петров,8,922
1XwTCyrmfdTvkd9E0fLN9u,"Группа ""Загадка""",6,370
1XwTCyrmfdTvkd9E0fLN9u,"Группа ""Загадка""",6,370
1XwTCyrmfdTvkd9E0fLN9u,"Группа ""Загадка""",6,370
1XwTCyrmfdTvkd9E0fLN9u,"Группа ""Загадка""",6,370
1XwTCyrmfdTvkd9E0fLN9u,"Группа ""Загадка""",6,370
1XwTCyrmfdTvkd9E0fLN9u,"Группа ""Загадка""",6,370
6tcdpQn32WlzB81qhAZxDB,Vladimir Troshin,22,2723
4Up33T25kVf30oVEDqnCPG,Валерий Агафонов,4,150
1XwTCyrmfdTvkd9E0fLN9u,"Группа ""Загадка""",6,370
1XwTCyrmfdTvkd9E0fLN9u,"Группа ""Загадка""",6,370
4J7hSYtsE8DCgG7QlVW0HV,Boris Shtokolov,1,152
1XwTCyrmfdTvkd9E0fLN9u,"Группа ""Загадка""",6,370
1XwTCyrmfdTvkd9E0fLN9u,"Группа ""Загадка""",6,370
1XwTCyrmfdTvkd9E0fLN9u,"Группа ""Загадка""",6,370
60EuoAM8LLXx5z10Wc33eR,Nikolai Erdenko,8,396
5MQ2KAGVv7hT8JJ8lAmbDs,Иван Петров,2,19
4Up33T25kVf30oVEDqnCPG,Валерий Агафонов,4,150
1XwTCyrmfdTvkd9E0fLN9u,"Группа ""Загадка""",6,370
5MQ2KAGVv7hT8JJ8lAmbDs,Иван Петров,2,19
4J7hSYtsE8DCgG7QlVW0HV,Boris Shtokolov,1,152
4J7hSYtsE8DCgG7QlVW0HV,Boris Shtokolov,1,152
1XwTCyrmfdTvkd9E0fLN9u,"Группа ""Загадка""",6,370
1XwTCyrmfdTvkd9E0fLN9u,"Группа ""Загадка""",6,370
1XwTCyrmfdTvkd9E0fLN9u,"Группа ""Загадка""",6,370
1XwTCyrmfdTvkd9E0fLN9u,"Группа ""Загадка""",6,370
1XwTCyrmfdTvkd9E0fLN9u,"Группа ""Загадка""",6,370
4Up33T25kVf30oVEDqnCPG,Валерий Агафонов,4,150
1XwTCyrmfdTvkd9E0fLN9u,"Группа ""Загадка""",6,370
60EuoAM8LLXx5z10Wc33eR,Nikolai Erdenko,8,396
1XwTCyrmfdTvkd9E0fLN9u,"Группа ""Загадка""",6,370
1XwTCyrmfdTvkd9E0fLN9u,"Группа ""Загадка""",6,370
4Up33T25kVf30oVEDqnCPG,Валерий Агафонов,4,150
60EuoAM8LLXx5z10Wc33eR,Nikolai Erdenko,8,396
2G1jm7luwVuZaMeLPnp9pD,Вероника Борисенко,0,4
1XwTCyrmfdTvkd9E0fLN9u,"Группа ""Загадка""",6,370
1XwTCyrmfdTvkd9E0fLN9u,"Группа ""Загадка""",6,370
1XwTCyrmfdTvkd9E0fLN9u,"Группа ""Загадка""",6,370
0mOR6yywXHRW7fw36aU6lz,Olga Voronets,8,947
1XwTCyrmfdTvkd9E0fLN9u,"Группа ""Загадка""",6,370
0mOR6yywXHRW7fw36aU6lz,Olga Voronets,8,947
0mOR6yywXHRW7fw36aU6lz,Olga Voronets,8,947
4kmSUlKf9cg16DexnA97XB,Александр Добронравов,10,350
0mOR6yywXHRW7fw36aU6lz,Olga Voronets,8,947
1XwTCyrmfdTvkd9E0fLN9u,"Группа ""Загадка""",6,370
29mflWi6BuBADy7FPOhrx5,Zhenya Shevchenko,8,417
29mflWi6BuBADy7FPOhrx5,Zhenya Shevchenko,8,417
60EuoAM8LLXx5z10Wc33eR,Nikolai Erdenko,8,396
2c5CSg1zf0QljzBgTZT635,Nikolay Nikitskiy,0,17
60EuoAM8LLXx5z10Wc33eR,Nikolai Erdenko,8,396
60EuoAM8LLXx5z10Wc33eR,Nikolai Erdenko,8,396
3anLFsoisesWb1bVvkFkF8,Nadezhda Kazantseva,0,5
60EuoAM8LLXx5z10Wc33eR,Nikolai Erdenko,8,396
60EuoAM8LLXx5z10Wc33eR,Nikolai Erdenko,8,396
60EuoAM8LLXx5z10Wc33eR,Nikolai Erdenko,8,396
60EuoAM8LLXx5z10Wc33eR,Nikolai Erdenko,8,396
3anLFsoisesWb1bVvkFkF8,Nadezhda Kazantseva,0,5
3anLFsoisesWb1bVvkFkF8,Nadezhda Kazantseva,0,5
2c5CSg1zf0QljzBgTZT635,Nikolay Nikitskiy,0,17
4J7hSYtsE8DCgG7QlVW0HV,Boris Shtokolov,1,152
3anLFsoisesWb1bVvkFkF8,Nadezhda Kazantseva,0,5
2c5CSg1zf0QljzBgTZT635,Nikolay Nikitskiy,0,17
13A5r5f5lWbiFwQK2DiYPh,Nikolay Erdenko,0,41
60EuoAM8LLXx5z10Wc33eR,Nikolai Erdenko,8,396
3anLFsoisesWb1bVvkFkF8,Nadezhda Kazantseva,0,5
2c5CSg1zf0QljzBgTZT635,Nikolay Nikitskiy,0,17
2c5CSg1zf0QljzBgTZT635,Nikolay Nikitskiy,0,17
60EuoAM8LLXx5z10Wc33eR,Nikolai Erdenko,8,396
1XwTCyrmfdTvkd9E0fLN9u,"Группа ""Загадка""",6,370
13A5r5f5lWbiFwQK2DiYPh,Nikolay Erdenko,0,41
60EuoAM8LLXx5z10Wc33eR,Nikolai Erdenko,8,396
2c5CSg1zf0QljzBgTZT635,Nikolay Nikitskiy,0,17
60EuoAM8LLXx5z10Wc33eR,Nikolai Erdenko,8,396
60EuoAM8LLXx5z10Wc33eR,Nikolai Erdenko,8,396
60EuoAM8LLXx5z10Wc33eR,Nikolai Erdenko,8,396
60EuoAM8LLXx5z10Wc33eR,Nikolai Erdenko,8,396
60EuoAM8LLXx5z10Wc33eR,Nikolai Erdenko,8,396
4kmSUlKf9cg16DexnA97XB,Александр Добронравов,10,350
13A5r5f5lWbiFwQK2DiYPh,Nikolay Erdenko,0,41
13A5r5f5lWbiFwQK2DiYPh,Nikolay Erdenko,0,41
1XwTCyrmfdTvkd9E0fLN9u,"Группа ""Загадка""",6,370
4J7hSYtsE8DCgG7QlVW0HV,Boris Shtokolov,1,152
60EuoAM8LLXx5z10Wc33eR,Nikolai Erdenko,8,396
4kmSUlKf9cg16DexnA97XB,Александр Добронравов,10,350
60EuoAM8LLXx5z10Wc33eR,Nikolai Erdenko,8,396
13A5r5f5lWbiFwQK2DiYPh,Nikolay Erdenko,0,41
60EuoAM8LLXx5z10Wc33eR,Nikolai Erdenko,8,396
60EuoAM8LLXx5z10Wc33eR,Nikolai Erdenko,8,396
1EzoeBr9Fn6qAgLjl3JZ5T,Pyotr Leshchenko,19,3484
0XKmwWopgZOC96M1nBgd7y,Maya Kristalinskaya,29,7544
0XKmwWopgZOC96M1nBgd7y,Maya Kristalinskaya,29,7544
5jLW4Y4UnQSUr4NDxlNKwh,Rashid Beibutov,29,17969
0XKmwWopgZOC96M1nBgd7y,Maya Kristalinskaya,29,7544
1A6JXyIYY4ZhWxdLTLt3kR,Feodor Chaliapin,9,2545
0XKmwWopgZOC96M1nBgd7y,Maya Kristalinskaya,29,7544
1EzoeBr9Fn6qAgLjl3JZ5T,Pyotr Leshchenko,19,3484
0XKmwWopgZOC96M1nBgd7y,Maya Kristalinskaya,29,7544
0XKmwWopgZOC96M1nBgd7y,Maya Kristalinskaya,29,7544
0XKmwWopgZOC96M1nBgd7y,Maya Kristalinskaya,29,7544
7tdcw4fkeeOrOLzXpvjr8y,Georgi Vinogradov,21,2372
3R9gRNvsM5PAeYNbkFDHZS,Zhanna Bichevskaya,15,4126
0XKmwWopgZOC96M1nBgd7y,Maya Kristalinskaya,29,7544
7tdcw4fkeeOrOLzXpvjr8y,Georgi Vinogradov,21,2372
0XKmwWopgZOC96M1nBgd7y,Maya Kristalinskaya,29,7544
0XKmwWopgZOC96M1nBgd7y,Maya Kristalinskaya,29,7544
1EzoeBr9Fn6qAgLjl3JZ5T,Pyotr Leshchenko,19,3484
4ihKD8QMwvNKdnq3Efr31h,Надежда Обухова,1,41
7tdcw4fkeeOrOLzXpvjr8y,Georgi Vinogradov,21,2372
3R9gRNvsM5PAeYNbkFDHZS,Zhanna Bichevskaya,15,4126
4hUZ0kTLN1A2rlaxQu6m5R,Klavdiya Shulzhenko,14,3197
5jLW4Y4UnQSUr4NDxlNKwh,Rashid Beibutov,29,17969
4hUZ0kTLN1A2rlaxQu6m5R,Klavdiya Shulzhenko,14,3197
1FI93cUSwAYje8U8aprlbg,Vadim Kozin,12,1720
5jLW4Y4UnQSUr4NDxlNKwh,Rashid Beibutov,29,17969
4hUZ0kTLN1A2rlaxQu6m5R,Klavdiya Shulzhenko,14,3197
4hUZ0kTLN1A2rlaxQu6m5R,Klavdiya Shulzhenko,14,3197
2devkkG4mIc96VVeBx6LPS,Yuri Morfessi,1,461
4hUZ0kTLN1A2rlaxQu6m5R,Klavdiya Shulzhenko,14,3197
1FI93cUSwAYje8U8aprlbg,Vadim Kozin,12,1720
7iD0izVDkAvDYYjZlOpRCh,Izabella Jur'eva,0,76
4hUZ0kTLN1A2rlaxQu6m5R,Klavdiya Shulzhenko,14,3197
1EzoeBr9Fn6qAgLjl3JZ5T,Pyotr Leshchenko,19,3484
5jLW4Y4UnQSUr4NDxlNKwh,Rashid Beibutov,29,17969
7iD0izVDkAvDYYjZlOpRCh,Izabella Jur'eva,0,76
4ihKD8QMwvNKdnq3Efr31h,Надежда Обухова,1,41
1RsJXxwObVjgTgT5YLQsJE,Sergei Lemeshev,13,1551
1FI93cUSwAYje8U8aprlbg,Vadim Kozin,12,1720
1RsJXxwObVjgTgT5YLQsJE,Sergei Lemeshev,13,1551
1A6JXyIYY4ZhWxdLTLt3kR,Feodor Chaliapin,9,2545
2MzavRjaUsMvWgLAYPyWhL,Oleg Pogudin,10,1164
7tdcw4fkeeOrOLzXpvjr8y,Georgi Vinogradov,21,2372
7tdcw4fkeeOrOLzXpvjr8y,Georgi Vinogradov,21,2372
2devkkG4mIc96VVeBx6LPS,Yuri Morfessi,1,461
5BpS3s4I9xdckGgiw2MXyP,Tamara Tsereteli,0,16
1FI93cUSwAYje8U8aprlbg,Vadim Kozin,12,1720
4hUZ0kTLN1A2rlaxQu6m5R,Klavdiya Shulzhenko,14,3197
13OCpNSr2TcQde1Y4QPmZD,Ivan Kozlovsky,7,721
1RsJXxwObVjgTgT5YLQsJE,Sergei Lemeshev,13,1551
60EuoAM8LLXx5z10Wc33eR,Nikolai Erdenko,8,396
1FI93cUSwAYje8U8aprlbg,Vadim Kozin,12,1720
60EuoAM8LLXx5z10Wc33eR,Nikolai Erdenko,8,396
60EuoAM8LLXx5z10Wc33eR,Nikolai Erdenko,8,396
1FI93cUSwAYje8U8aprlbg,Vadim Kozin,12,1720
5vR5MQkT0WArW8eYnqMg3Z,Сергей Захаров,3,155
60EuoAM8LLXx5z10Wc33eR,Nikolai Erdenko,8,396
5tw67SDeD4JNlP7JsU7LMi,Алёша Димитриевич,1,314
1RsJXxwObVjgTgT5YLQsJE,Sergei Lemeshev,13,1551
1RsJXxwObVjgTgT5YLQsJE,Sergei Lemeshev,13,1551
1RsJXxwObVjgTgT5YLQsJE,Sergei Lemeshev,13,1551
1RsJXxwObVjgTgT5YLQsJE,Sergei Lemeshev,13,1551
4KmezRpHTqRuaBovjEwnwV,Izabella Yurieva,1,409
60EuoAM8LLXx5z10Wc33eR,Nikolai Erdenko,8,396
60EuoAM8LLXx5z10Wc33eR,Nikolai Erdenko,8,396
60EuoAM8LLXx5z10Wc33eR,Nikolai Erdenko,8,396
60EuoAM8LLXx5z10Wc33eR,Nikolai Erdenko,8,396
60EuoAM8LLXx5z10Wc33eR,Nikolai Erdenko,8,396
60EuoAM8LLXx5z10Wc33eR,Nikolai Erdenko,8,396
1RsJXxwObVjgTgT5YLQsJE,Sergei Lemeshev,13,1551
5tw67SDeD4JNlP7JsU7LMi,Алёша Димитриевич,1,314
60EuoAM8LLXx5z10Wc33eR,Nikolai Erdenko,8,396
1FI93cUSwAYje8U8aprlbg,Vadim Kozin,12,1720
1RsJXxwObVjgTgT5YLQsJE,Sergei Lemeshev,13,1551
60EuoAM8LLXx5z10Wc33eR,Nikolai Erdenko,8,396
1FI93cUSwAYje8U8aprlbg,Vadim Kozin,12,1720
60EuoAM8LLXx5z10Wc33eR,Nikolai Erdenko,8,396
4KmezRpHTqRuaBovjEwnwV,Izabella Yurieva,1,409
1RsJXxwObVjgTgT5YLQsJE,Sergei Lemeshev,13,1551
1FI93cUSwAYje8U8aprlbg,Vadim Kozin,12,1720
1A6JXyIYY4ZhWxdLTLt3kR,Feodor Chaliapin,9,2545
60EuoAM8LLXx5z10Wc33eR,Nikolai Erdenko,8,396
1RsJXxwObVjgTgT5YLQsJE,Sergei Lemeshev,13,1551
5tw67SDeD4JNlP7JsU7LMi,Алёша Димитриевич,1,314
1RsJXxwObVjgTgT5YLQsJE,Sergei Lemeshev,13,1551
4KmezRpHTqRuaBovjEwnwV,Izabella Yurieva,1,409
1FI93cUSwAYje8U8aprlbg,Vadim Kozin,12,1720
1RsJXxwObVjgTgT5YLQsJE,Sergei Lemeshev,13,1551
60EuoAM8LLXx5z10Wc33eR,Nikolai Erdenko,8,396
60EuoAM8LLXx5z10Wc33eR,Nikolai Erdenko,8,396
4KmezRpHTqRuaBovjEwnwV,Izabella Yurieva,1,409
1RsJXxwObVjgTgT5YLQsJE,Sergei Lemeshev,13,1551
60EuoAM8LLXx5z10Wc33eR,Nikolai Erdenko,8,396
1FI93cUSwAYje8U8aprlbg,Vadim Kozin,12,1720
60EuoAM8LLXx5z10Wc33eR,Nikolai Erdenko,8,396
5tw67SDeD4JNlP7JsU7LMi,Алёша Димитриевич,1,314
60EuoAM8LLXx5z10Wc33eR,Nikolai Erdenko,8,396
60EuoAM8LLXx5z10Wc33eR,Nikolai Erdenko,8,396
4KmezRpHTqRuaBovjEwnwV,Izabella Yurieva,1,409
60EuoAM8LLXx5z10Wc33eR,Nikolai Erdenko,8,396
