artist_name,artist_id,track_name,track_id,track_popularity
Jack Harlow,2LIk90788K0zvyj2JJVwkJ,Lovin On Me,4xhsWYTOGcal8zt0J161CU,94
Jung Kook,6HaGTQPmzraVmaVxvz6EUc,Standing Next to You,2KslE17cAJNHTsI2MI0jb2,97
Jimin,1oSPZhvZMIrWW5I41kPkkY,Like Crazy,3Ua0m0YmEjrMi9XErKcNiR,94
Jimin,1oSPZhvZMIrWW5I41kPkkY,Like Crazy,58BWnoFDNaeM0vwA0K3fqb,90
LE SSERAFIM,4SpbR6yFEvexJuaBpgAU5p,Perfect Night,74X2u8JMVooG2QbjRxXwR8,90
Jung Kook,6HaGTQPmzraVmaVxvz6EUc,Seven (feat. Latto) (Explicit Ver.),7x9aauaA9cu6tyfpHnqDLo,93
NewJeans,6HvZYsbFfjnjFrWF950C9d,Super Shy,5sdQOyqq2IDhvmx2lHOpwd,90
Jung Kook,6HaGTQPmzraVmaVxvz6EUc,3D (feat. Jack Harlow),6ehWdR7cGDXnT7aKEASJxE,91
Stray Kids,2dIgFjalVxs4ThymZ67YCE,LALALALA,1OG1NoKpZZLrMqMYCk9m84,87
Jung Kook,6HaGTQPmzraVmaVxvz6EUc,Yes or No,2gkVEnpahpE3bQuvGuCpAV,89
NewJeans,6HvZYsbFfjnjFrWF950C9d,ETA,56v8WEnGzLByGsDAXDiv4d,85
Jimin,1oSPZhvZMIrWW5I41kPkkY,Like Crazy (English Version),0u8rZGtXJrLtiSe34FPjGG,85
NewJeans,6HvZYsbFfjnjFrWF950C9d,OMG,65FftemJ1DbbZ45DUfHJXE,86
FIFTY FIFTY,4GJ6xDCF5jaUqD6avOuQT6,Cupid - Twin Ver.,7FbrGaHYVDmfr7KoLIZnQ7,85
Jung Kook,6HaGTQPmzraVmaVxvz6EUc,Please Don't Change (feat. DJ Snake),0k0GtcnyQLMiXrdEDbLXmJ,87
JENNIE,250b0Wlc5Vk0CoUsaCY84M,You & Me,6gcuJpHu0Ey30D5WR76y98,82
Jung Kook,6HaGTQPmzraVmaVxvz6EUc,Somebody,5KfJvZ0PZzRdwFRaTUDAA7,86
Jung Kook,6HaGTQPmzraVmaVxvz6EUc,Closer to You (feat. Major Lazer),06Qo2fYR2KS1F7bL338iVT,87
NewJeans,6HvZYsbFfjnjFrWF950C9d,New Jeans,6rdkCkjk6D12xRpdMXy0I2,83
aespa,6YVMFz59CuY7ngCxTxjpxE,Drama,5XWlyfo0kZ8LF7VSyfS4Ew,87
Jung Kook,6HaGTQPmzraVmaVxvz6EUc,Seven (feat. Latto) (Explicit Ver.),2HRgqmZQC0MC7GeNuDIXHN,89
Jung Kook,6HaGTQPmzraVmaVxvz6EUc,Shot Glass of Tears,7AbqgE05nFl9qY4FRUiq2p,86
Jung Kook,6HaGTQPmzraVmaVxvz6EUc,Too Sad to Dance,3bNNvJA7hsGw0wSpGkfOBm,86
NewJeans,6HvZYsbFfjnjFrWF950C9d,Cool With You,02wk5BttM0QL38ERjLPQJB,82
ENHYPEN,5t5FqBwTcgKTaWmfEbwQY9,Bite Me,7mpdNiaQvygj2rHoxkzMfa,85
FIFTY FIFTY,4GJ6xDCF5jaUqD6avOuQT6,Cupid - Twin Ver.,739WUU1tPFLO4x4HJq561K,83
Stray Kids,2dIgFjalVxs4ThymZ67YCE,S-Class,3gTQwwDNJ42CCLo3Sf4JDd,82
Stray Kids,2dIgFjalVxs4ThymZ67YCE,MEGAVERSE,5Q1tv4GTxP3IJeGMOKdrFO,82
Jung Kook,6HaGTQPmzraVmaVxvz6EUc,3D (feat. Jack Harlow),6xGr4tVzpTX99p9Cf0hRRL,86
TOMORROW X TOGETHER,0ghlgldX5Dd6720Q3qFyQB,Chasing That Feeling,0ZPjVmof45INEERgYfadtv,82
Jung Kook,6HaGTQPmzraVmaVxvz6EUc,3D (feat. Jack Harlow),01qFKNWq73UfEslI0GvumE,87
IVE,6RHTUrRF63xao58xh9FXYJ,Baddie,7uyeEbG6hyApgXuEypGcsZ,82
Jung Kook,6HaGTQPmzraVmaVxvz6EUc,Seven (feat. Latto) (Clean Ver.),5Avril3IZ26DPVFHbJX8o6,86
Jimin,1oSPZhvZMIrWW5I41kPkkY,Face-off,3OdIiWnYRHPYtC313Z0Bwy,82
Jung Kook,6HaGTQPmzraVmaVxvz6EUc,Standing Next to You,2VqMBiaxblhhBHyB9X4ESl,87
Jung Kook,6HaGTQPmzraVmaVxvz6EUc,Seven (feat. Latto) (Clean Ver.),7Hcj0duTWiCSYDtJaztNIt,84
NewJeans,6HvZYsbFfjnjFrWF950C9d,Get Up,1wUnuiXMMvhudmzvcCtlZP,78
(G)I-DLE,2AfmfGFbe0A0WsTYm0SDTx,Queencard,4uOBL4DDWWVx4RhYKlPbPC,83
Stray Kids,2dIgFjalVxs4ThymZ67YCE,LALALALA (Rock Ver.),20FfCMC46eOIIrxCUdSNZT,79
BTS,3Nrfpe0tUJi4K4DXYWgMUX,Take Two,5IAESfJjmOYu7cHyX557kz,85
Stray Kids,2dIgFjalVxs4ThymZ67YCE,Cover Me,5dUjBnP5zrWpWA5RGrr73g,79
Jimin,1oSPZhvZMIrWW5I41kPkkY,Alone,5Hfnps0jaWFpYg55WOPexG,81
Stray Kids,2dIgFjalVxs4ThymZ67YCE,COMFLEX,2Rz7TEBsIXbI1tKsfQOCjI,78
Jimin,1oSPZhvZMIrWW5I41kPkkY,Set Me Free Pt.2,59hBR0BCtJsfIbV9VzCVAp,81
Jimin,1oSPZhvZMIrWW5I41kPkkY,Like Crazy (English Version),6EY9e6LyPWmL8hUS5E1P0h,78
Stray Kids,2dIgFjalVxs4ThymZ67YCE,BLIND SPOT,6uVpG6300TODQGjOAtXJjh,78
SEVENTEEN,7nqOGRxlXj7N2JYbgNEjYH,God of Music,4MTNimMDRyFZv37Thcktwa,81
LE SSERAFIM,4SpbR6yFEvexJuaBpgAU5p,"Eve, Psyche & The Bluebeard’s wife",4QhnNyKDsAkXPwHkSnuc89,81
Red Velvet,1z4g3DjTBBZKhvAroFlhOM,Chill Kill,68gQG2HpRMxIRom4pCugMq,75
Stray Kids,2dIgFjalVxs4ThymZ67YCE,Leave,2zPqhdPGNCwzXnvSvj7WgD,78
LE SSERAFIM,4SpbR6yFEvexJuaBpgAU5p,UNFORGIVEN (feat. Nile Rodgers),51vRumtqbkNW9wrKfESwfu,82
ATEEZ,68KmkJeZGfwe1OUaivBa2L,BOUNCY (K-HOT CHILLI PEPPERS),5KyOUICJIvO0z71MBdPGiX,77
IVE,6RHTUrRF63xao58xh9FXYJ,I AM,70t7Q6AYG6ZgTYmJWcnkUM,82
TOMORROW X TOGETHER,0ghlgldX5Dd6720Q3qFyQB,Back for More (with Anitta),6uTPA1xlcsk6dbchB2dhzl,81
SEVENTEEN,7nqOGRxlXj7N2JYbgNEjYH,Super,3AOf6YEpxQ894FmrwI9k96,81
j-hope,0b1sIQumIAsNbqAoIClSpy,on the street (with J. Cole),5wxYxygyHpbgv0EXZuqb9V,78
TAEMIN,13rF01aOogvnkuQXOlgTW8,Guilty,4jMwQaDiDICry8Ia1gFnAn,78
Jimin,1oSPZhvZMIrWW5I41kPkkY,Set Me Free Pt.2,1fpj1CJPxY3YvN3AMAEYvt,80
ENHYPEN,5t5FqBwTcgKTaWmfEbwQY9,Sweet Venom,2YmfV4lAjrAQvuggKCUX6m,81
BLACKPINK,41MozSoPIsD1dJM0CLPjZF,THE GIRLS - BLACKPINK THE GAME OST,1mFpMoeZfkIqtqW2AfQ8ba,77
NCT 127,7f4ignuCJhLXfZ9giKT7rH,Fact Check,5EtiQveQFQy0R05hLVDyKv,75
TOMORROW X TOGETHER,0ghlgldX5Dd6720Q3qFyQB,Sugar Rush Ride,0rhI6gvOeCKA502RdJAbfs,78
TOMORROW X TOGETHER,0ghlgldX5Dd6720Q3qFyQB,Happily Ever After,29r5gr7b0f710smqMrm7pP,76
Jack Harlow,2LIk90788K0zvyj2JJVwkJ,They Don't Love It,2dSKFFNoNXKo3hPnlwUdPe,75
JENNIE,250b0Wlc5Vk0CoUsaCY84M,You & Me (Coachella ver.),0Vz146N2GxkVJw4kSGXrNi,76
IVE,6RHTUrRF63xao58xh9FXYJ,Off The Record,3G7MgLuWLzUJQflWOCDZit,77
JISOO,6UZ0ba50XreR4TM8u322gs,FLOWER,69CrOS7vEHIrhC2ILyEi0s,78
ITZY,2KC9Qb60EaY0kW4eH68vr3,CAKE,3syxwxJqX5jpgjNYmvzdW6,77
XG,0LOK81e9H5lr61HlGGHqwA,PUPPET SHOW,7sDkXyDikXhpRz715MdiEp,77
Stray Kids,2dIgFjalVxs4ThymZ67YCE,Social Path (Feat. LiSA) (Korean Ver.),5w6HF09YaD6wWlC90NaeVP,75
Stray Kids,2dIgFjalVxs4ThymZ67YCE,Social Path,0fkL0fOhEzRK8WFe2ixt2d,76
DEAN,3eCd0TZrBPm2n9cDG6yWfF,DIE 4 YOU,7yZD4AVfQtAZD4cG8eRnPk,75
wave to earth,5069JTmv5ZDyPeZaCCXiCg,bad,5TZKpQFKCbIlWGD8DzHbC6,83
aespa,6YVMFz59CuY7ngCxTxjpxE,Better Things,6zZWoHlF2zNSLUNLvx4GUl,78
TOMORROW X TOGETHER,0ghlgldX5Dd6720Q3qFyQB,Do It Like That,7kaFsQygyiCqRboWCXztxZ,75
Jung Kook,6HaGTQPmzraVmaVxvz6EUc,3D (Justin Timberlake Remix),2mHw0KoEyDw8Yaw3yPoke6,73
IVE,6RHTUrRF63xao58xh9FXYJ,Either Way,6ezYHltHYhuJckdCsYsRJI,76
XG,0LOK81e9H5lr61HlGGHqwA,LEFT RIGHT,3v5o91PrUtf0nmO6j8J7dZ,74
JEON SOMI,7zYj9S9SdIunYCfSm7vzAR,Fast Forward,7jzOZuWgZ5gaMet9V5Ix1d,72
LE SSERAFIM,4SpbR6yFEvexJuaBpgAU5p,ANTIFRAGILE,0bMoNdAnxNR0OuQbGDovrr,77
wave to earth,5069JTmv5ZDyPeZaCCXiCg,love.,5rDXfGMWI6S8wkXR0MHsvv,75
TOMORROW X TOGETHER,0ghlgldX5Dd6720Q3qFyQB,Tinnitus (Wanna be a rock),0f0SbtoKGe41cX5LzlnX6X,74
TWICE,7n2Ycct7Beij7Dj7meI4X0,SET ME FREE,4OtVQ2ZxS7yigIjGz5yKg1,75
Jung Kook,6HaGTQPmzraVmaVxvz6EUc,3D (Alternate Ver.),2pLZ6tUBapqlngc9lnYz4M,75
TAEYANG,6udveWUgX4vu75FF0DTrXV,Shoong! (feat. LISA of BLACKPINK),5HrIcZOo1DysX53qDRlRnt,71
NCT U,3paGCCtX1Xr4Gx53mSeZuQ,Baggy Jeans,2pozUjd7AVIPwSNDqoU3ek,63
Stray Kids,2dIgFjalVxs4ThymZ67YCE,TOPLINE (Feat. Tiger JK),0jvZ9caE53ubCQXMki6W23,73
KAI,6iVo62B0bdTknRcrktCmak,Rover,3WUyu94psXrYV6HZbXgcFA,75
HWASA,7bmYpVgQub656uNTu6qGNQ,I Love My Body,0pHylQR53epYtRcVIhUSCh,78
TOMORROW X TOGETHER,0ghlgldX5Dd6720Q3qFyQB,Dreamer,59ScHwQ4PP0TRTJgG07PAW,71
KISS OF LIFE,4TEK9tIkcoxib4GxT3O4ky,Sugarcoat (NATTY Solo),0NoeYUnwpb9R26mpylHcR9,72
VIVIZ,7Lq3yAtwi0Z7zpxEwbQQNZ,MANIAC,618OKP1lBkNJL8uZdNSvQE,74
aespa,6YVMFz59CuY7ngCxTxjpxE,Spicy,1ULdASrNy5rurl1TZfFaMP,76
(G)I-DLE,2AfmfGFbe0A0WsTYm0SDTx,I DO,6SePnvTZkIXZznc8Ftc6vM,75
XG,0LOK81e9H5lr61HlGGHqwA,SHOOTING STAR,3IelG5zYpWWCZIH4cqWlPV,74
Red Velvet,1z4g3DjTBBZKhvAroFlhOM,Underwater,58xqapN458N2VjibN3uVrY,68
Stray Kids,2dIgFjalVxs4ThymZ67YCE,Hall of Fame,5podb1asONjqwKk1iMVOeG,72
Stray Kids,2dIgFjalVxs4ThymZ67YCE,Super Bowl,3OhW68CiyfCoeGntozuUMl,73
Jung Kook,6HaGTQPmzraVmaVxvz6EUc,3D (feat. Jack Harlow) (Clean Ver.),0TaaG2kxjzSjVbmmiiSZEa,79
NMIXX,28ot3wh4oNmoFOdVajibBl,Love Me Like This,6P3CtlzTKLxcNYGOS3es8m,73
NewJeans,6HvZYsbFfjnjFrWF950C9d,New Jeans,7woEDtme8YkFiWeyiinIjy,71
ENHYPEN,5t5FqBwTcgKTaWmfEbwQY9,Still Monster,6tuTpe37ljVcrJeZAAKBE1,74
NewJeans,6HvZYsbFfjnjFrWF950C9d,Super Shy,0kwrPQkiGVE8KTHalH1uMo,71
Stray Kids,2dIgFjalVxs4ThymZ67YCE,ITEM,1EWTsgQAEsUrnQ8iawhDSN,71
ENHYPEN,5t5FqBwTcgKTaWmfEbwQY9,Sacrifice (Eat Me Up),58ItBuVuKc03DvqSeZFnH1,73
ENHYPEN,5t5FqBwTcgKTaWmfEbwQY9,Bills,2nfluhFVrO5OBXPzRWlwlz,73
ENHYPEN,5t5FqBwTcgKTaWmfEbwQY9,CRIMINAL LOVE,0Eglu3fErlG196PtTwCUPM,73
wave to earth,5069JTmv5ZDyPeZaCCXiCg,peach eyes,1V8s51MOKlmES1Vc9Erm89,72
aespa,6YVMFz59CuY7ngCxTxjpxE,Hold On Tight,1o844wI52S3TjXGBwvGcc7,75
ENHYPEN,5t5FqBwTcgKTaWmfEbwQY9,Sweet Venom (English Ver.),47JqJobasbTT9r0gX8CoE1,73
FIFTY FIFTY,4GJ6xDCF5jaUqD6avOuQT6,Cupid,5mg3VB3Qh7jcR5kAAC4DSV,74
TWICE,7n2Ycct7Beij7Dj7meI4X0,MOONLIGHT SUNRISE,5IN9W6eUfk3014My9awagX,72
Jack Harlow,2LIk90788K0zvyj2JJVwkJ,Denver,5r30gHLxvhp60XMc5TIIMh,69
Jung Kook,6HaGTQPmzraVmaVxvz6EUc,Seven (feat. Latto) (Clean Ver.),50Af7YTMHGNbYyvgofTAGf,80
KISS OF LIFE,4TEK9tIkcoxib4GxT3O4ky,Shhh,76qqDJijAjFph7sjUxNVG8,73
SEVENTEEN,7nqOGRxlXj7N2JYbgNEjYH,SOS (Prod. Marshmello),3oTDi9MWC0JB39FcsLRon3,74
HWASA,7bmYpVgQub656uNTu6qGNQ,Chili,253P6uwLnelVQ6MdwXMIJk,75
TOMORROW X TOGETHER,0ghlgldX5Dd6720Q3qFyQB,Growing Pain,7r8aFgJzUbqpApUNmzV5yY,70
TOMORROW X TOGETHER,0ghlgldX5Dd6720Q3qFyQB,Devil by the Window,53H3sGmqiXWO4MwuZAJfyn,71
ENHYPEN,5t5FqBwTcgKTaWmfEbwQY9,Orange Flower (You Complete Me),5Cb3JSisvjlZhjSfYD6d7C,73
EXO,3cjEqqelV9zb4BYE3qDQ4O,Cream Soda,42h7yc9Rda1IOMYLACVgld,74
TOMORROW X TOGETHER,0ghlgldX5Dd6720Q3qFyQB,Do It Like That,0XM1XnOYv8BkFPFVCU8ZjX,71
NewJeans,6HvZYsbFfjnjFrWF950C9d,Zero,5LMoKDVzW2kDneNu2UbspP,71
XG,0LOK81e9H5lr61HlGGHqwA,NEW DANCE,6Pjzy9avwlVr4UAbxkQQmh,74
TOMORROW X TOGETHER,0ghlgldX5Dd6720Q3qFyQB,Blue Spring,7o3sxXABQ4VacMPDa6hUFO,70
TAEYANG,6udveWUgX4vu75FF0DTrXV,VIBE (feat. Jimin of BTS),4NIe9Is7bN5JWyTeCW2ahK,70
TOMORROW X TOGETHER,0ghlgldX5Dd6720Q3qFyQB,Back for More (TXT Ver.),2AdzsePCqH6NUcMq7tYYmx,70
LE SSERAFIM,4SpbR6yFEvexJuaBpgAU5p,FEARLESS (2023 Ver.),4K8jDTlNhZWEdnzZVGRMtN,74
Red Velvet,1z4g3DjTBBZKhvAroFlhOM,Knock Knock (Who's There?),5nTemr4PG8L9jQoqxsZu6w,67
ENHYPEN,5t5FqBwTcgKTaWmfEbwQY9,Blind,5zyAmGZ6IfotltMUqzMhdg,72
TWICE,7n2Ycct7Beij7Dj7meI4X0,MOONLIGHT SUNRISE,5NcLyVjUgG0yfwHgr5t81w,70
ENHYPEN,5t5FqBwTcgKTaWmfEbwQY9,Chaconne,7nBjhYbLttb9LHZHqNuld5,70
Jung Kook,6HaGTQPmzraVmaVxvz6EUc,Seven (feat. Latto) (Clean Ver.),6ZUdN0SmTwV7orWD14Emwl,77
Red Velvet,1z4g3DjTBBZKhvAroFlhOM,Will I Ever See You Again?,0IVwlMnmT0CS8opHfFZAWp,66
(G)I-DLE,2AfmfGFbe0A0WsTYm0SDTx,I Want That,3F2BLyGt6zYLrHYpbdTw5L,74
TOMORROW X TOGETHER,0ghlgldX5Dd6720Q3qFyQB,Skipping Stones,0bPy1iMfSOO2pevpXLhnoG,70
Jung Kook,6HaGTQPmzraVmaVxvz6EUc,Seven (feat. Latto) (Clean Ver.),4yk9mD1iZpUg2HE3z9HhdP,78
NCT DOJAEJUNG,0W0w607z3JEA1vXLz9FVGw,Perfume,0jd4aa9XgV5eom0ez0WBrD,71
TOMORROW X TOGETHER,0ghlgldX5Dd6720Q3qFyQB,"Farewell, Neverland",43mnNatwMMydJ4CxMdQVnJ,70
XG,0LOK81e9H5lr61HlGGHqwA,GRL GVNG,5OqMZ8In8CkCa0SbknnDPl,71
Stray Kids,2dIgFjalVxs4ThymZ67YCE,Collision,2vukoriV9e7oyOojN1NtsB,68
TOMORROW X TOGETHER,0ghlgldX5Dd6720Q3qFyQB,Deep Down,4iK0QSCW3nmt6bsZtAjzX6,69
BSS,1uAT5bTSp6dWbNmixIUP5t,Fighting (Feat. Lee Young Ji),7eBpUuPnDTfbeP1P4P93CS,74
IVE,6RHTUrRF63xao58xh9FXYJ,Kitsch,7foeH2Emgq8A3LWk3q6dat,73
Jung Kook,6HaGTQPmzraVmaVxvz6EUc,Seven (feat. Latto) (Explicit Ver.),39mR7R6oZOa1K9deHnOKqE,78
Jung Kook,6HaGTQPmzraVmaVxvz6EUc,Seven (feat. Latto) (Explicit Ver.),3t1TAfnoXfnMclelI70UaX,78
MISAMO,0IwZVmMMGE7nNXS7vN9SIo,Do not touch,1w6b63TmaXFk1jhPOY0FkY,71
D.O.,2CQZr2RPZmrcvDnaod1ldC,Somebody,2sZEjTi51vnlwpmIAKdwgX,74
aespa,6YVMFz59CuY7ngCxTxjpxE,Thirsty,6nICBdDevG4NZysIqDFPEa,70
STAYC,01XYiBYaoMJcNhPokrg0l0,Bubble,4P5ozkI1bxiGxA5rZ27jlO,69
Jung Kook,6HaGTQPmzraVmaVxvz6EUc,Seven (feat. Latto) (Explicit Ver.),0NCs64tpWpSNNFXbu6bCAE,77
NMIXX,28ot3wh4oNmoFOdVajibBl,Roller Coaster,1fP8o0lIaSIE5jEeblT8df,68
JISOO,6UZ0ba50XreR4TM8u322gs,All Eyes On Me,2YXswOX5aKv6OHRKUcAMLQ,70
Jack Harlow,2LIk90788K0zvyj2JJVwkJ,Common Ground,2OZfJcpzSFApBxUA0gXuJz,67
TOMORROW X TOGETHER,0ghlgldX5Dd6720Q3qFyQB,Chasing That Feeling (English Ver. – Digital Only),3lJyZMz60jW3TTGeOFUrCd,69
The Rose,5na1LmEmK2VzNLje9snJYW,Back To Me,4eZpe6SMJQIqAU9VJI84oD,70
Epik High,5snNHNlYT2UrtZo5HCJkiw,Screen Time (Feat. Hoshi of SEVENTEEN),4yorFTfi9Tay8tG0NNK7vB,70
SEVENTEEN,7nqOGRxlXj7N2JYbgNEjYH,I Don't Understand But I Luv U,3acGHJqr9xU1cnCEfLX1Lx,71
FIFTY FIFTY,4GJ6xDCF5jaUqD6avOuQT6,Barbie Dreams (feat. Kaliii) [From Barbie The Album],7njDhlprmHJ1I9pM0rxMON,69
Jack Harlow,2LIk90788K0zvyj2JJVwkJ,Lovin On Me,3fpM9FZbtQkoCSATHmGpgJ,68
wave to earth,5069JTmv5ZDyPeZaCCXiCg,homesick,3pGoYGGOTvThnFcJpBh293,67
LE SSERAFIM,4SpbR6yFEvexJuaBpgAU5p,Impurities,7mYwDmbbp8UPLlnRjTJ54X,68
fromis_9,24nUVBIlCGi4twz4nYxJum,Love Me Back,2IMPPA9UZpqTnnVIy9lDHU,67
Red Velvet,1z4g3DjTBBZKhvAroFlhOM,Nightmare,0jUDrSASok8h2xUIWe4KOG,64
ITZY,2KC9Qb60EaY0kW4eH68vr3,RINGO,2qWIeuIxVJglnWWsDpyhfU,71
SEVENTEEN,7nqOGRxlXj7N2JYbgNEjYH,Diamond Days,6n5M2Al3QgTScpO4AZH9OI,71
Jack Harlow,2LIk90788K0zvyj2JJVwkJ,Lovin on Me,7FYC8o4UgVYsFPlsRK22HC,0
Jack Harlow,2LIk90788K0zvyj2JJVwkJ,Face of My City,5L3RH40lFUIqLLG6Nwp52m,0
Jack Harlow,2LIk90788K0zvyj2JJVwkJ,Is That Ight?,5CQsyEZ7AJ98QJtepkL7Kd,0
Jack Harlow,2LIk90788K0zvyj2JJVwkJ,First Class,2dSWonB5ok1wwDuGyjvewc,0
Jack Harlow,2LIk90788K0zvyj2JJVwkJ,Lovin on Me,4DMKXsZ3Vm3IxPw0arLOAX,0
Jessi,64k5e9kV9MdukXjFrR5R37,Gum,6QJEWaTiiBSYPHr6FrZ8vu,70
ENHYPEN,5t5FqBwTcgKTaWmfEbwQY9,Mortal,3JdYRIhtpQd56Dj3rhMRoC,69
Stray Kids,2dIgFjalVxs4ThymZ67YCE,GET LIT,7dqUVy6c69qzuAtIFbNeZ8,68
KISS OF LIFE,4TEK9tIkcoxib4GxT3O4ky,Bad News,7AGq5qaaF9awHDaKuCvVjj,71
SEVENTEEN,7nqOGRxlXj7N2JYbgNEjYH,Yawn,1qzvzPfqzpNQ01ZBOEkVlf,72
LE SSERAFIM,4SpbR6yFEvexJuaBpgAU5p,Blue Flame (2023 Ver.),2ahp0wvyEzyvgWfOhStHWp,69
Red Velvet,1z4g3DjTBBZKhvAroFlhOM,One Kiss,4zIPZxvYp32y6ifjm1E30O,64
aespa,6YVMFz59CuY7ngCxTxjpxE,Trick or Trick,3EI3OLBeM89B0o0UsIGCOx,70
wave to earth,5069JTmv5ZDyPeZaCCXiCg,sunny days,4U9teFThcaHZz386DQM6FY,70
FIFTY FIFTY,4GJ6xDCF5jaUqD6avOuQT6,Cupid,36ylDwMUz1EqrdbfBF8vC7,69
Red Velvet,1z4g3DjTBBZKhvAroFlhOM,Iced Coffee,2ciMW7c3kpno8ruu9RkBKg,64
MISAMO,0IwZVmMMGE7nNXS7vN9SIo,Do not touch,5gq7xM6eI16osBO2U581NL,69
(G)I-DLE,2AfmfGFbe0A0WsTYm0SDTx,I Want That,34pKV56b6d7Nz1l6av1nZ1,70
NCT DREAM,1gBUSTR3TyDdTVFIaQnc02,ISTJ,43Pmqpiw4zFY77pT5QdxQ8,66
KARD,2JhAlkmukNvarUpGhTFXUQ,ICKY,1OhotmnsJBmsHaKwACYMgJ,66
Jung Kook,6HaGTQPmzraVmaVxvz6EUc,3D (Alternate Ver.),5BKiMkWucQVb7wrFi29VtX,71
SEVENTEEN,7nqOGRxlXj7N2JYbgNEjYH,Back 2 Back,40PKBUQRjtW2pUg4zv3y7r,70
JEON SOYEON,6Xg22wJOAcnvPUfk5WvODH,NOBODY,4loUHO28CuvSbEiZXId1BD,72
aespa,6YVMFz59CuY7ngCxTxjpxE,Don't Blink,2uJEnyojuGg31VVlLTQFpp,69
SEVENTEEN,7nqOGRxlXj7N2JYbgNEjYH,Headliner,6Es0Sxn1yE7L0T1YxrYHKX,70
Stray Kids,2dIgFjalVxs4ThymZ67YCE,Butterflies,3Oi8I8awZsuJtSEOGHuOXf,68
Stray Kids,2dIgFjalVxs4ThymZ67YCE,Youtiful,5sSv2lotkWeHZ9YSTQrdbf,68
WayV,1qBsABYUrxg9afpMtyoFKz,Poppin' Love,7lMMU46D1is2fvc5CZhhAM,66
IVE,6RHTUrRF63xao58xh9FXYJ,OTT,0ANTnEM0En14CMHPxs0MZj,67
HUS,23m7tUHLULVyBAAIYHbsgT,BANANA SHAKE (SPED UP),6qXGfKR1JHtH18PbT15k6F,65
TAEYANG,6udveWUgX4vu75FF0DTrXV,VIBE (feat. Jimin of BTS),61AZsmFB3VoJdmraMk5ZSn,66
ENHYPEN,5t5FqBwTcgKTaWmfEbwQY9,Sweet Venom (feat. Bella Poarch),3v8hC61VqQ95xwBiLg1JPg,67
NewJeans,6HvZYsbFfjnjFrWF950C9d,Ditto,5702raF31K9rvD6KZ6sCTo,69
NewJeans,6HvZYsbFfjnjFrWF950C9d,Our Night is more beautiful than your Day,11YovYUVkZdLyOFncbecWL,62
(G)I-DLE,2AfmfGFbe0A0WsTYm0SDTx,Eyes Roll,79yymC6QQaZ81jR2UYcPfy,68
(G)I-DLE,2AfmfGFbe0A0WsTYm0SDTx,Allergy,38MKW2tQHtyO8djIOKlEFF,70
Red Velvet,1z4g3DjTBBZKhvAroFlhOM,Bulldozer,4Pp6Ql9wV7A6VqHrmjMFv4,63
NMIXX,28ot3wh4oNmoFOdVajibBl,Party O'Clock,0HdcJkzhhhzID0nXEpIVgH,66
Crush,6aLdhHUqgdKE86xbtNmY8g,Click Like (Prod. Crush) (Feat. Paul Blanco),3uzUBVCNTdVnmJMumFA4Ce,68
TAEMIN,13rF01aOogvnkuQXOlgTW8,The Rizzness,6wGh0YsTJgonptwfPBnScC,65
Stray Kids,2dIgFjalVxs4ThymZ67YCE,DLC,6dyXogYZZ45wBgRY1Wq3P1,67
Jimin,1oSPZhvZMIrWW5I41kPkkY,"Angel Pt. 1 (feat. Jimin of BTS, JVKE & Muni Long) - Trailer Version",5qyjy0xfsHNzWxvXkHVB85,69
Stray Kids,2dIgFjalVxs4ThymZ67YCE,FNF,7LQvpgaadSh74HzYAjOisA,66
IVE,6RHTUrRF63xao58xh9FXYJ,Off The Record,6TNx6kHZeVDByUNMVxkAfa,67
Billlie,2GQxKDojobwBjZMPf7aoh0,DANG! (hocus pocus),2pNxufMWgPp8I7m6zPChq6,60
NewJeans,6HvZYsbFfjnjFrWF950C9d,Beautiful Restriction,7CHDUDw89DCR8vvI0yTXGa,68
BTS,3Nrfpe0tUJi4K4DXYWgMUX,The Planet,4IJsVXbSeGPUrgwpVoHmlg,72
Billlie,2GQxKDojobwBjZMPf7aoh0,BYOB (bring your own best friend),2zoLJs2jC0uiy59KJAWL2h,64
TWICE,7n2Ycct7Beij7Dj7meI4X0,Hare Hare,0h3dJV8JA5oxPzSF4tkz2t,69
Red Velvet,1z4g3DjTBBZKhvAroFlhOM,Wings,2UBHMxFRoaDuHGGIjpd3dJ,61
aespa,6YVMFz59CuY7ngCxTxjpxE,Hot Air Balloon,1mdtLny0zugh89vokWGG80,68
XG,0LOK81e9H5lr61HlGGHqwA,TGIF,3horUXBBgEyTEAxfeT9c0P,68
Jimin,1oSPZhvZMIrWW5I41kPkkY,Like Crazy (Deep House Remix),6D90VTeGEWYX5AkAtjHZh1,68
EVERGLOW,3ZZzT0naD25RhY2uZvIKkJ,SLAY,32Ao6xLLir3dPOhQGvqgSB,67
Red Velvet,1z4g3DjTBBZKhvAroFlhOM,Scenery,6soeHzqsg3Q2ugz21bnFR9,61
SEVENTEEN,7nqOGRxlXj7N2JYbgNEjYH,F*ck My Life,3tgWMPOY4stCdKYj5NjrAe,70
STAYC,01XYiBYaoMJcNhPokrg0l0,Teddy Bear,4kSDi21MeOoSvpZs6MveI9,66
CHANYEOL,6jV25rzTKQ2zMgrqHha1V5,Good Enough,0joaMfmFVNsqTSGgX767KN,68
Jimin,1oSPZhvZMIrWW5I41kPkkY,Like Crazy (UK Garage Remix),5tDxLjAnkojfnXnjOk6mvh,68
P1Harmony,3JjvsPeGMbDJqsphe2z8xU,JUMP,4vTXBC7QOjEbi8DcJvCNE2,64
ENHYPEN,5t5FqBwTcgKTaWmfEbwQY9,Fate,0iLyNDLTsBkqB8SLAzNGxF,67
aespa,6YVMFz59CuY7ngCxTxjpxE,You,52qof5uEYA0TV0EpR7jNxs,67
ITZY,2KC9Qb60EaY0kW4eH68vr3,None of My Business,6iYfUvWNdKulAgX2TOhk5u,64
aespa,6YVMFz59CuY7ngCxTxjpxE,Spicy,3gtlthEgyulDfT8dWdKsnv,69
IVE,6RHTUrRF63xao58xh9FXYJ,Holy Moly,5q288Nbf39kqh2HtI2H2op,65
Jack Harlow,2LIk90788K0zvyj2JJVwkJ,Is That Ight?,78aELoNP2X3DC3rjHEVLPy,62
The Rose,5na1LmEmK2VzNLje9snJYW,Back To Me,20Ahyv93KKjMuDHAVy2yjr,64
LE SSERAFIM,4SpbR6yFEvexJuaBpgAU5p,Flash Forward,74cpuIw43kA8xPgbQEPdss,64
LE SSERAFIM,4SpbR6yFEvexJuaBpgAU5p,No-Return (Into the unknown),6DSGb5CmwHX4pvclq8HUU1,66
NCT 127,7f4ignuCJhLXfZ9giKT7rH,Ay-Yo,2KwOuFfwQyT9mZqjvchd81,61
THE BOYZ,0CmvFWTX9zmMNCUi6fHtAx,WATCH IT,3UQw1V8gM5YihFDcnjNkWN,67
BSS,1uAT5bTSp6dWbNmixIUP5t,7PM (Feat. Peder Elias),6tAPw1Rtt3SGEOm6ohYi8l,69
WayV,1qBsABYUrxg9afpMtyoFKz,On My Youth,2XVtXrEu5C8V38u22Xt2Yy,67
IVE,6RHTUrRF63xao58xh9FXYJ,I WANT,1Xnha5ko8j7yY8O3ATe0Vs,68
LE SSERAFIM,4SpbR6yFEvexJuaBpgAU5p,Fire in the belly,05RlBHEZg1RmL9DnPgv9Qq,66
LE SSERAFIM,4SpbR6yFEvexJuaBpgAU5p,ジュエリー (Prod. imase),1PeBPKbOCc370rnLKploBL,67
aespa,6YVMFz59CuY7ngCxTxjpxE,YOLO,3OQWohbPUsvbXaH1AiRazX,67
ATEEZ,68KmkJeZGfwe1OUaivBa2L,Dune,1CwzGOJqmATtWE8H00MEIL,62
TWICE,7n2Ycct7Beij7Dj7meI4X0,I CAN’T STOP ME (feat. BOYS LIKE GIRLS),4gKhh8GQfRprLBBPc5um6Q,61
IVE,6RHTUrRF63xao58xh9FXYJ,Kitsch,4hbU7BVioG3WnoRNEy5YUf,68
SHINee,2hRQKC0gqlZGPrmUKbcchR,HARD,2VV1RIhTgeJ4PEMYz6TqDB,65
TOMORROW X TOGETHER,0ghlgldX5Dd6720Q3qFyQB,Happy Fools (feat. Coi Leray),77LZvE2XLYn2AW55UxIG8H,64
TOMORROW X TOGETHER,0ghlgldX5Dd6720Q3qFyQB,Back for More (TXT Ver.),0CerW91SZ7XXHk6tdKE05a,64
aespa,6YVMFz59CuY7ngCxTxjpxE,Better Things,330IIz7d75eqAsKq1xhzXR,67
IVE,6RHTUrRF63xao58xh9FXYJ,Payback,1RYK0mKtwjWaNLe7Mi6jYN,64
MAVE:,2ec7y2L98sHDYFylr7KqEx,PANDORA,70yszWsLJvNZuZwaHNMROf,67
Jack Harlow,2LIk90788K0zvyj2JJVwkJ,Blame On Me,5w7IRpQTMNA2EuWrHDmClX,62
Stray Kids,2dIgFjalVxs4ThymZ67YCE,Mixtape : Time Out,5vMQIOhLw85H8WYIf1kEWw,64
B.I,0UntV1Bw2hk3fbRrm9eMP6,Loved,2nWVowkuFVY6hCRBylnaZh,62
TWICE,7n2Ycct7Beij7Dj7meI4X0,MOONLIGHT SUNRISE (Jonas Blue Remix),4JRjQE4sXKgOFURvvetuXi,58
TAEYONG,6SKusTjOAPsTZ6kareKQdm,SHALALA,2gAX00D7NOBKdcKbOXdpFR,73
TWICE,7n2Ycct7Beij7Dj7meI4X0,Alcohol-Free (English ver.),6rJjT5kPYhtXkUsot7tkjI,58
P1Harmony,3JjvsPeGMbDJqsphe2z8xU,Fall In Love Again,7e2t41hCiR0sV4Lgv555v3,62
NewJeans,6HvZYsbFfjnjFrWF950C9d,Zero (J.I.D Remix),12Yy0hZrUebGnr3IrppPnW,64
wave to earth,5069JTmv5ZDyPeZaCCXiCg,evening glow,4ti11xaTQ4ZrLBglUyrkMX,63
ATEEZ,68KmkJeZGfwe1OUaivBa2L,DJANGO,5Ku5uYEtkdpNlkgqU6p4ir,62
TWICE,7n2Ycct7Beij7Dj7meI4X0,CRY FOR ME (English ver.),6cNj96qS6WfQwSCxWScFFW,57
NCT 127,7f4ignuCJhLXfZ9giKT7rH,Parade,4YGjBlNqjaUinn2aRkWcLG,59
IVE,6RHTUrRF63xao58xh9FXYJ,Either Way,5c1EubDxHdulbausF5CpX5,64
ENHYPEN,5t5FqBwTcgKTaWmfEbwQY9,One and Only,7dDY45rR3idfeCypFDrk0G,66
TAEMIN,13rF01aOogvnkuQXOlgTW8,"She Loves Me, She Loves Me Not",5eiNEMoVsEDmKDQrqyrOer,63
ENHYPEN,5t5FqBwTcgKTaWmfEbwQY9,Karma,1RGaIn89VUtXvJCXz1tDNb,65
xikers,6QHP8St0MzfNDqjKpwtMht,TRICKY HOUSE,2MeEPaL5HsW9njvrtP0Agj,64
LE SSERAFIM,4SpbR6yFEvexJuaBpgAU5p,Perfect Night (Holiday Remix),40CJrEAyXS8qe0BBFbYbJO,59
MONSTA X,4TnGh5PKbSjpYqpIdlW5nz,Beautiful Liar,1F6qqwgyBjcIMzen8RrOXQ,64
NCT 127,7f4ignuCJhLXfZ9giKT7rH,Space,4M27cSWrLO7bVW8ISJXwNU,59
ITZY,2KC9Qb60EaY0kW4eH68vr3,Kill Shot,3i7Z0CI7QIwnU4MVL0XJB9,63
ATEEZ,68KmkJeZGfwe1OUaivBa2L,Outlaw,6UM7j0WbcGtk06c6pGKiQ6,61
Jimin,1oSPZhvZMIrWW5I41kPkkY,Like Crazy (Instrumental),0cxhv3PpIkmREXqobuB0zG,66
LE SSERAFIM,4SpbR6yFEvexJuaBpgAU5p,Perfect Night (Sped Up ver.),2pCcl9FB4KCqYXYzloAMRK,64
BIBI,6UbmqUEgjLA6jAcXwbM1Z9,Hongdae R&B,5TIwTvdD7OpJBt0tqIWLH3,62
BIBI,6UbmqUEgjLA6jAcXwbM1Z9,Amigos (with Becky G),60DPrTJRHzpGPSJXLiSdDX,63
LE SSERAFIM,4SpbR6yFEvexJuaBpgAU5p,ドレスコード (Prod. imase),3o0Nlc7DVVC39pfv4nTi9Y,59
ATEEZ,68KmkJeZGfwe1OUaivBa2L,This World,6QDcmN2Avrim8kNoCHkw9s,61
fromis_9,24nUVBIlCGi4twz4nYxJum,#menow,4lIAPwAU6R8PAy2WhykC4i,62
XG,0LOK81e9H5lr61HlGGHqwA,X-GENE,4JDJdj7QuqHEqDuOeQzboZ,64
Jung Kook,6HaGTQPmzraVmaVxvz6EUc,Standing Next to You (Slow Jam Remix),1q7KOfejpcT2qKlR9Fe0gG,63
NMIXX,28ot3wh4oNmoFOdVajibBl,"Young, Dumb, Stupid",09BWOhiJUaYufcOiKCA973,65
Jung Kook,6HaGTQPmzraVmaVxvz6EUc,Standing Next to You (Latin Trap Remix),5cJLfmwZQgdSBTX6gJWNSQ,63
Dreamcatcher,5V1qsQHdXNm4ZEZHWvFnqQ,OOTD,2PSqR2dQWllqSPHeUdCp1S,64
FIFTY FIFTY,4GJ6xDCF5jaUqD6avOuQT6,Cupid – Twin Ver. (feat. Sabrina Carpenter),28PCjIXE4NJWDIqpRsD3rl,62
Jung Kook,6HaGTQPmzraVmaVxvz6EUc,Standing Next to You (PBR&B Remix),5f2PxyFQF3Fz9R8WCaViH8,62
Jung Kook,6HaGTQPmzraVmaVxvz6EUc,Seven (David Guetta Remix),1JedlGqkzYvVUITKsvhbPh,64
aespa,6YVMFz59CuY7ngCxTxjpxE,Salty & Sweet,4wQDjZtXjsFtU3BLSiIH4t,66
Stray Kids,2dIgFjalVxs4ThymZ67YCE,DLMLU,6e7SWgyx1EsEHmdDlsrbth,63
TAEMIN,13rF01aOogvnkuQXOlgTW8,Not Over You,3N6P6TQN0U0sBOfLF9v5Gv,62
The Rose,5na1LmEmK2VzNLje9snJYW,Lifeline,0kLWFPX9rbvzJ7XEadoNrN,59
ATEEZ,68KmkJeZGfwe1OUaivBa2L,Wake Up,2fZ1DdMpQZIiPMIgyt27dT,60
NCT DREAM,1gBUSTR3TyDdTVFIaQnc02,Yogurt Shake,0XirDL81ptA2KlrZVpjP0k,59
ENHYPEN,5t5FqBwTcgKTaWmfEbwQY9,BLOSSOM,1ITbrYluZnnVIUXE4PAq2s,65
NCT DREAM,1gBUSTR3TyDdTVFIaQnc02,Broken Melodies,5OehhztxLfJeCxUMbFfPy6,59
aespa,6YVMFz59CuY7ngCxTxjpxE,Jingle Bell Rock,0ijCESscFXtRc0dtDgu1Uv,64
NCT U,3paGCCtX1Xr4Gx53mSeZuQ,PADO,7mLHba9b39oYWxxGVbPBXX,52
IVE,6RHTUrRF63xao58xh9FXYJ,Lips,0dRSOmb7pqkkmjXCu5BYbe,63
ITZY,2KC9Qb60EaY0kW4eH68vr3,BET ON ME,5BCPIye83pj24VjCzQuL5F,61
PURPLE KISS,62T5PGHWJ9sxP2SJq20IHq,Sweet Juice,2th6UWbfVz3hsSDzQAKqy2,60
tripleS,5Z71xE9prhpHrqL5thVMyK,Rising,6QCPweR3aP6nj7P43WpiZs,62
wave to earth,5069JTmv5ZDyPeZaCCXiCg,pink,2KHXLUeYXiXnasuGzA2f8G,61
aespa,6YVMFz59CuY7ngCxTxjpxE,Drama,1D2FpMD1Jg673KWNei2Ttw,0
Jung Kook,6HaGTQPmzraVmaVxvz6EUc,Standing Next to You (Band Ver.),763voaCk9m4ZrwHT6Zm1gV,63
ODD EYE CIRCLE (ARTMS),10NiYZbV1kGr5cBygKTS5J,Air Force One,3H0NA2Ri3murwBn5cDWugr,59
ENHYPEN,5t5FqBwTcgKTaWmfEbwQY9,Keep Swimmin' Through,2uXvTCV3s5LN9mdDW7hAkn,63
TWICE,7n2Ycct7Beij7Dj7meI4X0,SET ME FREE (ENG),6bkTxw6m6vl8Oc3xtKBXN0,61
TWICE,7n2Ycct7Beij7Dj7meI4X0,MORE & MORE (LEE HAE SOL Sped Up Remix),3PeqOlET4ZX6CKGwrlAX7u,52
aespa,6YVMFz59CuY7ngCxTxjpxE,Better Things - Sped Up Version,5PyBV5MUBu6citKOcIVa9S,0
aespa,6YVMFz59CuY7ngCxTxjpxE,Spicy,1XzrPCRhtDRdOiGl42EFKM,0
aespa,6YVMFz59CuY7ngCxTxjpxE,Better Things,4vxd16cB2VUGGsFcOMD9If,0
aespa,6YVMFz59CuY7ngCxTxjpxE,Drama,6C69LU0bv0H8UPGn83Iksw,3
aespa,6YVMFz59CuY7ngCxTxjpxE,Better Things,5rvpqs1hNUApf8OLOhM7FY,0
aespa,6YVMFz59CuY7ngCxTxjpxE,Better Things - Sped Up Version,5GeY0hmOLsE0fioB9Xb55k,0
aespa,6YVMFz59CuY7ngCxTxjpxE,Better Things - Sped Up Version,0QjWUMVc3QB3U8kExmZnEI,0
aespa,6YVMFz59CuY7ngCxTxjpxE,Better Things - Sped Up Version,5WGwDiT5U7D3IV16zOZkK0,0
aespa,6YVMFz59CuY7ngCxTxjpxE,Better Things - Sped Up Version,0B9ht5LWEftNwUBIdkJBge,0
Jung Kook,6HaGTQPmzraVmaVxvz6EUc,3D (feat. Jack Harlow) (MK Remix),1amaLBTe7l6zyWrWoq2Acy,61
Jack Harlow,2LIk90788K0zvyj2JJVwkJ,No Enhancers,2nK3bNHjO0IAMarcoN27UK,58
The Rose,5na1LmEmK2VzNLje9snJYW,Nauseous,1Rbo82TSzjBsQ3td7TvDQY,58
NCT DREAM,1gBUSTR3TyDdTVFIaQnc02,Broken Melodies - JVKE Remix,2LqesWzQTXoMv01fZTz0rh,60
TWICE,7n2Ycct7Beij7Dj7meI4X0,The Feels (Ian Asher Remix),2hN7kHEKFPFArDhJlg7UPm,52
IVE,6RHTUrRF63xao58xh9FXYJ,WAVE,2FNgoGLkE4AAOtYkQfiVL4,66
TWICE,7n2Ycct7Beij7Dj7meI4X0,MOONLIGHT SUNRISE (Jonas Blue Remix),0H8vXZHYrbMfYJlojEjiS3,53
TWICE,7n2Ycct7Beij7Dj7meI4X0,WALLFLOWER,6EGkbPJrb88STcdfMu1j1y,61
LE SSERAFIM,4SpbR6yFEvexJuaBpgAU5p,UNFORGIVEN - Japanese ver.,07Kq5cRJkYNieu1rge3PZX,65
SUNMI,6MoXcK2GyGg7FIyxPU5yW6,STRANGER,3SifPlW12FRs8OQP2VkXSi,64
Jung Kook,6HaGTQPmzraVmaVxvz6EUc,Standing Next to You (Holiday Remix),3zx83DU3JpDZCCBokLX5WB,61
JEON SOMI,7zYj9S9SdIunYCfSm7vzAR,Fast Forward,4EsqgOzLn45dCHIDIhtg6W,61
TWICE,7n2Ycct7Beij7Dj7meI4X0,SET ME FREE (Carneyval Remix),3b14obu61ODHmi0vjaajeF,51
tripleS,5Z71xE9prhpHrqL5thVMyK,Girls’ Capitalism,2ivVS2ageitCQqnmmMaWoH,62
Jackson Wang,1kfWoWgCugPkyxQP8lkRlY,Slow (with Ciara),3ZrtBTReHr1xFDglmHwCX5,61
Dreamcatcher,5V1qsQHdXNm4ZEZHWvFnqQ,BONVOYAGE,3Jnwl9zlbFNEqKQjydxLxe,60
Jay Park,4XDi67ZENZcbfKnvMnTYsI,Why,6gGtT4dIKt57gPubAGr9nY,62
NCT DREAM,1gBUSTR3TyDdTVFIaQnc02,Broken Melodies,63Czf03uph6EyJDL1z3x3z,59
TWICE,7n2Ycct7Beij7Dj7meI4X0,CRAZY STUPID LOVE,0jn8sYeWOdYHjdF2cBmF75,63
GOT the beat,6uNxlIP5lzPFf0BHuELOuX,Stamp On It,0mlxHb4jbPr1PUBUv0WHRS,63
TREASURE,3KonOYiLsU53m4yT7gNotP,BONA BONA,0IkWksfw3Qxob96bjFKhyF,60
aespa,6YVMFz59CuY7ngCxTxjpxE,Welcome To MY World (feat. nævis),6qVqWJxIpsabUKBILG7d6N,63
Eric Nam,2FLqlgckDKdmpBrvLAT5BM,Only for a Moment,42B4Es8RTR5Owcfy3GHAQs,58
TAEMIN,13rF01aOogvnkuQXOlgTW8,Night Away,0zjkBOwL8upqIOmufTO6tT,61
NCT 127,7f4ignuCJhLXfZ9giKT7rH,Angel Eyes,2bOrjwAmNpzLZBIe51FAUq,57
Stray Kids,2dIgFjalVxs4ThymZ67YCE,THE SOUND (Korean Ver.),0q9IyhNXRse5fdfYEoFOdi,61
IVE,6RHTUrRF63xao58xh9FXYJ,Blue Blood,2avdbiswb0d5AFmyyz68xP,64
SEVENTEEN,7nqOGRxlXj7N2JYbgNEjYH,Dust,7v8v911KfBuFkqXvuDOtNm,65
VIVIZ,7Lq3yAtwi0Z7zpxEwbQQNZ,Untie,2tEuf4YE9NbDO39DI35QZd,63
Jung Kook,6HaGTQPmzraVmaVxvz6EUc,Standing Next to You (Future Funk Remix),0nCAwowgJ2bV2g5EOE67Yi,61
FIFTY FIFTY,4GJ6xDCF5jaUqD6avOuQT6,Tell Me,5CA3D0Tch1x4sky45aOcEq,59
SEVENTEEN,7nqOGRxlXj7N2JYbgNEjYH,God of Music (Inst.),0Qaw6haFnOnzDxQvXnxmGG,65
Jay Park,4XDi67ZENZcbfKnvMnTYsI,妳在哪裡 (WYA),4WOBcLq8VFP4xWLyNMAotu,62
(G)I-DLE,2AfmfGFbe0A0WsTYm0SDTx,Flip It,0W3ekPhkpDFjAym6E5RdPM,62
ONEUS,3CVYSpM7nfHFG5qCTW7Ht9,Baila Conmigo,3KXqLK4qPxr6qlrfzVVmNY,62
FIFTY FIFTY,4GJ6xDCF5jaUqD6avOuQT6,Barbie Dreams (feat. Kaliii),7F3q1XtxXjKFoTyo14fGQn,60
TOMORROW X TOGETHER,0ghlgldX5Dd6720Q3qFyQB,Back for More (with Anitta) (Performance Ver.),5z8PXrhJszWg8ejJ5alWo3,63
Kep1er,5R7AMwDeroq6Ls0COQYpS4,Galileo,2nehY8ewjt4clnD40SclwM,62
The Rose,5na1LmEmK2VzNLje9snJYW,You're Beautiful,6Ca2C9ycBna1WXfL5cB6Gn,59
LE SSERAFIM,4SpbR6yFEvexJuaBpgAU5p,"FEARNOT (Between you, me and the lamppost)",0sNfFxw3pJkVmRsgY781vM,62
KISS OF LIFE,4TEK9tIkcoxib4GxT3O4ky,Nobody Knows,70efTlnBNM8BvfhfPiqOBN,62
TAEMIN,13rF01aOogvnkuQXOlgTW8,Blue,2xSDet34W2nais0jv6Oh5j,60
Stray Kids,2dIgFjalVxs4ThymZ67YCE,Super Bowl -Japanese ver.-,74zvsuvIImK08x0SyRdw78,64
NCT U,3paGCCtX1Xr4Gx53mSeZuQ,The BAT,1MRC31VxOjOT7Lune15OjW,51
Jack Harlow,2LIk90788K0zvyj2JJVwkJ,Ambitious,0pytLWYHCQdheIWB2Ay5Dk,58
AKMU,6OwKE9Ez6ALxpTaKcT5ayv,Fry’s Dream,6f4CAdAmrOfGH3FOfwHMSV,64
NCT 127,7f4ignuCJhLXfZ9giKT7rH,Je Ne Sais Quoi,0RRulrevan6sxj7KfMBi6k,57
ODD EYE CIRCLE (ARTMS),10NiYZbV1kGr5cBygKTS5J,Je Ne Sais Quoi,1qlusFEI25LWMQNXcxfL7a,58
SEVENTEEN,7nqOGRxlXj7N2JYbgNEjYH,April shower,7rIXkPCaibFJTs4rKS29OS,65
SEVENTEEN,7nqOGRxlXj7N2JYbgNEjYH,今 -明日 世界が終わっても-,2dThVzsCkB0L8tWFvQH53N,67
KEY,6XXKPxRX2WWPPtfodzpc2v,Good & Great,51oDOYN8AOyzvOpcvRGyI8,63
The Rose,5na1LmEmK2VzNLje9snJYW,You're Beautiful,6DHPaizkhWLCUxDgrYZI0f,59
Overdose,32jdgEsyvdXqUoReMyR0gl,Over Me,59oJpXOayvcKGbTXbrZjzF,62
IVE,6RHTUrRF63xao58xh9FXYJ,섬찟 (Hypnosis),1tzeAVyGwvoHcVzDit0UeT,61
(G)I-DLE,2AfmfGFbe0A0WsTYm0SDTx,I DO,4DBLBCVLDOmJwRysidmjHL,62
j-hope,0b1sIQumIAsNbqAoIClSpy,MORE,36KFMe3Q3wLCXd9SUudx9M,69
Jung Kook,6HaGTQPmzraVmaVxvz6EUc,Seven (feat. Latto) (Band Ver.),1zAYWqTX6qyRCKe9KuCUx0,65
ITZY,2KC9Qb60EaY0kW4eH68vr3,RINGO,2zRz0XfYEtsHuVfrM8KaOP,62
WayV,1qBsABYUrxg9afpMtyoFKz,No One But You,5xWt3H5V105vBkAe4IzFqt,59
Jack Harlow,2LIk90788K0zvyj2JJVwkJ,It Can't Be,2lW1lJSLatkcHxwDdCiSTB,57
Jung Kook,6HaGTQPmzraVmaVxvz6EUc,Standing Next to You (Instrumental),3mInLFp4KEUBV9qMZ67HPV,60
Stray Kids,2dIgFjalVxs4ThymZ67YCE,THE SOUND,0q8bRAh9BktYFcsFfXOOWI,62
WayV,1qBsABYUrxg9afpMtyoFKz,On My Youth - English Version,3aybnlPK0zZK2YRmlRm0Ph,61
The Rose,5na1LmEmK2VzNLje9snJYW,Eclipse,41kPgRfujefTii5rCkdqCS,56
The Rose,5na1LmEmK2VzNLje9snJYW,Wonder,5jhpphz9p3wuSThnkFCTZv,57
NCT 127,7f4ignuCJhLXfZ9giKT7rH,Yacht,0kMTK6RqBkUojGARhbQkaq,55
Crush,6aLdhHUqgdKE86xbtNmY8g,Hmm-cheat,7hYGWflgiI2aa25jOgL6eg,62
FIFTY FIFTY,4GJ6xDCF5jaUqD6avOuQT6,Lovin' Me,63pHo56L4k2VLXqzt1shrK,58
wave to earth,5069JTmv5ZDyPeZaCCXiCg,nouvelle vague,5EkbJFiurqjmLcOy7TYT3u,57
Xdinary Heroes,1khChLj7REGqjM043PlYyn,Good enough,3tXTu7hcpy4clOR2VBVNUk,61
aespa,6YVMFz59CuY7ngCxTxjpxE,I'm Unhappy,6fzio74FGqFFsenYkbGPzR,62
wave to earth,5069JTmv5ZDyPeZaCCXiCg,dried flower,0silYl19ebS1wbruI3CNc9,58
NCT DOJAEJUNG,0W0w607z3JEA1vXLz9FVGw,Kiss,6iirdwpyu2Ohg3iVdu4vXl,60
D.O.,2CQZr2RPZmrcvDnaod1ldC,I Do,1uOFPJmg1yx3sfBqgv1JAS,66
BIBI,6UbmqUEgjLA6jAcXwbM1Z9,Amigos (with Becky G),2uFt5a1PPXz4vYwPnO8zqP,58
KARD,2JhAlkmukNvarUpGhTFXUQ,CAKE,7DFxvlzyT4thkXhtcio8Tu,62
wave to earth,5069JTmv5ZDyPeZaCCXiCg,calla,4i9FlOVdtyJUDEKPT63VpZ,59
NCT 127,7f4ignuCJhLXfZ9giKT7rH,Misty,3PEUcbHPhmnlG5w1EmjyWC,55
The Rose,5na1LmEmK2VzNLje9snJYW,Alive,1BcmLcfo4OICRgiMOtJHrv,58
TWICE,7n2Ycct7Beij7Dj7meI4X0,GOT THE THRILLS,1RVsbqAP1WFFXPiBXQYIah,60
WayV,1qBsABYUrxg9afpMtyoFKz,RODEO,3ekOQ88PAWfC2IrNb8koJe,59
Jack Harlow,2LIk90788K0zvyj2JJVwkJ,Gang Gang Gang,6fMM4VMig1pSp0Pd1paP0N,57
LE SSERAFIM,4SpbR6yFEvexJuaBpgAU5p,"Eve, Psyche & the Bluebeard’s wife (English Ver.)",1xaLyNaaZC3i5tmaDAWP76,61
NCT 127,7f4ignuCJhLXfZ9giKT7rH,Love is a beauty,2TleatXgsMdOYwV9dxmDjL,55
TOMORROW X TOGETHER,0ghlgldX5Dd6720Q3qFyQB,Goodbye Now,1bIhEN6lxZTokWS7Qk5DJP,61
Eric Nam,2FLqlgckDKdmpBrvLAT5BM,Don't Leave Yet,3Y5jzpgo79Rsx86v0QvRqc,57
BOYS PLANET,49pGKUCSjzaCfv8gdTWG98,Jelly Pop,6fJW5vgrTBrKksFKApn7v2,61
(G)I-DLE,2AfmfGFbe0A0WsTYm0SDTx,Tall Trees,3NwamGRtyCi0MmVDjqOL2S,60
WayV,1qBsABYUrxg9afpMtyoFKz,Ain't No Thang,4udm7pXLOtZiuEhWByJAPC,58
The Rose,5na1LmEmK2VzNLje9snJYW,Angel (feat. Trevor Daniel),0SY2MvlKGm9ef2qF0VTgJW,56
TREASURE,3KonOYiLsU53m4yT7gNotP,B.O.M.B,4OVdshr1CletoUtcrLE0ZV,53
Stray Kids,2dIgFjalVxs4ThymZ67YCE,Battle Ground,6TyUrD8PmqxYyPlYXNGLXq,61
Stray Kids,2dIgFjalVxs4ThymZ67YCE,THE SOUND,2ovMFHvl5jWOZdhd9hL7uf,60
MISAMO,0IwZVmMMGE7nNXS7vN9SIo,Marshmallow,1xAlI4oMjz8lJXO4iXik84,61
Jung Kook,6HaGTQPmzraVmaVxvz6EUc,Seven (feat. Latto) (Alesso Remix),748MqeDRJ401KBqwCn5zHB,60
Jay Park,4XDi67ZENZcbfKnvMnTYsI,Yesterday,4mPOgPXaXFBQ9dCg6OGEFv,59
NCT U,3paGCCtX1Xr4Gx53mSeZuQ,Call D,5YUUAvaJVo9j8VeWNhJshM,49
EXO,3cjEqqelV9zb4BYE3qDQ4O,Let Me In,5e6hUjvQG2inD4Svco0PvP,61
STAYC,01XYiBYaoMJcNhPokrg0l0,Poppy (Korean Ver.),7a86ARVnm366v2UY1z9Ak8,59
BIBI,6UbmqUEgjLA6jAcXwbM1Z9,I AM SHAMPOO,164rrRJLHNzPKIR82BCDQU,56
Junko Ohashi,7rGbODPTIVjzn3CTR6RCzE,テレフォン・ナンバー,4o5pAjHBuKose80OQRgXAg,57
ITZY,2KC9Qb60EaY0kW4eH68vr3,Psychic Lover,5Xik9Cid9UnaLMOyaDYO8F,59
EXO,3cjEqqelV9zb4BYE3qDQ4O,Let Me In,3s9YpuocAjzVt0NLshCrpT,60
aespa,6YVMFz59CuY7ngCxTxjpxE,ZOOM ZOOM,3DZwsHxTYjCcMUTcSkATPl,62
WayV,1qBsABYUrxg9afpMtyoFKz,INVINCIBLE,3gE8a2MYfwb4WBbEQFD25i,58
Dreamcatcher,5V1qsQHdXNm4ZEZHWvFnqQ,Rising,5DoDlDWyes37gLnVtsEFAL,59
Jimin,1oSPZhvZMIrWW5I41kPkkY,"Angel Pt. 1 (feat. Jimin of BTS, JVKE & Muni Long) - Trailer Version",2GhOHZynysGm5B8R6iCihi,64
wave to earth,5069JTmv5ZDyPeZaCCXiCg,so real,6Y3DptA1KtLCr0ii61x2Sl,56
Stray Kids,2dIgFjalVxs4ThymZ67YCE,Lost Me,4KTK0uE4uJlS2Y8Gtq81I9,61
The Rose,5na1LmEmK2VzNLje9snJYW,Cosmo,2YtrpGJ2B0wI52vH1jVSqB,55
FIFTY FIFTY,4GJ6xDCF5jaUqD6avOuQT6,Higher,60KWPwY1iwKIOszBGXxlmh,57
NCT DREAM,1gBUSTR3TyDdTVFIaQnc02,Poison,0JelY23AS8fyxqGT9kkibH,55
NCT DREAM,1gBUSTR3TyDdTVFIaQnc02,Like We Just Met,7xlPmv0QzeklLt3Z4rckBE,56
MISAMO,0IwZVmMMGE7nNXS7vN9SIo,Funny Valentine,4xtgQGbQnII1buKgl5fguT,60
The Rose,5na1LmEmK2VzNLje9snJYW,Alive,5KDWBEPdhB7Yv1YVieS3PY,56
Jay Park,4XDi67ZENZcbfKnvMnTYsI,Candy (Feat. Zion.T),0luFANDtNNjcBXKazh3dV8,58
j-hope,0b1sIQumIAsNbqAoIClSpy,Equal Sign (Lollapalooza ver.),2JcJJjTFzpGo1G5nXqC6Qq,60
wave to earth,5069JTmv5ZDyPeZaCCXiCg,sunburn,0rn2B4vJ34nlrQJ9gIgiue,56
KAI,6iVo62B0bdTknRcrktCmak,Slidin',1kDHz6nhxNtdvh209RvyU6,56
wave to earth,5069JTmv5ZDyPeZaCCXiCg,pink horizon,11cbimZiHCAuJpSikkZdWN,58
Xdinary Heroes,1khChLj7REGqjM043PlYyn,Freakin' Bad,1gZxcX80pR6xThd2waYjuq,60
Kep1er,5R7AMwDeroq6Ls0COQYpS4,Giddy,6blIAzkMKENKqAfMwj5cZQ,58
fromis_9,24nUVBIlCGi4twz4nYxJum,Attitude,1jkoDKZBMInTDwGlqoPOFC,55
Jung Kook,6HaGTQPmzraVmaVxvz6EUc,Seven (feat. Latto) (Summer Mix),0aP1rlawWVSjuDSo7dbWRI,61
Stray Kids,2dIgFjalVxs4ThymZ67YCE,Novel,4xr0Pc53xqpSEOWPMx0JI9,59
Billlie,2GQxKDojobwBjZMPf7aoh0,EUNOIA,5ICowHre7VraSKaRw3do8N,57
FIFTY FIFTY,4GJ6xDCF5jaUqD6avOuQT6,Cupid – Twin Ver. (feat. Sabrina Carpenter),3gvxWMX8XXWJd7AQRN7I01,57
Whee In,0BqRGrwqndrtNkojXiqIzL,In The Mood,1f7WTvoghCDULXgxMrwXAY,59
Stray Kids,2dIgFjalVxs4ThymZ67YCE,Social Path,3dxcr1h2eM5dgYeWjCQ41H,59
KEY,6XXKPxRX2WWPPtfodzpc2v,CoolAs,4SWwAqfQQrqWGm4t5573MA,56
Dreamcatcher,5V1qsQHdXNm4ZEZHWvFnqQ,Shatter,2pje4AQVUQuEbVTcNlnZ5v,58
8TURN,7tCg9aiVKZ5Cmhbfb7UoqM,TIC TAC,60Oo6tKR0ckwZsRr95NrjL,57
JEON SOMI,7zYj9S9SdIunYCfSm7vzAR,The Way,3b098hlA2uM27cENS4MI4g,54
Stray Kids,2dIgFjalVxs4ThymZ67YCE,There,6gHeWGamtOYHBd1LBZ7Fv6,59
Xdinary Heroes,1khChLj7REGqjM043PlYyn,Break the Brake,35tFDNRthpr63bVGF7G8GB,59
Eric Nam,2FLqlgckDKdmpBrvLAT5BM,House on a Hill,1nrrgAOPGSnBZ3KB3maQYj,54
BLACKSWAN,2ujaWf015QoP7x1u20Yq5G,Cat & Mouse,1gL38pTAlg8M9aypzumft8,55
ITZY,2KC9Qb60EaY0kW4eH68vr3,STYLE,0aZ8DSEdBJbBfrNtnqgJy3,59
TWICE,7n2Ycct7Beij7Dj7meI4X0,BLAME IT ON ME,2hQdmjAhYEuMuqNWZCsz1J,59
Crush,6aLdhHUqgdKE86xbtNmY8g,Ego,6YniytuSunB9HefGf4IxO9,56
Xdinary Heroes,1khChLj7REGqjM043PlYyn,PLUTO,261HjCXIPx0G5RAR7W660r,59
D.O.,2CQZr2RPZmrcvDnaod1ldC,Ordinary Days,6nZqsYlVsAAN4Q0MHVnLis,62
(G)I-DLE,2AfmfGFbe0A0WsTYm0SDTx,Paradise,0M0LPSeg23xSAELGs2TbXf,59
(G)I-DLE,2AfmfGFbe0A0WsTYm0SDTx,Lucid,4fg42mtrSFuKQ9NYBboiiN,59
LE SSERAFIM,4SpbR6yFEvexJuaBpgAU5p,Burn the Bridge,3NJ5Ksj7LNbvfNgEtl3o6Z,58
Jung Kook,6HaGTQPmzraVmaVxvz6EUc,3D (feat. Jack Harlow) (A. G. Cook Remix),7fQKDpB4i0hiQacjVCXVU2,59
Jung Kook,6HaGTQPmzraVmaVxvz6EUc,Seven (David Guetta Remix - Extended),0EGVwtzxVKpwRP30ydQ8mZ,59
Eric Nam,2FLqlgckDKdmpBrvLAT5BM,Exist,5pN3aV3fTyaXOJzlb6Q9Hz,52
WayV,1qBsABYUrxg9afpMtyoFKz,Moonlight,3gTMZvfiqvg5zq2V5gO8g0,57
TOMORROW X TOGETHER,0ghlgldX5Dd6720Q3qFyQB,Back for More (with Anitta),1p0kTGMwMtSTcV7fAnkkQc,61
SHINee,2hRQKC0gqlZGPrmUKbcchR,JUICE,2ka8U0A2e93hBFA43mbgfy,56
j-hope,0b1sIQumIAsNbqAoIClSpy,Future (Lollapalooza ver.),4Q6S4uWD8dwpWiI3VkdBuV,59
IVE,6RHTUrRF63xao58xh9FXYJ,Cherish,3cw6T3OEgqLiqEDLDQPSnE,59
Eric Nam,2FLqlgckDKdmpBrvLAT5BM,Sink or Swim,5BFxJxzNIft1OegdFpdY8M,53
NCT U,3paGCCtX1Xr4Gx53mSeZuQ,Alley Oop,2lycyC7AIOSp811aJ5aRXR,47
tripleS,5Z71xE9prhpHrqL5thVMyK,Invincible,3FWXkGqJx0giJzQNqkcK74,59
Jung Kook,6HaGTQPmzraVmaVxvz6EUc,Seven (feat. Latto) (Lofi Mix),0anAdKplcEJcshuFGZS3cN,61
XG,0LOK81e9H5lr61HlGGHqwA,NEW DANCE,4P2ejFquT39cypsCqmTz68,58
Jack Harlow,2LIk90788K0zvyj2JJVwkJ,Questions,1vB79KSHk7mAMufH8AHniQ,54
IVE,6RHTUrRF63xao58xh9FXYJ,Mine,2wsRZURBbDbaQUuVT9piu1,59
VIVIZ,7Lq3yAtwi0Z7zpxEwbQQNZ,PULL UP,4Jmrkz9hytD3jaLDkZ7Qvc,59
Dreamcatcher,5V1qsQHdXNm4ZEZHWvFnqQ,We Are Young,0qYwBOEOOscarO6LZceSL2,57
j-hope,0b1sIQumIAsNbqAoIClSpy,STOP (Lollapalooza ver.),5m5te1JAMYvJmEa5XnGTWi,59
NCT 127,7f4ignuCJhLXfZ9giKT7rH,Real Life,5eVxIY8kTGe9czhM5SCeR0,52
EXO,3cjEqqelV9zb4BYE3qDQ4O,Hear Me Out,09C8pAhOWcDiLL1n1I6lqt,58
MISAMO,0IwZVmMMGE7nNXS7vN9SIo,Marshmallow,1V6H3YoNZJ2WlPmwsaOXZx,58
WayV,1qBsABYUrxg9afpMtyoFKz,Lighthouse,3z4fGp3zP8dINj4s6fSRdW,56
FIFTY FIFTY,4GJ6xDCF5jaUqD6avOuQT6,Cupid - Twin Ver.,0ZPYk85XfogUvnT16z2WkC,0
FIFTY FIFTY,4GJ6xDCF5jaUqD6avOuQT6,Cupid - Twin Ver.,1XpVFjcBFYJryM33zho6QG,0
FIFTY FIFTY,4GJ6xDCF5jaUqD6avOuQT6,Cupid - Twin Ver.,4h7fdS3YNEQ9W4UwhMXfMK,0
FIFTY FIFTY,4GJ6xDCF5jaUqD6avOuQT6,Cupid - Twin Ver.,3wpya0FSkhdFJaNoM6PYGG,0
FIFTY FIFTY,4GJ6xDCF5jaUqD6avOuQT6,Cupid - Twin Ver.,2v36kKQQ1qcO963z3EwGYk,0
FIFTY FIFTY,4GJ6xDCF5jaUqD6avOuQT6,Cupid - Twin Ver.,3tdSWzq8Ksz7en2ZnPmOAw,2
FIFTY FIFTY,4GJ6xDCF5jaUqD6avOuQT6,Cupid - Twin Ver.,1d2D1EyyF94JFIfzwiFI1B,0
FIFTY FIFTY,4GJ6xDCF5jaUqD6avOuQT6,Cupid - Twin Ver.,6MW2kyuRK4GwUTqzUcJiL9,0
FIFTY FIFTY,4GJ6xDCF5jaUqD6avOuQT6,Cupid - Twin Ver.,0PxzjoUSCG7GtSjdSKUY4o,0
FIFTY FIFTY,4GJ6xDCF5jaUqD6avOuQT6,Cupid - Twin Ver.,2Ta0FR1Uf8lJaQcDtDbCuk,0
FIFTY FIFTY,4GJ6xDCF5jaUqD6avOuQT6,Cupid - Twin Ver.,28t4ABlXGPSuFp9VmWowO8,0
FIFTY FIFTY,4GJ6xDCF5jaUqD6avOuQT6,Cupid - Twin Ver.,4QCwWzzqV3slJvuZIqCL3G,0
FIFTY FIFTY,4GJ6xDCF5jaUqD6avOuQT6,Cupid - Twin Ver.,5LHZpdMOGawsNAbC0xn6p1,0
FIFTY FIFTY,4GJ6xDCF5jaUqD6avOuQT6,Cupid - Twin Ver.,2ICycSRrZDsyLRwsjdkVwi,0
FIFTY FIFTY,4GJ6xDCF5jaUqD6avOuQT6,Cupid - Twin Ver.,00bzIN6srMAYiam7tZ0zah,0
FIFTY FIFTY,4GJ6xDCF5jaUqD6avOuQT6,Cupid - Twin Ver.,5LHZpdMOGawsNAbC0xn6p1,0
FIFTY FIFTY,4GJ6xDCF5jaUqD6avOuQT6,Cupid - Twin Ver.,2ICycSRrZDsyLRwsjdkVwi,0
FIFTY FIFTY,4GJ6xDCF5jaUqD6avOuQT6,Cupid - Twin Ver.,3CxkWCkTQ7YY5D3ZKlMOyH,0
FIFTY FIFTY,4GJ6xDCF5jaUqD6avOuQT6,Cupid - Twin Ver.,5j49PHwqmgkQPlA7dDah9q,0
FIFTY FIFTY,4GJ6xDCF5jaUqD6avOuQT6,Cupid - Twin Ver.,4IxAB8NjzFHts1OGxs3Aqe,0
FIFTY FIFTY,4GJ6xDCF5jaUqD6avOuQT6,Cupid - Twin Ver.,7fg3kZXdD8s5ZloXHIVOkB,0
KISS OF LIFE,4TEK9tIkcoxib4GxT3O4ky,TTG,3qqwxYn7GZhwRa93L388oA,57
MARK,70DFixYAFPv4Pf9kgSfR9O,Golden Hour,14sD1EmQ20kSJY3P0M82MY,59
D.O.,2CQZr2RPZmrcvDnaod1ldC,Wonder,6piqcwymeAa2yyqIP8AjNj,61
WayV,1qBsABYUrxg9afpMtyoFKz,Be Alright,4nx1ofp6LiFPZCWM952mXG,56
THE BOYZ,0CmvFWTX9zmMNCUi6fHtAx,LIP GLOSS,5yREbqEnoqMRuIOQ60t6as,58
LE SSERAFIM,4SpbR6yFEvexJuaBpgAU5p,Perfect Night (Slowed + Reverb ver.),5sVWwPuoQlZpvAFcF0MMjf,58
Xdinary Heroes,1khChLj7REGqjM043PlYyn,Freddy,4Zse4Tu3LKmkiGZlujIHGO,58
WOODZ,6y9nlaoynxSvoTGY09Vdcy,Drowning,4xeugB5MqWh0jwvXZPxahq,58
Parc Jae Jung,7kXQtwn3ZRTBc8JYNyGwQy,Let's Say Goodbye,2KNEK9rGKQKKNE6FTt8PvQ,55
Eric Nam,2FLqlgckDKdmpBrvLAT5BM,undefined,1HqnN6edmkJ24A7xc7KKkz,52
aespa,6YVMFz59CuY7ngCxTxjpxE,Welcome To MY World (feat. nævis),3q5qpprtugUIEPExuI7tRD,59
D.O.,2CQZr2RPZmrcvDnaod1ldC,The View,5MvrUHwkiKxT18YmmnBh5Y,61
LE SSERAFIM,4SpbR6yFEvexJuaBpgAU5p,"Eve, Psyche & the Bluebeard’s wife (feat. Demi Lovato)",5zYrD1r49ex3WJk6iVIhfw,59
ITZY,2KC9Qb60EaY0kW4eH68vr3,Sugar-holic,47YvjyoCQpYwZbRj0Rs985,55
LE SSERAFIM,4SpbR6yFEvexJuaBpgAU5p,Choices,0THn1agoZT9wJXkITUz6dJ,59
THE BOYZ,0CmvFWTX9zmMNCUi6fHtAx,ROAR,7yP9oxhtOozkCptLHJoq3l,55
D.O.,2CQZr2RPZmrcvDnaod1ldC,Lost,5XLb6KA3Iykc5bY8vSk9Sq,60
Jung Kook,6HaGTQPmzraVmaVxvz6EUc,3D (feat. Jack Harlow) (Sped Up),1ewYtP6BZlak8qokzZe4Bx,58
(G)I-DLE,2AfmfGFbe0A0WsTYm0SDTx,All Night,1abAIeSQCbdPcxWgiwDOmL,58
HYOLYN,78sJswwVn4P8aEhkF4K6fQ,This love (feat. Paul Blanco),7vgvV8dD2L0l7pMSOBPD26,55
NCT DOJAEJUNG,0W0w607z3JEA1vXLz9FVGw,Can We Go Back,5pclRrU254BhS94sYWeCxt,57
Jay Park,4XDi67ZENZcbfKnvMnTYsI,Rock With You - Spotify Singles,1hncbzqfhChm8PS0UeoVY6,57
THE BOYZ,0CmvFWTX9zmMNCUi6fHtAx,Honey,7ibId5hMDtmIVei21YXEYd,56
KISS OF LIFE,4TEK9tIkcoxib4GxT3O4ky,Bye My Neverland,7n6L2QVQ0eDqXUVRZ8qpY8,57
Jay Park,4XDi67ZENZcbfKnvMnTYsI,Love Is Ugly (Feat. Hwa Sa),3MUmPh3UxWs9p25e6B3M7N,56
XG,0LOK81e9H5lr61HlGGHqwA,LEFT RIGHT REMIXX - FEAT. CIARA & JACKSON WANG // PROD BY JAKOPS,4Fd2BjzdKHzrc2uY7zmMar,57
BSS,1uAT5bTSp6dWbNmixIUP5t,LUNCH,0MMIrw3mCssQj4uqJlBzdp,60
NCT U,3paGCCtX1Xr4Gx53mSeZuQ,Kangaroo,6b30ItDzcKL2oLwW8p7cRa,46
JEON SOMI,7zYj9S9SdIunYCfSm7vzAR,Pisces,32g63Iumwcy21B2W31onXw,51
TREASURE,3KonOYiLsU53m4yT7gNotP,B.O.M.B - KABOOM ver.,435tPAXJyzIEBzxYsHeUhd,52
LE SSERAFIM,4SpbR6yFEvexJuaBpgAU5p,"Eve, Psyche & the Bluebeard’s wife (Rina Sawayama Remix)",7y2WZKii5EQkpGUef37XkR,56
Weeekly,73B9bjqS2Z5KLXNGqXf64m,VROOM VROOM,4lOlKcHOovGeQtCGWnEzKy,56
Dreamcatcher,5V1qsQHdXNm4ZEZHWvFnqQ,Intro : This My Fashion,3j7Jy420l2J0ZpfWuVlhBQ,54
ITZY,2KC9Qb60EaY0kW4eH68vr3,Bratty,5Z0gyPr6idyscwLribVpFH,54
Crush,6aLdhHUqgdKE86xbtNmY8g,Bad Habits (Feat. LeeHi),6HKktb4MMeYSKFnNExGfKg,52
Jimin,1oSPZhvZMIrWW5I41kPkkY,"Angel Pt. 1 (feat. Jimin of BTS, JVKE & Muni Long) - Trailer Version",2rgCR1PPHPGJBppdBOqor0,58
EXO,3cjEqqelV9zb4BYE3qDQ4O,Cinderella,7I5GXijbz8XNZjbn45t8bu,58
Loco,2e4G04F77jxVuDYo44TCSm,NOT OK (Feat. MINNIE),0tSDqQOK8EgoRxYXWkP5rR,56
MISAMO,0IwZVmMMGE7nNXS7vN9SIo,Behind The Curtain,14nturKxV48wR3lbknehiu,59
NCT DREAM,1gBUSTR3TyDdTVFIaQnc02,Blue Wave,4qJYwbYkxvijEEbTk5uF4m,53
STAYC,01XYiBYaoMJcNhPokrg0l0,﻿I Wanna Do,4o5kutixgRy60bljwP4zyr,52
KISS OF LIFE,4TEK9tIkcoxib4GxT3O4ky,My 808,4eYHnUeE6mVXKg6S7kOatk,56
xikers,6QHP8St0MzfNDqjKpwtMht,Koong,3qiAJa0kAWCYigVU4oflbC,53
XG,0LOK81e9H5lr61HlGGHqwA,GRL GVNG,2YLwxR4HLqsBdQG2Uw3J5C,56
xikers,6QHP8St0MzfNDqjKpwtMht,DO or DIE,6brb7SXjhqHOxsj0jkyQVH,54
SEVENTEEN,7nqOGRxlXj7N2JYbgNEjYH,Sara Sara,0aLkYYO8w7T0U2Vhb0pe2O,57
Jimin,1oSPZhvZMIrWW5I41kPkkY,Angel Pt. 2 - Acoustic Version,46rplB2GaD79JaBn94qfqi,57
Billlie,2GQxKDojobwBjZMPf7aoh0,BYOB (bring your own best friend) (English Ver.),7HHXNsEX2efKGaPGq7xHk2,53
DKB,4DoedGw38ubJdAT1edFsIx,All Yours,4JtKUwFm3pMmnFfKL8Xdh1,51
Jung Kook,6HaGTQPmzraVmaVxvz6EUc,3D (feat. Jack Harlow) (Slowed Down),0dzT72K2RElXDMuMOyuKOI,57
Stray Kids,2dIgFjalVxs4ThymZ67YCE,There,3jHSFa6SJUwp4Za5DNEaCh,55
Crush,6aLdhHUqgdKE86xbtNmY8g,No Break (Feat. Dynamicduo),7ptvAVljlaWLh8jzF4fzjd,52
THE BOYZ,0CmvFWTX9zmMNCUi6fHtAx,Rat In The Trap,2Qzhytub5VZr5pnanz3EAa,55
NCT DREAM,1gBUSTR3TyDdTVFIaQnc02,SOS,41N6tMSAvEqQf9t3jDqaWa,53
H1-KEY,5GwQwY63I9hrUUFlQB8FYU,Rose Blossom,29j6SXQOmfSbiemMriO25W,57
IVE,6RHTUrRF63xao58xh9FXYJ,NOT YOUR GIRL,05aq7OhxdoLiUKOigmiqcj,58
Jack Harlow,2LIk90788K0zvyj2JJVwkJ,No Enhancers,2IUufUksvNg2TfQ3qYyPk9,52
IVE,6RHTUrRF63xao58xh9FXYJ,궁금해 (Next Page),5vYsQareJoW2jRJjiTFo6K,57
XG,0LOK81e9H5lr61HlGGHqwA,TGIF,1yA3dhcyPsVY5rDJ9V8cOD,57
EXO,3cjEqqelV9zb4BYE3qDQ4O,Hear Me Out,44EXniDpWap2veS1gH1svO,57
wave to earth,5069JTmv5ZDyPeZaCCXiCg,akira,442Jhyz6R651pFVegY6DPl,53
EXO,3cjEqqelV9zb4BYE3qDQ4O,Love Fool,6xiWbjsJD3pBKdM8tH46qH,57
EXO,3cjEqqelV9zb4BYE3qDQ4O,Private Party,6UbC3x9AIQEnJn5CLrtXge,56
STAYC,01XYiBYaoMJcNhPokrg0l0,﻿Not Like You,1HnJhU3MhAnRQzdkFm6xQr,51
JEON SOMI,7zYj9S9SdIunYCfSm7vzAR,Fxxked Up,2WnW22LCBA3fW2ZpXeuzeC,52
STAYC,01XYiBYaoMJcNhPokrg0l0,﻿Be Mine,3g4jq4wctEo0fVaTDKjk3Q,51
TWICE,7n2Ycct7Beij7Dj7meI4X0,Hare Hare,3QcJghvqRS17RoPPP0C2sp,57
ENHYPEN,5t5FqBwTcgKTaWmfEbwQY9,BLOSSOM,1kfpDfQdK7oDxfw4XgSJT1,58
D.O.,2CQZr2RPZmrcvDnaod1ldC,I Do,0ZcR7coiBX0o874aaB3HtQ,59
DAWN 던,7DxCK6bwfQC3F2ajZ02R2F,Dear My Light,0UXLLeFAFbo5JbSR9C4STe,56
Jung Kook,6HaGTQPmzraVmaVxvz6EUc,Seven (feat. Latto) (Nightfall Mix),2D9Xezc9lJi8Dk088VyQt1,57
KEY,6XXKPxRX2WWPPtfodzpc2v,Killer,62DuGCeDO3gfVkKe0gBM9m,55
KAI,6iVo62B0bdTknRcrktCmak,Say You Love Me,6eTTfUgRT21VXq2C2eJ9F3,53
aespa,6YVMFz59CuY7ngCxTxjpxE,'Til We Meet Again,60Uio68M57PwKEgZxSutL6,58
Crush,6aLdhHUqgdKE86xbtNmY8g,Satisfied (Feat. PENOMECO),098PNoz1gqOosflpfTjyqh,51
Eric Nam,2FLqlgckDKdmpBrvLAT5BM,Don't Leave Yet,2YGLz59p5T0CMXeceMltiD,53
xikers,6QHP8St0MzfNDqjKpwtMht,ROCKSTAR,34St2IIfAjXcb18wVUYd3x,54
MISAMO,0IwZVmMMGE7nNXS7vN9SIo,Rewind you,1ND5rLpNQsyLxRd84HysSn,55
NCT DOJAEJUNG,0W0w607z3JEA1vXLz9FVGw,Strawberry Sunday,0Ki5UBToUGKXAQp1JxvRDb,54
ODD EYE CIRCLE (ARTMS),10NiYZbV1kGr5cBygKTS5J,Love Me Like,6RfJoChxhURYpzwb7ixpsK,51
THE BOYZ,0CmvFWTX9zmMNCUi6fHtAx,Bad Luck,0NRgCTU8TTaiVlbqcNblyJ,54
IVE,6RHTUrRF63xao58xh9FXYJ,Heroine,171vXOYrexGMVNEMA5rs00,57
BOYS PLANET,49pGKUCSjzaCfv8gdTWG98,Hot Summer,4eSaL5oRwSHcMGvmIrgYzP,58
LE SSERAFIM,4SpbR6yFEvexJuaBpgAU5p,Guardian,1hXpqrmqmlYMfpF23fb8mK,57
PURPLE KISS,62T5PGHWJ9sxP2SJq20IHq,7HEAVEN,3ZvaNnxZATJ4bA41Vkbssc,52
TOMORROW X TOGETHER,0ghlgldX5Dd6720Q3qFyQB,Do It Like That (Alan Walker Remix),3a5wHq45xKCNbSwHDnlnjZ,57
xikers,6QHP8St0MzfNDqjKpwtMht,XIKEY,4cSe8fDRrmCnYmuG7KvQVe,53
KAI,6iVo62B0bdTknRcrktCmak,Bomba,1E6H8b0dUuCt7vbBgL1Fvm,55
aespa,6YVMFz59CuY7ngCxTxjpxE,Better Things - RAYE Remix,3IOVhVnwfw2xglOYei2JAn,52
Xdinary Heroes,1khChLj7REGqjM043PlYyn,AGAIN? AGAIN!,1ALPvZKZFS8S5Ocbb2cDQ4,56
P1Harmony,3JjvsPeGMbDJqsphe2z8xU,I Am You,4TCMqZKv4EHCIiCHtUxM1I,52
Xdinary Heroes,1khChLj7REGqjM043PlYyn,Enemy,7pg7o3IJgioG99rhJ04UR5,55
NCT 127,7f4ignuCJhLXfZ9giKT7rH,Skyscraper,6LZWHcYQBumgCzdeLsuqDe,50
THE BOYZ,0CmvFWTX9zmMNCUi6fHtAx,CRYING&LAUGHTER,4hCNTPUYk8KArAaNqfKHo0,53
ATEEZ,68KmkJeZGfwe1OUaivBa2L,Limitless,3nOhOCmYzbMtLENk6nlCfk,53
A.C.E,25KT93FeotUTHC1dbLasxi,Effortless,73XDntqg3Tj0QkV3gzEMwe,53
Crush,6aLdhHUqgdKE86xbtNmY8g,Me Myself & I,65bubj32HiPvn5NglTiU1s,50
TWICE,7n2Ycct7Beij7Dj7meI4X0,Catch a Wave,2MbxU95EQZbdRo0biiC6M2,56
TREASURE,3KonOYiLsU53m4yT7gNotP,I WANT YOUR LOVE,3DroKwwfUSuNPqft7adpVm,50
Tech N9ne,6UBA15slIuadJ8h2lPRPos,Wanna See Me Fall,2RL7SOWWbKW9o5pdcbN4q0,48
LIGHTSUM,57HNdw2ObRmfwWHG8Xhs8t,Honey or Spice,1HHUeCHpCsZc64LNHzKPNA,54
LE SSERAFIM,4SpbR6yFEvexJuaBpgAU5p,The Hydra,72RWX5lMa27RQG5DzbGaoj,54
Whee In,0BqRGrwqndrtNkojXiqIzL,17 (feat. HWASA),5oknnyyDpnDXOCCVW1hnoT,55
EXO,3cjEqqelV9zb4BYE3qDQ4O,Regret It,21bzlRvgyr4nHdav7ayosn,56
NCT U,3paGCCtX1Xr4Gx53mSeZuQ,That's Not Fair,5NXrKZbi6XlxtIGvGdqGb8,44
TOMORROW X TOGETHER,0ghlgldX5Dd6720Q3qFyQB,Magic,6KFhu3gk0whUnGCeOjkL8A,54
Xdinary Heroes,1khChLj7REGqjM043PlYyn,Paranoid,1FDncYodOcfTivPnCjBpU1,55
EXO,3cjEqqelV9zb4BYE3qDQ4O,No Makeup,3pT5BuUxD9wwpyR3F6u92U,56
B.I,0UntV1Bw2hk3fbRrm9eMP6,Dare to Love (feat. BIG Naughty),6odZjB2Z1T2iJTf5bbqUIe,57
IVE,6RHTUrRF63xao58xh9FXYJ,Shine With Me,3L7pilDxJhZz1fP6t4D9P9,57
Crush,6aLdhHUqgdKE86xbtNmY8g,EZPZ,110LVdohDJs6uoD06s6j5D,49
Crush,6aLdhHUqgdKE86xbtNmY8g,Monday Blues,3ZUc4amdm0wIfNbfOsnSFn,49
Kep1er,5R7AMwDeroq6Ls0COQYpS4,Back to the City,2Zx7YnpyTsQvjAf9elDsgX,53
THE BOYZ,0CmvFWTX9zmMNCUi6fHtAx,Escape,00t6jLC9nXx8GtaagqXeSG,52
Epik High,5snNHNlYT2UrtZo5HCJkiw,Catch (Feat. Hwa Sa),6Uvj0I6nDoxTmIZQwOZqvQ,52
Crush,6aLdhHUqgdKE86xbtNmY8g,New Day,1E6BTmdtHAqbsF3kfTcI1j,49
Crush,6aLdhHUqgdKE86xbtNmY8g,Deep End (Feat. AMAKA),2aO9G7A9GKuymsU6BYZTFI,49
BIG Naughty,7cEaNXXTHx3LokbjUUyHal,Daylight,47IR3M0E9QwPoYsdIKwVpr,60
Stray Kids,2dIgFjalVxs4ThymZ67YCE,Scars,0iWdGvKnDkTOG6VCQQJIL0,55
BIG Naughty,7cEaNXXTHx3LokbjUUyHal,Vancouver 2,2fiI6e0WxyZB3QnmRxYGPg,57
Jung Kook,6HaGTQPmzraVmaVxvz6EUc,Seven (feat. Latto) (Island Mix),3OqmZ2v1ljFsPwhlKYRSmz,56
P1Harmony,3JjvsPeGMbDJqsphe2z8xU,Love Me For Me,4x9XxT8Ix9FK7iHClslnCg,51
Mahmoud Al Turky,1GVRoyErxhZGdvmOKGO7W7,Asheq Majnoon,5orvt7dTDRMeAnP0xw5GEV,61
P1Harmony,3JjvsPeGMbDJqsphe2z8xU,More Than Words,23z6cVGSolbKjBZ58cAdpC,50
CIX,1lHfzEkKmmvdVDDDLKkcsd,"Save me, Kill me",0Z5gF9M35PmrQooN2lDlkK,55
Xdinary Heroes,1khChLj7REGqjM043PlYyn,Man in the Box,3MQsY7Kjs0jw25AvqatkQU,55
THE NEW SIX,0DRiXmEOc6dJ6Rug3xi4HZ,Kick It 4 Now,5oyt64vcLF0MwDq5XNgx86,54
Jung Kook,6HaGTQPmzraVmaVxvz6EUc,Seven (feat. Latto) (Festival Mix),79DU9AWxpMpKsGS5yps6sp,56
Xdinary Heroes,1khChLj7REGqjM043PlYyn,Bad Chemical,4wVgYaExlt4G7oBBMYcWTO,54
ENHYPEN,5t5FqBwTcgKTaWmfEbwQY9,Bite Me - Japanese Ver.,0INxaaPlo9DnT0OYEzHdsk,58
Crush,6aLdhHUqgdKE86xbtNmY8g,A Man Like Me,6SKDNyyewsiFTNbVt2DDmI,48
NCT DREAM,1gBUSTR3TyDdTVFIaQnc02,Best Friend Ever,1Z5Dmg7Dvu0X4oSdqLZ3Lu,58
KISS OF LIFE,4TEK9tIkcoxib4GxT3O4ky,Says It,76QiMQU5Nu61OWrxbp6RI8,54
B.I,0UntV1Bw2hk3fbRrm9eMP6,4 Letters,66bhW33qGtoNu3LQM5W70Z,53
aespa,6YVMFz59CuY7ngCxTxjpxE,We Go,7hxvMTEUOXEKDZ3nnUqbdJ,56
KISS OF LIFE,4TEK9tIkcoxib4GxT3O4ky,Bad News (ENG Ver.),67deH3jRhQXDBmNKIvb2PV,54
NCT U,3paGCCtX1Xr4Gx53mSeZuQ,Interlude: Oasis,5vJQ9vMJUE585xcIC5RPW9,43
Stray Kids,2dIgFjalVxs4ThymZ67YCE,CHILL -Japanese ver.-,77hrd0E1jOlJ4Gw5Dqzyoz,56
KISS OF LIFE,4TEK9tIkcoxib4GxT3O4ky,Gentleman,5JjVCxjqX1zwZc5MRa39ly,53
TEMPEST,1iyFL3CRuKW7PXgPH4VxSP,Vroom Vroom,0MHiMXXoCcgzZVk33HLWmL,65
SUNMI,6MoXcK2GyGg7FIyxPU5yW6,덕질 (Call my name),3616bZAuzinwxMPqj4RmRg,52
B.I,0UntV1Bw2hk3fbRrm9eMP6,All shook up (feat. AGNEZ MO),7BUK2H9KPXadsqsPP0Vl3f,52
VIVIZ,7Lq3yAtwi0Z7zpxEwbQQNZ,Overflow,0gXnPSw0oZxoJdbNulAG3b,54
Crush,6aLdhHUqgdKE86xbtNmY8g,SHE,2ayE0A2tlGTLLtmcKxU34g,47
TAEYONG,6SKusTjOAPsTZ6kareKQdm,"Swipe (Prod. C-Young, Alawn)",2ltAOiSmMdUu3tVQSJVReP,57
NCT DREAM,1gBUSTR3TyDdTVFIaQnc02,Broken Melodies,5XbMuDOEeZV7S9qXS6yl6N,42
SEVENTEEN,7nqOGRxlXj7N2JYbgNEjYH,Sara Sara,7blRMabWMREl9clNkAhvFS,55
j-hope,0b1sIQumIAsNbqAoIClSpy,= (Equal Sign),0uTKGno7UM5vOgdjYHCnYC,56
Tech N9ne,6UBA15slIuadJ8h2lPRPos,W H A T (We're Hungry And Thirsty),1xchavtkdRjf2oPqfbWebo,46
Dreamcatcher,5V1qsQHdXNm4ZEZHWvFnqQ,REASON,2oljPlhOzzWrqkTuAhKwzi,53
TREASURE,3KonOYiLsU53m4yT7gNotP,MOVE (T5),6ce3rQ3j3vfRics2YiHWbW,49
xikers,6QHP8St0MzfNDqjKpwtMht,HOMEBOY,2OdKV7e53hgK7Rr2ptQiww,50
D.O.,2CQZr2RPZmrcvDnaod1ldC,Lost - Acoustic Version,5Y0HMEyzbmVdD5xudJSOrm,57
NCT DOJAEJUNG,0W0w607z3JEA1vXLz9FVGw,Dive,7MosmUFQt3qNapB3K2zk1x,53
KISS OF LIFE,4TEK9tIkcoxib4GxT3O4ky,Countdown (BELLE Solo),3pJbio7BQLvqNne62Xe73I,54
ODD EYE CIRCLE (ARTMS),10NiYZbV1kGr5cBygKTS5J,My Secret Playlist,241vibLZjx7i0TfOSDzUzN,50
ONEUS,3CVYSpM7nfHFG5qCTW7Ht9,ERASE ME,1K2cYJekjVTqjSPJdLhGQB,53
ODD EYE CIRCLE (ARTMS),10NiYZbV1kGr5cBygKTS5J,Lucid,46Vm2wvfccoRaUyMoPDEuR,49
Golden Child,5zShiwTHlygdfsXj6eavTu,Feel me,3hUmntqwqsjG9PJjih9OIT,55
SHAUN,72nLe76yBFSlP6VBzME358,Steal The Show,2xGRrcajSvRlBbAXds2l7u,56
Jack Harlow,2LIk90788K0zvyj2JJVwkJ,They Don't Love It,4YnazaBNYt86O9KhwjH9NA,52
NMIXX,28ot3wh4oNmoFOdVajibBl,My Gosh,34UmtfADjmo12Jek6LpzQe,52
ITZY,2KC9Qb60EaY0kW4eH68vr3,Sugar-holic,1Vh2ekniDHYgEsQGX76VXt,51
JOOHONEY,4rpOWirhzqN7NPgRX76l1k,FREEDOM,5UA91Wf0dAxnCPbFdJJv0a,52
KANGDANIEL,5vGoWnZO65NBgiZYBmi3iW,SOS,3x9zIsVAQUNvU3J2tR58Di,61
MISAMO,0IwZVmMMGE7nNXS7vN9SIo,It's not easy for you,1qNk7XPTbyuO4bsDl0T6nN,55
LE SSERAFIM,4SpbR6yFEvexJuaBpgAU5p,The World Is My Oyster (2023 Ver.),2JGsTyLC4gLCWXVmvUn5Wi,53
Jackson Wang,1kfWoWgCugPkyxQP8lkRlY,Cheetah,76WMXf8zWfpNLgOZbU2ej8,53
(G)I-DLE,2AfmfGFbe0A0WsTYm0SDTx,Peter Pan,4QbdGSGyECE7IRtjolOkjO,54
Tech N9ne,6UBA15slIuadJ8h2lPRPos,Tell Everyone,2URpmILVPQ3tUe4g0DATNk,46
TAEYONG,6SKusTjOAPsTZ6kareKQdm,RUBY,5tT5JkfzoiOx1rCNKYiE0Y,55
Crush,6aLdhHUqgdKE86xbtNmY8g,For Days to Come,39DbWkKmYE0j4nEnp4TMP2,46
CRAVITY,6FkhUhUwSPl3mGB6mmE8wn,Ready or Not,5ArnumzuZkiaSmZaxPsQfh,52
Epik High,5snNHNlYT2UrtZo5HCJkiw,Screen Time (Feat. Hoshi of SEVENTEEN) - B-Roll Version,5wGg3XXTgENKBTSc1M5TNR,52
Crush,6aLdhHUqgdKE86xbtNmY8g,GOT ME GOT U,35jlQdFrP1DGPhIv8r0rbA,46
Sung Si Kyung,7jFUYMpMUBDL4JQtMZ5ilc,Even for a moment,1nS7nL6Kyh8p0DOglJTdfD,52
Crush,6aLdhHUqgdKE86xbtNmY8g,Nothing Else (Feat. Kim Ximya),1d1yzOq8VHkoLCa0kBrmXp,46
Crush,6aLdhHUqgdKE86xbtNmY8g,Remember Me,70rGAwgvjdi1dqOdSccIcT,45
Say Yes!,7sPKpBhx7fwPp9wMGYvQJI,Say My Name,2lDOkJgVMNz4iMmoAHhhqC,58
BLACKSWAN,2ujaWf015QoP7x1u20Yq5G,Karma,0AZ5C3305mRKWX1x0hDF39,53
Suzy,4U80LJd8sG6U9YTFP5izka,Ordinary Days,1dOHnOPWXfUjDtrCq5HNHg,58
EXO,3cjEqqelV9zb4BYE3qDQ4O,Another Day,7BE2rwnP5B2bCeLLpY40Tm,54
Eric Nam,2FLqlgckDKdmpBrvLAT5BM,House on a Hill (feat. Em Beihold),0UyRFcsiHYGq4c4NhAN9jZ,47
j-hope,0b1sIQumIAsNbqAoIClSpy,Safety Zone,2WwmLOkTON4hjrMJz72ZfT,54
NCT U,3paGCCtX1Xr4Gx53mSeZuQ,N.Y.C.T,4ksIFsGXezKXZX91dE6ClJ,56
BOYS PLANET,49pGKUCSjzaCfv8gdTWG98,Here I Am,5ZMbkW9TYzmKyod6FCIS4Q,58
Dreamcatcher,5V1qsQHdXNm4ZEZHWvFnqQ,DEMIAN,2k2stGWMSU85UayvEGlm5W,50
j-hope,0b1sIQumIAsNbqAoIClSpy,Future,1Vs20by3VD5F1MSschAF7A,54
Jung Seung Hwan,7l8rOFwZFQ3G0sgZ7gjGng,Night and Day,37x2x6UQfUcvbM8NVHRngO,58
Eric Nam,2FLqlgckDKdmpBrvLAT5BM,House on a Hill,45j87ToTmijZzMNxtotmXa,48
Tech N9ne,6UBA15slIuadJ8h2lPRPos,What Happened To You?,3LShZ4s9iytJFDlw5IpQ3l,45
j-hope,0b1sIQumIAsNbqAoIClSpy,What if…,4vC2BY833RNjG04vTIozVB,54
tripleS,5Z71xE9prhpHrqL5thVMyK,Rhodanthe,5vJCtXQtKQOcGXCpiUXaIr,52
OMEGA X,2FJYWlqgtoiBtXpOy9GGIF,JUNK FOOD,5aEdNj5hYLKwSiO9vKK552,51
NCT U,3paGCCtX1Xr4Gx53mSeZuQ,Not Your Fault,3OECqiMnDCzadpOtUocKbE,42
Kep1er,5R7AMwDeroq6Ls0COQYpS4,Grand Prix,5btc1Il6aABmVNUOjooNK8,55
Sunwoojunga,04L3elxyr0XFua2Ek3domW,Silence,4jo1vWSksZ88INZrc3EEhz,56
MOONBIN&SANHA(ASTRO),2jrwm2knXPMawr5p8FuC2h,Madness,7n21DchMhEHga46iMecQHW,54
NMIXX,28ot3wh4oNmoFOdVajibBl,PAXXWORD,57IfwDNINXVRAWbmmaBcP9,51
Jack Harlow,2LIk90788K0zvyj2JJVwkJ,It Can't Be,02fSQ3XjizT3cktuKzD8Nh,48
WOODZ,6y9nlaoynxSvoTGY09Vdcy,Busted,2RUNqDPQJrxFjcwqn1jOqu,51
8TURN,7tCg9aiVKZ5Cmhbfb7UoqM,EXCEL,0hPbVp26JuqHo0N3JPvdDZ,51
Unknown Mortal Orchestra,1LeVJ5GPeYDOVUjxx1y7Rp,Meshuggah,7FpD6W73sZuEEp4dNRCwy9,49
TREASURE,3KonOYiLsU53m4yT7gNotP,MOVE (T5),7EtNbIeSYjE4PeitHqEHhs,50
SHINee,2hRQKC0gqlZGPrmUKbcchR,Identity,457PtRB1HpGS2gtAg7xDCA,51
iKON,5qRSs6mvI17zrkJpOHkCoM,PANORAMA,7DwR5sQ0kpwvAz60Fm0FEk,54
Youth Fountain,5e9SnnT1mabuWwjwu6FrZD,Clarity,4d8DQJotWKlumsOEUzQGVT,46
CRAVITY,6FkhUhUwSPl3mGB6mmE8wn,Groovy,7I2ue60s8PvCbc1Oovt5ph,51
VIVIZ,7Lq3yAtwi0Z7zpxEwbQQNZ,Up 2 Me,0QDDap5BWq7HMx1jBEYYMZ,52
En Butter,3X6XIt8zNXvrNzxb1R8TW5,En Garde,4GZvo0OL3BsRxNrj4TBeP3,56
NCT DREAM,1gBUSTR3TyDdTVFIaQnc02,Starry Night,2HdRqReasUB4xofQCoDoTX,48
THE NEW SIX,0DRiXmEOc6dJ6Rug3xi4HZ,Love or Die,5JDfcFU6lCYU7jQJ8dDo8v,52
xikers,6QHP8St0MzfNDqjKpwtMht,Oh My Gosh,49wfLT6fr1h53dNxIVENX5,48
NCT DREAM,1gBUSTR3TyDdTVFIaQnc02,Skateboard,7ik0uSROwZ9hxoFGsw6uPs,48
LE SSERAFIM,4SpbR6yFEvexJuaBpgAU5p,"Eve, Psyche & the Bluebeard’s wife (feat. UPSAHL)",2KsiPmkW27MalI0SqC64eI,53
STAYC,01XYiBYaoMJcNhPokrg0l0,﻿Bubble (English Ver.),3bcqk74mnFzQF2bfOMG7iK,48
NMIXX,28ot3wh4oNmoFOdVajibBl,Just Did It,5AgwBbICmOVLhl95tBiOg0,50
Xdinary Heroes,1khChLj7REGqjM043PlYyn,Dear H.,6yzHKyNLHZQDZzTuQrRF0G,52
Jimin,1oSPZhvZMIrWW5I41kPkkY,"Angel Pt. 1 (feat. Jimin of BTS, JVKE & Muni Long) - Sped Up",6USCIAcTHT2RMom8qXqMyk,54
Tech N9ne,6UBA15slIuadJ8h2lPRPos,Knock,3OFmFAEAfxNyJRAW0wLmfb,44
MISAMO,0IwZVmMMGE7nNXS7vN9SIo,Bouquet,2dHHrb7PVObPb4YWxGilXZ,57
VIVIZ,7Lq3yAtwi0Z7zpxEwbQQNZ,Day by day,5gWMqMujZfM4LxTpytCrAh,52
Youth Fountain,5e9SnnT1mabuWwjwu6FrZD,Requiem,4BmI59bDQEDaKKvkTeKAf3,45
xikers,6QHP8St0MzfNDqjKpwtMht,Doorbell Ringing,1CDZC8VcIcGogq04QT9DMU,47
ATEEZ,68KmkJeZGfwe1OUaivBa2L,DIAMOND,5sIcMld4YXTlTqztVEa3hU,50
tripleS,5Z71xE9prhpHrqL5thVMyK,Moto Princess,1AtwiyjNooO4O1M4gSgqto,50
Dreamcatcher,5V1qsQHdXNm4ZEZHWvFnqQ,BONVOYAGE (Farewell Ver.),4xiuarCywWiw9qESd8Y7ng,49
Dreamcatcher,5V1qsQHdXNm4ZEZHWvFnqQ,Propose,7k53fIe6dzMk96hF33FFOz,50
PARK WON,1XujSdsxykPhP3dn6HaT4l,It's You,3YP99J8wTzG55t1cFmd6iq,58
I.M,49tkHHS0mXwa5eLYvyvKyd,OVERDRIVE,5pGRo6KdVdD4LCg6A6awQT,51
HENRY,1sjw4xq2pAWy5Vdgba5QAt,MOONLIGHT,2T23r4De9TGsNRF4u7tU8p,50
j-hope,0b1sIQumIAsNbqAoIClSpy,Pandora's Box,2iKNuOB4pI4HgPsJk0BSsq,53
Tech N9ne,6UBA15slIuadJ8h2lPRPos,Wind Me Up,6Ksg3UYuF9OHv7T89Yiull,44
Bien,2zhossaaVN2pXg5p8o101X,Ma Cherie,3PemVHtCIb5abITSvos4Bq,57
KISS OF LIFE,4TEK9tIkcoxib4GxT3O4ky,Kitty Cat (JULIE Solo),6MiodzZmp1bKamgF3qhmre,52
tripleS,5Z71xE9prhpHrqL5thVMyK,Speed Love,1d8e5R5In6clY1iuqEncTk,49
ONEUS,3CVYSpM7nfHFG5qCTW7Ht9,Baila Conmigo (Spanish ver.),0KjwSPOY3Qvdmi0NrCm8gM,50
SHINee,2hRQKC0gqlZGPrmUKbcchR,Satellite,6WLEE2iZGMB3bVemgl1Kqc,50
OH MY GIRL,2019zR22qK2RBvCqtudBaI,Summer Comes,71DQGd44Wyie6hJu1yBzdQ,50
NCT 127,7f4ignuCJhLXfZ9giKT7rH,DJ,1JoWETByyP9pvWIS8xktfH,46
EVERGLOW,3ZZzT0naD25RhY2uZvIKkJ,Oh Ma Ma God,6ftW9kPR9V85vgjRhQqAlX,47
KAI,6iVo62B0bdTknRcrktCmak,Black Mirror,7iRF1psaTyvaVzyTvZhP91,50
fromis_9,24nUVBIlCGi4twz4nYxJum,Prom Night,3cgAt9gbx3cWz9tpvJXneZ,46
Whee In,0BqRGrwqndrtNkojXiqIzL,Bite Me (feat. HAON),2vOe1m6ve3m27MP4HuHMKq,50
Dafina Zeqiri,6V6mxrGG67IyLFy2l4poNZ,Drama,0pjKLW8KX17OqJa9jF6Qda,63
BTOB,2hcsKca6hCfFMwwdbFvenJ,Wind And Wish,0feBL3YZOwuLcVjTZhMjRZ,53
Whee In,0BqRGrwqndrtNkojXiqIzL,Spark,7zn7xlQdimyuU4nbenVE37,50
tripleS,5Z71xE9prhpHrqL5thVMyK,Beam,0yTzzLAb33g0JAKRWeYwTn,48
DAWN 던,7DxCK6bwfQC3F2ajZ02R2F,Heart,073peEPnngGh5Ovelt1H5e,51
EPEX,4e2umhzNHTSeQnSCWPN0uT,Sunshower,3fcDHjyxOQoGV4UuMdagu0,50
HYO,3U7bOaJLuFkrmDQ1C1OqKl,Picture,6sa8gVh0m5qFMeqk9liyXD,52
Tech N9ne,6UBA15slIuadJ8h2lPRPos,They Know Meh,6DJjLuVy3RzFDNa1tyMuhi,43
Tech N9ne,6UBA15slIuadJ8h2lPRPos,Tech N9ne Presents: NNUTTHOWZE - The Siqnal,02TKQCqn07U3oCpsqFzk7f,44
ITZY,2KC9Qb60EaY0kW4eH68vr3,Playlist,0fDeofONl8z64x8zlrLgWR,51
MISAMO,0IwZVmMMGE7nNXS7vN9SIo,Bouquet,3XwMdYdN6PauyBAOQxlu76,54
B.I,0UntV1Bw2hk3fbRrm9eMP6,Loved,4EImTL72CUsz3J4EvFc4h5,48
TOMORROW X TOGETHER,0ghlgldX5Dd6720Q3qFyQB,Do It Like That (Jersey Club Remix),1yoGvx9wWnrk7zFeKQ7yxH,48
BamBam,2p48L95TwEaYkSdn6R7LOr,Sour & Sweet,3bcLtU0Z3MuUhhQHIVSSX2,67
Weeekly,73B9bjqS2Z5KLXNGqXf64m,Good Day (Special Daileee),2bxQoEPkVPlCNTUACMnEbh,51
(G)I-DLE,2AfmfGFbe0A0WsTYm0SDTx,Flip It,6sIqC1PoAhfyUqfp7UBhFp,51
Jay Park,4XDi67ZENZcbfKnvMnTYsI,"妳在哪裡 (WYA) Remix (Feat. pH-1, Lexie Liu, ØZI, Masiwei)",07dT7SCgoq9ntHReX3bbqQ,49
SF9,7LOmc7gyMVMOWF8qwEdn2X,Puzzle,5QYXBAiagfRIwzlouAnJXQ,52
(G)I-DLE,2AfmfGFbe0A0WsTYm0SDTx,Eyes Roll,6vVO2TX7x8yUICULlFZwGH,51
xikers,6QHP8St0MzfNDqjKpwtMht,Sunny Side,2MUwrlb8G1juxSFY05uSG5,47
Xdinary Heroes,1khChLj7REGqjM043PlYyn,checkmate,5lf1b9tl8AFlZudBAkppBZ,51
Unknown Mortal Orchestra,1LeVJ5GPeYDOVUjxx1y7Rp,Swim and Sleep (Like a Shark),265ehI4I7NfR8PmAXdpspn,48
SEVENTEEN,7nqOGRxlXj7N2JYbgNEjYH,CALL CALL CALL!,31d4AK9HwMELTaoTZKVz5v,54
H1-KEY,5GwQwY63I9hrUUFlQB8FYU,SEOUL (Such a Beautiful City),0SRAuCAtprYCuoks38G5GU,48
Unknown Mortal Orchestra,1LeVJ5GPeYDOVUjxx1y7Rp,Layla,3VZrMjHeYvUrFGKeG7B62D,48
PURPLE KISS,62T5PGHWJ9sxP2SJq20IHq,Autopilot,0AM8lPGURJy8yBQ0tlhlOI,47
tripleS,5Z71xE9prhpHrqL5thVMyK,Seoul Sonyo Sound,0OF5cogdavih7UNqaRiKtN,48
SUNMI,6MoXcK2GyGg7FIyxPU5yW6,Calm myself,0oOQEVd7D7peOKaQCQk6fp,50
TAEMIN,13rF01aOogvnkuQXOlgTW8,Draw - Instrumental,4v1h399WmA0oRVbwas6o49,0
TAEMIN,13rF01aOogvnkuQXOlgTW8,Draw,6tb0S6rSzgrf5sgeUPL8sr,0
TREASURE,3KonOYiLsU53m4yT7gNotP,STUPID,5bmDeCYksJWvW95E2rSH2G,45
Whee In,0BqRGrwqndrtNkojXiqIzL,Aphrodite,5vxuWhyN0q6ScyTBuuPlNx,49
XG,0LOK81e9H5lr61HlGGHqwA,SHOOTING STAR - BARS REMIXX FEAT. RICO NASTY,5v3qDpknNxse3vx19aJ6RX,52
Dafina Zeqiri,6V6mxrGG67IyLFy2l4poNZ,SI MUA,0kxmrAmFaEI0lQ8MZ6nXGM,65
Tech N9ne,6UBA15slIuadJ8h2lPRPos,Tell Everyone,2K78iYjQO8RgQ3aNJQ8PrC,43
tripleS,5Z71xE9prhpHrqL5thVMyK,Heavy Metal Wings,1EA9PYGIuSxdN0ir72HhWv,49
MONSTA X,4TnGh5PKbSjpYqpIdlW5nz,Crescendo,17WqzLortqHvftKKGRAxXu,48
TAEYANG,6udveWUgX4vu75FF0DTrXV,Seed,49eleLPCqnwgBSICKgcL0z,45
KAI,6iVo62B0bdTknRcrktCmak,Sinner,1ObmeINgcnxdxGbPByx0zL,50
ENHYPEN,5t5FqBwTcgKTaWmfEbwQY9,Keep Swimmin' Through x Baby Shark (Dance Remix),05w1GGQQl1NEw0hEznuANx,51
Youth Fountain,5e9SnnT1mabuWwjwu6FrZD,Twin Flame,08Uz0tVZ6wamK2QddKAIyr,44
Tech N9ne,6UBA15slIuadJ8h2lPRPos,The Siqnal,4QinbcTdweDpHjq7jJdT5n,43
ENHYPEN,5t5FqBwTcgKTaWmfEbwQY9,Bills - Japanese Ver.,34XCh5DGAAGwwIGJoQpzU5,54
B.I,0UntV1Bw2hk3fbRrm9eMP6,Alone (feat. TYTAN),7n5DjKptU1CUlyfbKeWEtq,47
xikers,6QHP8St0MzfNDqjKpwtMht,Skater,2XIAyrfqLiI5gWpZGRUtu9,46
Youth Fountain,5e9SnnT1mabuWwjwu6FrZD,Roses In My Backpack,2q406shpm1XyzwIhLj4UQq,44
Xenia Manasseh,2J4IvVbi2h1wB2A0p5kd86,Wild Ride - A COLORS SHOW,4Ypa7u8GYWX0u0wP5wntsU,54
TREASURE,3KonOYiLsU53m4yT7gNotP,RUN,0ysmlwFy5XcYm1tVJFaE2U,45
TREASURE,3KonOYiLsU53m4yT7gNotP,LOVESICK,7glixbukBA4wh4yD0d1PM3,44
Xdinary Heroes,1khChLj7REGqjM043PlYyn,Come into my head,0zVIAmMwXNXCg7gqVVZMzA,50
P1Harmony,3JjvsPeGMbDJqsphe2z8xU,Heartbeat Drum,2P3wBy0Ljm2URED3zczeMr,47
tripleS,5Z71xE9prhpHrqL5thVMyK,Complexity,3G6MWQZFWoBtCYaForGy4H,48
NCT DREAM,1gBUSTR3TyDdTVFIaQnc02,Pretzel (♡),0fkDXdD3xFwqBP4Qi7W4VN,46
Whee In,0BqRGrwqndrtNkojXiqIzL,On The Island,6xazDXOamFXROEP9MZEjup,49
LE SSERAFIM,4SpbR6yFEvexJuaBpgAU5p,Blue Flame - Japanese ver.,6FnZShD1O17bZa9emuXLXh,54
PURPLE KISS,62T5PGHWJ9sxP2SJq20IHq,Intro : Save Me,3KqT01ueyj9aGj4nJHE2DK,46
TAEYONG,6SKusTjOAPsTZ6kareKQdm,GWANDO,2ApyDSmXYTxCvWVnycOZMP,54
Yll Limani,2qI59HaiEtvev8vnUkmRpT,Kaje,2YLckWifxpJK1gez1AGDl0,60
B.I,0UntV1Bw2hk3fbRrm9eMP6,S.O.S,396WN7DfSy5jVXiavgqmjT,47
Jung Seung Hwan,7l8rOFwZFQ3G0sgZ7gjGng,Get To You,2S8mZn8qjT8udtuoCziMPf,58
NMIXX,28ot3wh4oNmoFOdVajibBl,Roller Coaster,47ddsgWAC3q16lAmOSMTkr,48
Tech N9ne,6UBA15slIuadJ8h2lPRPos,Wess Paul Bennett,40WsHRwyU1jNj9QmYOnnYM,42
BOBBY,7ieMQQDR0bdBPz572mtxwS,f,02Nkt660XIvXwZQf9bkwh6,53
TAEYONG,6SKusTjOAPsTZ6kareKQdm,404 File Not Found,6SffogZPxb2oXoo5DCLzt3,52
Youth Fountain,5e9SnnT1mabuWwjwu6FrZD,Fallen Short,6CzUEClO6StUihnE2hnkDy,43
Cherry Bullet,3IJCdgkBZbieocLZ4e94GZ,P.O.W! (Play On the World),2FgeeDfd0MeBi1bT8MP6ni,47
Stray Kids,2dIgFjalVxs4ThymZ67YCE,Super Bowl -Japanese ver.-,4j5BNv9LtiSkFLdvv06T0T,51
Bien,2zhossaaVN2pXg5p8o101X,My Baby,4QI32cLrF64ZTPfIHwIH5w,54
xikers,6QHP8St0MzfNDqjKpwtMht,Run,5Ae7aCUbM9MNmjj8pQbEVt,45
VIXX,5BkB3rXc0qIdUtuEnhbK0A,Amnesia,6tIIC3K58Sk6Et8KYmynez,52
BLITZERS,3Exoh42YMeqnUvYahAGgUE,Macarena,2uNUAaUtyzy75qSwiVAa5Q,50
Anselmo Ralph,1ts2oIXKCpWSRFnR78bulp,Mil y Una Noches,28VRHYVnhHIQMidDKOW1Qk,55
XG,0LOK81e9H5lr61HlGGHqwA,SHOOTING STAR - CHILL REMIXX,6x6EnQMBGshAX5kIj4vlyo,52
Jack Harlow,2LIk90788K0zvyj2JJVwkJ,Blame On Me,76hpb4zuwh6bsBZCDfVYJy,46
JEONG SEWOON,2l9aF9jOgB7GI1uyNkx836,Fall in Love,2caagUVhaFFpWXop75bSt8,57
HYOLYN,78sJswwVn4P8aEhkF4K6fQ,Chemistry (Prod. Czaer),67apFn1yn2GNtLjNk3syQI,52
MONSTA X,4TnGh5PKbSjpYqpIdlW5nz,Daydream,1UbjPSgETXPg3bdzYLCrhO,47
Emarosa,68tKVjVvcqUfKFFLr2j0Ek,Again,0Eef5uHiJVJO0nt4Zo4QCd,42
Kep1er,5R7AMwDeroq6Ls0COQYpS4,The Door,74ecKkKxLkIOal5CbX9bbZ,48
tripleS,5Z71xE9prhpHrqL5thVMyK,Enhanced Flower,1CSW8BLvSUd7AGGGSs52ji,48
KISS OF LIFE,4TEK9tIkcoxib4GxT3O4ky,Play Love Games (HANEUL Solo),0VTUCVuiOcMnCdGf63ywHu,49
THE BOYZ,0CmvFWTX9zmMNCUi6fHtAx,We are,63LRh32O1eE0NbN2JsA8Rx,53
Youth Fountain,5e9SnnT1mabuWwjwu6FrZD,Identical Days,2rz7Mpa5QBShuFp0FkaZLt,43
Xdinary Heroes,1khChLj7REGqjM043PlYyn,Bicycle,1abEhzM7SMGvrBKF8n0wlq,50
HENRY,1sjw4xq2pAWy5Vdgba5QAt,SUMMER SKY,6QGzdTyc42vrNaQP3uH4jO,51
KARD,2JhAlkmukNvarUpGhTFXUQ,Fireworks,0d11VgTbOQ5xHHEFvX7i4n,48
NMIXX,28ot3wh4oNmoFOdVajibBl,HOME,0nYtg6MqCDmolLI5vsSAy1,48
Whee In,0BqRGrwqndrtNkojXiqIzL,I Know I Know I Know (Beyond),5Pyv78q3DTzl2nZXwJ7E0o,49
P1Harmony,3JjvsPeGMbDJqsphe2z8xU,JUMP (English Version),7yjOkyF3S0Xp3r7vIIHZVv,45
Kep1er,5R7AMwDeroq6Ls0COQYpS4,"Tropical Light (Sung by YUJIN, XIAOTING, YOUNGEUN, YESEO)",47TG54I4zDgIypM4KHpcUa,47
TOMORROW X TOGETHER,0ghlgldX5Dd6720Q3qFyQB,紫陽花のような恋 (Hydrangea Love),5afpl2cZ88bvEfeBmpwX6m,52
MAMAMOO+,2uGx10VkBrI3GBvnQl81du,GGBB,04qiPs2ScJrI7hgQ8mz4im,50
SHINee,2hRQKC0gqlZGPrmUKbcchR,The Feeling,6v9jWAmaqoBtkAyRp3H2WS,49
Kwon Jin Ah,0kRAVpQhUUArA8UnYwEdeZ,The Universe,0jcYPu6AvX7j9234LKB9Ee,53
Billlie,2GQxKDojobwBjZMPf7aoh0,nevertheless,26fVl2CYeXXxD4yEqmhrpM,46
ONEW,7sZ5ipSoboWdqXkdj6AXHo,O (Circle),7qVWT4IvUK7xI82QmaPnwa,47
WOODZ,6y9nlaoynxSvoTGY09Vdcy,Journey,6dxgKYAH0TvoSb16xD30rD,50
ITZY,2KC9Qb60EaY0kW4eH68vr3,SUPERPOWERS,2T0cn0hvGrG8vqqB8sK4zX,53
MAMAMOO+,2uGx10VkBrI3GBvnQl81du,Chico malo,7kDmaRZ2kbxqcsJrynRR8i,50
AILEE,3uGFTJ7JMllvhgGpumieHF,RA TA TA (Feat. Lil Cherry),37WwbTpUvG0Vi4kvGY14nP,50
Tech N9ne,6UBA15slIuadJ8h2lPRPos,Death Tries Like An F5,1nll7b2f8VYksP3JjGAU3C,42
TOMORROW X TOGETHER,0ghlgldX5Dd6720Q3qFyQB,紫陽花のような恋 (Hydrangea Love),31PF8eu76bgCLNzNm0ZmBX,56
BIBI,6UbmqUEgjLA6jAcXwbM1Z9,Hangang Gongwon,58DPUgbOVwsLfAOs2oQBk9,47
Kep1er,5R7AMwDeroq6Ls0COQYpS4,Love on Lock,2HznwV9951XB9S6Jz8IJUy,48
fromis_9,24nUVBIlCGi4twz4nYxJum,My Night Routine,0xfc5fhSz1FmSTvwDOwTR8,45
(G)I-DLE,2AfmfGFbe0A0WsTYm0SDTx,Tall Trees,4qGqErATT5F1RHayEJbOtT,49
STAYC,01XYiBYaoMJcNhPokrg0l0,LIT,5Wi1nGdQoyMxwFwKYxiaeN,0
Tech N9ne,6UBA15slIuadJ8h2lPRPos,Drill Sergeant,6PZo5se6fU1qBkwB7xWoM2,41
JOONIL JUNG,2dhnFfsPxve8lzhwfXVFpS,A Song For You,2rZ9DFCQ1BvqGhEpwZY4xU,58
TWICE,7n2Ycct7Beij7Dj7meI4X0,SET ME FREE (ARMNHMR Remix) (ENG),6rEskoR1IPe8099gp8N5AL,49
tripleS,5Z71xE9prhpHrqL5thVMyK,Cherry Talk,7CmjviM3EY4Xi7w8VzeULP,47
CRAVITY,6FkhUhUwSPl3mGB6mmE8wn,FLY,1viV8VmcnieDaPOFSri8YO,46
Tech N9ne,6UBA15slIuadJ8h2lPRPos,W H A T (We're Hungry And Thirsty),4e2ySWd3bTj5KSiyJN3ndG,41
KINGDOM,0p5Ot7c8cFHtS82hd1WBN3,COUP D’ETAT,48FbddQqJQzVP0CTkV8TZg,47
AILEE,3uGFTJ7JMllvhgGpumieHF,I′m Sorry,3LUkaacGXrVcn8jo29Vymi,54
Woody,37ZY7eIcTT28id2jfq8WYw,Flower in the Desert - Kor Version,7M3POeMOBCs6pwtDkVhBTi,50
B.I,0UntV1Bw2hk3fbRrm9eMP6,4 Letters (feat. James Reid),3pL4fo9hYcN6NrqQvGagBh,46
LE SSERAFIM,4SpbR6yFEvexJuaBpgAU5p,UNFORGIVEN - Japanese ver.,31cPtAsM5gjCeQYhlwbIBD,51
Whee In,0BqRGrwqndrtNkojXiqIzL,Dance 4 You,38WfR73vuaWr2mIOjw9mLU,49
Kim MinSeok,3CHn74oCO6xiThDGQcDMeA,Never Ending Story,64104XJ1QlSXdsMkZJ8tnd,53
TEMPEST,1iyFL3CRuKW7PXgPH4VxSP,DIVE,1CbdvkjFxRkMNu3M2Cq1Hc,56
SHINee,2hRQKC0gqlZGPrmUKbcchR,Insomnia,4Zdw9Oh04fFclpTPXVH6y6,47
fromis_9,24nUVBIlCGi4twz4nYxJum,In the Mirror,0FKgAMwHRaJANpIiCInC2h,45
Whee In,0BqRGrwqndrtNkojXiqIzL,Breeze,6jXJlfZ3O43XYbiIJIpVB4,48
The Rose,5na1LmEmK2VzNLje9snJYW,Back To Me,6CO2Pilo39SdzIWH4bn6Ux,48
Tyson Yoshi,3dayhmhJfL4I8w1PuL9MqQ,你不會一輩子的愛上我,5FbxrTeMrO3zbLe3uLbYH7,61
GOT the beat,6uNxlIP5lzPFf0BHuELOuX,Rose,1Bu2ogfsVZauj3IOvKJSNy,48
tripleS,5Z71xE9prhpHrqL5thVMyK,37.5 Celsius,7D6kLCaqE1WUwHCOSHPWJe,47
THE BOYZ,0CmvFWTX9zmMNCUi6fHtAx,Passion Fruit,2XeRqG1KqX9WV0LeNaL5Ze,47
BIG Naughty,7cEaNXXTHx3LokbjUUyHal,Hopeless Romantic (Feat. LEE SUHYUN),0LY4jOJChwNOYUp2dTNEss,51
ITZY,2KC9Qb60EaY0kW4eH68vr3,Spice,2uIZvCteW9ZapDvSkfRJ69,48
IVE,6RHTUrRF63xao58xh9FXYJ,WAVE,4KbAeP4MzcufUQUPjqTFyJ,50
EVERGLOW,3ZZzT0naD25RhY2uZvIKkJ,Make Me Feel,5bXiPL39Zz9ADxgB9CG4eF,46
INFINITE,1bkpTEmumLC3xc7HgMsttU,New Emotions,5fu1d5IE7fSnFPZ0hydoq0,50
Unknown Mortal Orchestra,1LeVJ5GPeYDOVUjxx1y7Rp,The Garden,0xUeLKG6g1vGXSlHDsLKAf,45
SHINee,2hRQKC0gqlZGPrmUKbcchR,10X,21YNLIVSqtfGseAVrLnz7R,47
NINTYSIX,6PR5lyCpN2aFKgHUvY9B3O,SuperCharger,6dh7woGX8OfRUFanTAGhp4,51
HEIZE,5dCvSnVduaFleCnyy98JMo,VingleVingle (Prod. R.Tee),4mSb6RA9eJnXuMWChHLpgn,47
FIFTY FIFTY,4GJ6xDCF5jaUqD6avOuQT6,Cupid - Instrumental,5UwtK1ivT8kvtVmN8886VC,47
PURPLE KISS,62T5PGHWJ9sxP2SJq20IHq,T4ke,3hDB8HsTgd3TePDsEulE97,44
TAEYONG,6SKusTjOAPsTZ6kareKQdm,Virtual Insanity,3axUFP2RsTNTtz3gh3M8jK,51
Jack Harlow,2LIk90788K0zvyj2JJVwkJ,Questions,6PQB42elTCFABaEyY7WX7R,44
PURPLE KISS,62T5PGHWJ9sxP2SJq20IHq,Biscuit,0EMSRWD0GpsNObz1aBDAPn,43
IVE,6RHTUrRF63xao58xh9FXYJ,Classic,6jSnUhuqsXWsmlTxvRDzl3,49
TREASURE,3KonOYiLsU53m4yT7gNotP,WONDERLAND,6OmHcaaSV2xVENrnL7Ep8v,43
(G)I-DLE,2AfmfGFbe0A0WsTYm0SDTx,I DO,4J1AUUtkxefSV7FpwmdQzR,48
SEVENTEEN,7nqOGRxlXj7N2JYbgNEjYH,Happy Ending,6bk9pQwgyR4ihccicvOL9L,52
iKON,5qRSs6mvI17zrkJpOHkCoM,Tantara,07yTrKM5LJmKFfLyASA7O8,51
fromis_9,24nUVBIlCGi4twz4nYxJum,Wishlist,1zdl1HSCwuhwPIof0eADzj,44
iKON,5qRSs6mvI17zrkJpOHkCoM,U,4LKcNaDtBhpTN4rUVuRj0B,51
Deva,1aXtuiimQwgW8Xqztgp4Kf,Kaiya Idhu,4mmnx2ZsA2tgzarbJDzWvY,0
Deva,1aXtuiimQwgW8Xqztgp4Kf,Seethatin Kaiyai Thotta,0RIg65vEwbzbPjbMfQSr1N,0
Deva,1aXtuiimQwgW8Xqztgp4Kf,Aatha Muthu Mariyamma,6qXdKKyDMPmgXV4vl4xP3J,0
Standing Egg,6a3Mfrn2XBR1DfPg1QGa1d,You’re Precious,0grAbqXDOJDerhzeYB4wy3,55
Deva,1aXtuiimQwgW8Xqztgp4Kf,Eppo Mama Kacheri,3XEoJykw6GTqR2Lw4iIgTQ,0
Deva,1aXtuiimQwgW8Xqztgp4Kf,Oh Lovely,5r5fGnsabAw1KjAco7EELg,0
Deva,1aXtuiimQwgW8Xqztgp4Kf,Veeranthan,1TYsaiPYPRIXcGxM8GXwTC,0
Deva,1aXtuiimQwgW8Xqztgp4Kf,Pasamulla Pandiyare,3KMr603za4W2zJqIG4glJB,0
Deva,1aXtuiimQwgW8Xqztgp4Kf,Manna Thottu Kumbidanum,3chkR1nkzOCjC0hmV39Mpa,0
Deva,1aXtuiimQwgW8Xqztgp4Kf,Discovery Channel,2VEjbeFeHdE1FpINX4FZKb,0
YOUNITE,4l4eMvpA4K7X02j08cbkNV,Love it,574gYm7iFWEUO4DbF5NGEF,46
Deva,1aXtuiimQwgW8Xqztgp4Kf,Enaku Indru Deepavali,6p7DKTUxgwuC23v43VcYcU,0
Deva,1aXtuiimQwgW8Xqztgp4Kf,Rukku Rukku,0TxMCQbsgQmTJEcH2pMBQW,0
Kevin Morby,6fxk3UXHTFYET8qCT9WlBF,Dance With Me Child,10RRcep6tcFnzA8mHQVdCa,48
SEVENTEEN,7nqOGRxlXj7N2JYbgNEjYH,舞い落ちる花びら（Fallin' Flower）,6toOcGbnoQgsExJB9gIjMD,51
Emarosa,68tKVjVvcqUfKFFLr2j0Ek,Attention,4zVjnJH7sMX1B2Ls32SzgV,40
TOMORROW X TOGETHER,0ghlgldX5Dd6720Q3qFyQB,Do It Like That (Jax Jones Remix),2FwNVwldrtc8454bYU5a9g,48
my little airport,3yfDRplDZh03Y0fEeCd6B0,駱駝,6j9BoWu8ows9OtIeSePZ9K,49
ITZY,2KC9Qb60EaY0kW4eH68vr3,Voltage,7s6VLoIRXAwV6seA6rn5iC,47
MONSTA X,4TnGh5PKbSjpYqpIdlW5nz,LONE RANGER,0R4axRx5Y4rwYY22UZhx2e,46
TREASURE,3KonOYiLsU53m4yT7gNotP,G.O.A.T (RAP Unit),6Tb0YsLZ3V6M0EiNobm7Fi,43
Jimin,1oSPZhvZMIrWW5I41kPkkY,Angel Pt. 2 - Sped Up,6aB2aRNg9gTj6XMQkW0yQk,50
P1Harmony,3JjvsPeGMbDJqsphe2z8xU,New Classic,0FP2JZyC9Y8WjkB9xGS6mW,45
Apink,2uWcrwgWmZcQc3IPBs3tfU,D N D,1XrPkH2rQYgVMJeIMdUbRU,47
ONEUS,3CVYSpM7nfHFG5qCTW7Ht9,Simulation,5tL0w2xPkpc7WixVRXfAeI,48
WayV,1qBsABYUrxg9afpMtyoFKz,Welcome To My Paradise,3peCAGvd86EKfjlYELknUB,48
Roy Kim,3ErHVJMsxTq2lLSmnONBm9,Let's Stay Well (My love X Roy Kim),3BlFzuu8yqE4bMrHKTViee,51
KyoungSeo,4rxWm4OrS8IRQ3YxDUwnJA,Everyday With You,4FpNWU5qCPCZR7LkuyuJr7,55
TOMORROW X TOGETHER,0ghlgldX5Dd6720Q3qFyQB,Back for More (with Anitta) (Performance Ver.),4TtwFAgN5WEJKUuMUv1hcP,48
CLASS:y,3jcfHmXvjOgHzfyVE55GzZ,Crack-Crack-Crackle,4cFkNoWvPbLJSe7bay50sI,50
tripleS,5Z71xE9prhpHrqL5thVMyK,Black Soul Dress,6yN4vsxR9j1BAzxEdy7qlL,46
TOMORROW X TOGETHER,0ghlgldX5Dd6720Q3qFyQB,Do It Like That (Pop R&B Remix),5W1MGvhp0nDigx1vfYTaO8,47
PURPLE KISS,62T5PGHWJ9sxP2SJq20IHq,Mistake,76R1dAYusO6jBOCdSYmLW1,43
EPEX,4e2umhzNHTSeQnSCWPN0uT,FULL METAL JACKET,3DdEFAs5UmTIYIoDXTjD5U,47
Gaho,3ybZTNrlK0QhL4rBxfLHOc,Yellow Light,55187ICycOt3kwQa9Vurne,56
GOT the beat,6uNxlIP5lzPFf0BHuELOuX,Alter Ego,08pPhcvPmphUEx3pEBZwGZ,47
Loco,2e4G04F77jxVuDYo44TCSm,Just Like This (Feat. george),47NJQJ5IJiNhSWbE6Ahytx,47
Rocket Punch,4hozqATxbpy9TwKWRT8QVO,BOOM,7snU7ER25gz87VKZ53ejS8,47
Kep1er,5R7AMwDeroq6Ls0COQYpS4,Happy Ending,5wNbNbdfejtmNYq4jaMGWF,45
aespa,6YVMFz59CuY7ngCxTxjpxE,Better Things - Dance Remix,62Q8xON11csaJlfmRF7Y5O,50
TAEYONG,6SKusTjOAPsTZ6kareKQdm,Move Mood Mode,4m4G6vkkOHy9zlIPm6nwea,51
KEY,6XXKPxRX2WWPPtfodzpc2v,Can't Say Goodbye,020u6AekCG9lytydtX5pVu,47
TREASURE,3KonOYiLsU53m4yT7gNotP,Here I Stand,2muMPwLTvz3tnGg5Jz4rjA,55
Youth Fountain,5e9SnnT1mabuWwjwu6FrZD,Haiku,2Z9dvJ3CURZjxdulvjGqPR,41
ODD EYE CIRCLE (ARTMS),10NiYZbV1kGr5cBygKTS5J,Sweet Crazy Love (Eng Ver.),3avDhp28YJx5z8luF4ne6P,48
SUNMI,6MoXcK2GyGg7FIyxPU5yW6,Lights Out,1z7X7lFkoF2KRoDaxUfN99,47
Youth Fountain,5e9SnnT1mabuWwjwu6FrZD,Fallen Short,1mbnRS3a0TgqsrahokSF43,42
tripleS,5Z71xE9prhpHrqL5thVMyK,Colorful,3eTsQnDR30FXtkyOYFazC7,45
ITZY,2KC9Qb60EaY0kW4eH68vr3,Blah Blah Blah,3hkxNGdl5GOOruFDsKbBoy,47
Youth Fountain,5e9SnnT1mabuWwjwu6FrZD,Roses In My Backpack,0unmFukTNfCHAXM7jsYREn,42
Suresh Wadkar,0w4e7HVbqAHFPN6VkIlvhe,Huzur Is Kadar - Chill Trap,1wLlrxFStxz4QsplKr5q6t,0
Youth Fountain,5e9SnnT1mabuWwjwu6FrZD,A Few Notes For Orpheus,42gMHlHVsmcZyesCGDaY9u,41
Suzy,4U80LJd8sG6U9YTFP5izka,R.U.N,6ZRkGwxywPUmjPLglrfqlq,50
CRAVITY,6FkhUhUwSPl3mGB6mmE8wn,Cheese,4pJONzTRaCfshJdrN051lr,46
Loco,2e4G04F77jxVuDYo44TCSm,PIKPIK,7B79L66MsXNrJPaIlRu7hS,46
SHINee,2hRQKC0gqlZGPrmUKbcchR,Sweet Misery,3n8FLiCA7kzqfWdRk450VJ,47
SHINee,2hRQKC0gqlZGPrmUKbcchR,Like It,4LeToSXpuo4XGo6an5ecAq,48
Youth Fountain,5e9SnnT1mabuWwjwu6FrZD,Patterns,6Pagqt0g3WyKIblKiRKSep,41
The Beths,7DjwIxbe8kpw4pqnzAMoin,Watching The Credits,65yCbkRvxWK69hV6ORTK7t,40
Aashish Yadav,6Q7zxRpatEpouz1e7dLbsG,Haradiya Re,5F1ZsRdeYHJyIv5oYoEwrV,47
BIG Naughty,7cEaNXXTHx3LokbjUUyHal,Fxxxnds (Feat. Kim Min Seok of MeloMance),0S2GNnqAHC96zqB8ZIcxg4,49
ODD EYE CIRCLE (ARTMS),10NiYZbV1kGr5cBygKTS5J,Did You Wait?,5wfZbLJ1tfLhsA3AYHrANx,44
Whee In,0BqRGrwqndrtNkojXiqIzL,Bittersweet,0LuFJ3vQshqQUx0dTt8yYv,47
STAYC,01XYiBYaoMJcNhPokrg0l0,Poppy (Korean Ver.),7KqISJoXbapng18bmmG0oa,46
tripleS,5Z71xE9prhpHrqL5thVMyK,Oui,3LAtZiyrPu2QJFbipsDRWH,45
LE SSERAFIM,4SpbR6yFEvexJuaBpgAU5p,ジュエリー (Prod. imase),27Ktms54Maeges2VYdsnec,49
SEVENTEEN,7nqOGRxlXj7N2JYbgNEjYH,24H,5jXlUt3NS0iu7pHYPqpK2O,50
Youth Fountain,5e9SnnT1mabuWwjwu6FrZD,Identical Days,4hrptHq1WUVnUIsZpyt3YE,41
Suresh Wadkar,0w4e7HVbqAHFPN6VkIlvhe,Raja Pandharicha,6F8fI2NGLRvyJBH55RFIzR,0
Suresh Wadkar,0w4e7HVbqAHFPN6VkIlvhe,"Om Hai Jeevan Humara (From ""Arya Satsang"")",0ssMLAnlkvdZLizNjIaBYN,0
Suresh Wadkar,0w4e7HVbqAHFPN6VkIlvhe,Nachu Gavu Vithu Nave,5AhfS3dXXmzxxpqmGpPkVA,0
Suresh Wadkar,0w4e7HVbqAHFPN6VkIlvhe,"Shriman Narayan (Traditional Dhun) [From ""Shriman Narayan (Traditional Dhun)""]",5Ow8g1arXfSprP3MJDn4uJ,0
I.M,49tkHHS0mXwa5eLYvyvKyd,Habit,1RQqbSlookHZBgm5Cf3Sg4,46
Emarosa,68tKVjVvcqUfKFFLr2j0Ek,Woman,3rGAu4qRYLgF0hrxyLq7oe,40
Lyn,1A6WCseWiK22oxqodg7vcy,I'll Always Be With You,0qXAC2U4E9XjF0FeGRsMh7,53
Stray Kids,2dIgFjalVxs4ThymZ67YCE,CASE 143 -Japanese ver.-,24c1YnlFKxrAPINd69UlLd,52
OMEGA X,2FJYWlqgtoiBtXpOy9GGIF,Touch,3DcQsEslVSMW4qFDzFAd7l,44
Weeekly,73B9bjqS2Z5KLXNGqXf64m,ODYSSEY,7hf0gThVJS19J6ZOITDCDp,44
fromis_9,24nUVBIlCGi4twz4nYxJum,Bring It On,2a1qLwJOAc2uYTrcs0cLhQ,42
Emarosa,68tKVjVvcqUfKFFLr2j0Ek,Cinnamon,1gRWoklE6IT3eVP7mSlFwd,39
NCT DREAM,1gBUSTR3TyDdTVFIaQnc02,Beatbox - English Version,6q7sF4ctWUSf76T6VJ6Bu9,53
Whee In,0BqRGrwqndrtNkojXiqIzL,Here I Am,7I9PFafS70EQLp2WirTgFj,48
HENRY,1sjw4xq2pAWy5Vdgba5QAt,Real Love Still Exists,0lJxsFybSunQWH4MQNIyCo,48
george,2pRZp2WxvnWWiSPcSSYkNV,ANYWHERE ANYTIME,67sYclP23NAkhQwYciJd16,47
Xenia Manasseh,2J4IvVbi2h1wB2A0p5kd86,I Lay (feat. Xenia Manasseh),3OfnodXWoUyR7bgKckTe5p,46
MAMAMOO+,2uGx10VkBrI3GBvnQl81du,dangdang,4wp725MlpbUiyn1NcTMHJ6,48
tripleS,5Z71xE9prhpHrqL5thVMyK,New Look,79mHno2xjCr4Br0KvRPcdb,46
KEY,6XXKPxRX2WWPPtfodzpc2v,Intoxicating,58FJAeW57iNe6K34hcOAu8,45
Yll Limani,2qI59HaiEtvev8vnUkmRpT,Per kon je zbukuru,3dETUH3KaqOo8Hgyne8LkR,56
MONSTA X,4TnGh5PKbSjpYqpIdlW5nz,Deny,7Kg8zkls7jEP5H89mCG1vz,44
Epik High,5snNHNlYT2UrtZo5HCJkiw,On My Way (Feat. Jackson Wang),5vaR767DFNrbwosqbdJRD0,44
Tech N9ne,6UBA15slIuadJ8h2lPRPos,Badge Of Honor,00zTOKDOuVKuwOe7lSBble,39
Majid Almohandis,2YquYFTCdzTnrcxZzzrNbj,جننت قلبي,6PnSITYfgUE5vTCLRy3Y8S,48
WOODZ,6y9nlaoynxSvoTGY09Vdcy,Deep Deep Sleep,3Lqqyxa50G38xD98547B1Z,45
TAEYEON,3qNVuliS40BLgXGxhdBdqu,Melt Away,2cZtazNq0IRRFymK7UaRa0,55
TAEYEON,3qNVuliS40BLgXGxhdBdqu,Burn It Down,1y8tPIOh9kR3eQE6TeBCwe,54
TAEYEON,3qNVuliS40BLgXGxhdBdqu,Nightmare,3dmZOzXDFXEZXdjPqJJPKt,53
TAEYEON,3qNVuliS40BLgXGxhdBdqu,To. X,2gyCwrOcC6JBoaJ8JGJ7T8,59
A.C.E,25KT93FeotUTHC1dbLasxi,Effortless (Kor Ver.),3IXVEDbNRgOgdHYh1vXLeh,45
